loan_id,snapshot_month,outstanding_balance,scheduled_payment,days_past_due,dpd_bucket,risk_tier,loan_status_snapshot,watch_list_flag
LN-20001,2026-04-01,780800.0,11436.33,0,Current,3,Active,N
LN-20001,2026-05-01,773319.73,11436.33,0,Current,3,Active,N
LN-20001,2026-06-01,765801.55,11436.33,0,Current,3,Active,N
LN-20001,2026-07-01,758245.28,11436.33,0,Current,3,Active,N
LN-20002,2024-08-01,246882.55,1545.07,0,Current,3,Active,N
LN-20002,2024-09-01,255699.0,1600.25,0,Current,3,Active,N
LN-20002,2024-10-01,231256.68,1447.28,0,Current,3,Active,N
LN-20002,2024-11-01,169519.64,1060.91,0,Current,3,Active,N
LN-20002,2024-12-01,250723.4,1569.11,0,Current,3,Active,N
LN-20002,2025-01-01,209379.36,1310.37,0,Current,3,Active,N
LN-20002,2025-02-01,286903.9,1795.54,0,Current,3,Active,N
LN-20002,2025-03-01,274733.03,1719.37,0,Current,3,Active,N
LN-20002,2025-04-01,289961.93,1814.68,0,Current,3,Active,N
LN-20002,2025-05-01,399944.87,2502.99,0,Current,3,Active,N
LN-20002,2025-06-01,340236.04,2129.31,0,Current,3,Active,N
LN-20002,2025-07-01,295450.07,1849.03,0,Current,3,Active,N
LN-20002,2025-08-01,236911.17,1482.67,0,Current,3,Active,N
LN-20002,2025-09-01,253142.84,1584.25,0,Current,3,Active,N
LN-20002,2025-10-01,204039.84,1276.95,0,Current,3,Active,N
LN-20002,2025-11-01,222736.82,1393.96,0,Current,3,Active,N
LN-20002,2025-12-01,231714.53,1450.15,0,Current,3,Active,N
LN-20002,2026-01-01,241589.21,1511.95,0,Current,3,Active,N
LN-20002,2026-02-01,147178.05,921.09,0,Current,3,Active,N
LN-20002,2026-03-01,419224.42,2623.65,0,Current,3,Active,N
LN-20002,2026-04-01,401876.76,2515.08,0,Current,3,Active,N
LN-20002,2026-05-01,418590.92,2619.68,0,Current,3,Active,N
LN-20002,2026-06-01,276917.69,1733.04,0,Current,3,Active,N
LN-20002,2026-07-01,206488.52,1292.27,0,Current,3,Active,N
LN-20003,2024-08-01,231753.82,1591.38,31,30-59 Days,3,Active,N
LN-20003,2024-09-01,288805.23,1983.13,43,30-59 Days,3,Active,N
LN-20003,2024-10-01,208376.98,1430.86,0,Current,3,Active,N
LN-20003,2024-11-01,150968.21,1036.65,1,1-29 Days,3,Active,Y
LN-20003,2024-12-01,170877.44,1173.36,8,1-29 Days,3,Active,N
LN-20003,2025-01-01,237662.35,1631.95,2,1-29 Days,3,Active,N
LN-20003,2025-02-01,325236.95,2233.29,5,1-29 Days,3,Active,N
LN-20003,2025-03-01,406193.17,2789.19,48,30-59 Days,3,Active,Y
LN-20003,2025-04-01,351525.84,2413.81,32,30-59 Days,3,Active,N
LN-20003,2025-05-01,373187.9,2562.56,0,Current,3,Active,N
LN-20003,2025-06-01,330668.0,2270.59,0,Current,3,Active,N
LN-20003,2025-07-01,218134.28,1497.86,0,Current,3,Active,N
LN-20003,2025-08-01,309966.93,2128.44,0,Current,3,Active,N
LN-20003,2025-09-01,262931.46,1805.46,0,Current,3,Active,N
LN-20003,2025-10-01,232928.1,1599.44,0,Current,3,Active,N
LN-20003,2025-11-01,278011.66,1909.01,0,Current,3,Active,N
LN-20003,2025-12-01,159669.82,1096.4,0,Current,3,Active,N
LN-20003,2026-01-01,224265.0,1539.95,0,Current,3,Active,N
LN-20003,2026-02-01,276801.32,1900.7,0,Current,3,Active,N
LN-20003,2026-03-01,368710.81,2531.81,0,Current,3,Active,N
LN-20003,2026-04-01,404631.98,2778.47,0,Current,3,Active,N
LN-20003,2026-05-01,307051.85,2108.42,0,Current,3,Active,N
LN-20003,2026-06-01,390393.29,2680.7,0,Current,3,Active,N
LN-20003,2026-07-01,226746.74,1556.99,0,Current,3,Active,N
LN-20004,2024-11-01,369200.0,4246.87,0,Current,2,Active,N
LN-20004,2024-12-01,367042.18,4246.87,0,Current,2,Active,N
LN-20004,2025-01-01,364872.16,4246.87,0,Current,2,Active,N
LN-20004,2025-02-01,362689.85,4246.87,0,Current,2,Active,N
LN-20004,2025-03-01,360495.2,4246.87,0,Current,2,Active,N
LN-20004,2025-04-01,358288.13,4246.87,0,Current,2,Active,N
LN-20004,2025-05-01,356068.57,4246.87,0,Current,2,Active,N
LN-20004,2025-06-01,353836.45,4246.87,0,Current,2,Active,N
LN-20004,2025-07-01,351591.7,4246.87,0,Current,2,Active,N
LN-20004,2025-08-01,349334.25,4246.87,0,Current,2,Active,N
LN-20004,2025-09-01,347064.03,4246.87,0,Current,2,Active,N
LN-20004,2025-10-01,344780.96,4246.87,0,Current,2,Active,N
LN-20004,2025-11-01,342484.97,4246.87,0,Current,2,Active,N
LN-20004,2025-12-01,340176.0,4246.87,0,Current,2,Active,N
LN-20004,2026-01-01,337853.95,4246.87,0,Current,2,Active,N
LN-20004,2026-02-01,335518.77,4246.87,0,Current,2,Active,N
LN-20004,2026-03-01,333170.37,4246.87,0,Current,2,Active,N
LN-20004,2026-04-01,330808.69,4246.87,0,Current,2,Active,N
LN-20004,2026-05-01,328433.64,4246.87,0,Current,2,Active,N
LN-20004,2026-06-01,326045.16,4246.87,0,Current,2,Active,N
LN-20004,2026-07-01,323643.16,4246.87,0,Current,2,Active,N
LN-20005,2024-08-01,237886.93,1736.57,0,Current,2,Active,N
LN-20005,2024-09-01,260860.11,1904.28,0,Current,2,Active,N
LN-20005,2024-10-01,240778.25,1757.68,0,Current,2,Active,N
LN-20005,2024-11-01,146011.84,1065.89,0,Current,2,Active,N
LN-20005,2024-12-01,192062.93,1402.06,0,Current,2,Active,N
LN-20005,2025-01-01,210346.66,1535.53,0,Current,2,Active,N
LN-20005,2025-02-01,258217.47,1884.99,0,Current,2,Active,N
LN-20005,2025-03-01,267274.09,1951.1,0,Current,2,Active,N
LN-20005,2025-04-01,364049.85,2657.56,0,Current,2,Active,N
LN-20005,2025-05-01,346484.11,2529.33,0,Current,2,Active,N
LN-20005,2025-06-01,314909.84,2298.84,0,Current,2,Active,N
LN-20005,2025-07-01,199862.41,1459.0,0,Current,2,Active,N
LN-20005,2025-08-01,236076.74,1723.36,0,Current,2,Active,N
LN-20005,2025-09-01,163667.05,1194.77,0,Current,2,Active,N
LN-20005,2025-10-01,171492.0,1251.89,0,Current,2,Active,N
LN-20005,2025-11-01,158714.57,1158.62,0,Current,2,Active,N
LN-20005,2025-12-01,188749.85,1377.87,0,Current,2,Active,N
LN-20005,2026-01-01,272870.14,1991.95,0,Current,2,Active,N
LN-20005,2026-02-01,277359.27,2024.72,0,Current,2,Active,N
LN-20005,2026-03-01,299805.75,2188.58,0,Current,2,Active,N
LN-20005,2026-04-01,214482.4,1565.72,0,Current,2,Active,N
LN-20005,2026-05-01,349540.53,2551.65,0,Current,2,Active,N
LN-20005,2026-06-01,307641.54,2245.78,0,Current,2,Active,N
LN-20005,2026-07-01,198777.19,1451.07,0,Current,2,Active,N
LN-20006,2024-08-01,113735.43,738.33,0,Current,2,Active,N
LN-20006,2024-09-01,136936.12,888.94,0,Current,2,Active,N
LN-20006,2024-10-01,104609.55,679.09,0,Current,2,Active,N
LN-20006,2024-11-01,137965.88,895.63,0,Current,2,Active,N
LN-20006,2024-12-01,68341.51,443.65,0,Current,2,Active,N
LN-20006,2025-01-01,135324.93,878.48,17,1-29 Days,2,Active,Y
LN-20006,2025-02-01,162902.88,1057.51,0,Current,2,Active,N
LN-20006,2025-03-01,148729.03,965.5,0,Current,2,Active,N
LN-20006,2025-04-01,169020.73,1097.23,0,Current,2,Active,N
LN-20006,2025-05-01,155494.71,1009.42,0,Current,2,Active,N
LN-20006,2025-06-01,175178.01,1137.2,0,Current,2,Active,N
LN-20006,2025-07-01,103976.58,674.98,92,90+ Days,3,Active,Y
LN-20006,2025-08-01,122791.71,797.12,160,90+ Days,3,Active,N
LN-20006,2025-09-01,65828.47,427.34,0,Current,2,Active,N
LN-20006,2025-10-01,120631.08,783.1,0,Current,2,Active,N
LN-20006,2025-11-01,115235.61,748.07,0,Current,2,Active,N
LN-20006,2025-12-01,133733.14,868.15,0,Current,2,Active,N
LN-20006,2026-01-01,100241.15,650.73,0,Current,2,Active,N
LN-20006,2026-02-01,138080.63,896.37,0,Current,2,Active,N
LN-20006,2026-03-01,196735.69,1277.14,0,Current,2,Active,N
LN-20006,2026-04-01,198617.13,1289.36,0,Current,2,Active,N
LN-20006,2026-05-01,172418.83,1119.29,0,Current,2,Active,N
LN-20006,2026-06-01,182959.55,1187.71,0,Current,2,Active,N
LN-20006,2026-07-01,150807.37,978.99,0,Current,2,Active,N
LN-20007,2025-10-01,1725600.0,15022.34,0,Current,2,Active,N
LN-20007,2025-11-01,1719910.28,15022.34,0,Current,2,Active,N
LN-20007,2025-12-01,1714189.78,15022.34,0,Current,2,Active,N
LN-20007,2026-01-01,1708438.35,15022.34,0,Current,2,Active,N
LN-20007,2026-02-01,1702655.81,15022.34,0,Current,2,Active,N
LN-20007,2026-03-01,1696841.99,15022.34,0,Current,2,Active,N
LN-20007,2026-04-01,1690996.73,15022.34,0,Current,2,Active,N
LN-20007,2026-05-01,1685119.86,15022.34,0,Current,2,Active,N
LN-20007,2026-06-01,1679211.21,15022.34,0,Current,2,Active,N
LN-20007,2026-07-01,1673270.6,15022.34,0,Current,2,Active,N
LN-20008,2024-08-01,91156.7,6009.67,0,Current,3,Active,N
LN-20008,2024-09-01,85725.88,6009.67,0,Current,3,Active,N
LN-20008,2024-10-01,80260.56,6009.67,0,Current,3,Active,N
LN-20008,2024-11-01,74760.55,6009.67,0,Current,3,Active,N
LN-20008,2024-12-01,69225.61,6009.67,0,Current,3,Active,N
LN-20008,2025-01-01,63655.52,6009.67,0,Current,3,Active,N
LN-20008,2025-02-01,58050.06,6009.67,0,Current,3,Active,N
LN-20008,2025-03-01,52409.01,6009.67,0,Current,3,Active,N
LN-20008,2025-04-01,46732.13,6009.67,0,Current,3,Active,N
LN-20008,2025-05-01,41019.21,6009.67,0,Current,3,Active,N
LN-20008,2025-06-01,35270.01,6009.67,0,Current,3,Active,N
LN-20008,2025-07-01,29484.31,6009.67,0,Current,3,Active,N
LN-20008,2025-08-01,23661.86,6009.67,2,1-29 Days,3,Active,Y
LN-20008,2025-09-01,17802.44,6009.67,25,1-29 Days,3,Active,N
LN-20008,2025-10-01,11905.82,6009.67,26,1-29 Days,3,Active,N
LN-20008,2025-11-01,5971.75,6009.67,1,1-29 Days,3,Active,N
LN-20009,2024-08-01,545790.22,4515.61,0,Current,3,Active,N
LN-20009,2024-09-01,544394.7,4515.61,0,Current,3,Active,N
LN-20009,2024-10-01,542991.22,4515.61,0,Current,3,Active,N
LN-20009,2024-11-01,541579.7,4515.61,0,Current,3,Active,N
LN-20009,2024-12-01,540160.12,4515.61,0,Current,3,Active,N
LN-20009,2025-01-01,538732.43,4515.61,0,Current,3,Active,N
LN-20009,2025-02-01,537296.57,4515.61,0,Current,3,Active,N
LN-20009,2025-03-01,535852.5,4515.61,0,Current,3,Active,N
LN-20009,2025-04-01,534400.18,4515.61,0,Current,3,Active,N
LN-20009,2025-05-01,532939.56,4515.61,0,Current,3,Active,N
LN-20009,2025-06-01,531470.58,4515.61,0,Current,3,Active,N
LN-20009,2025-07-01,529993.21,4515.61,0,Current,3,Active,N
LN-20009,2025-08-01,528507.39,4515.61,8,1-29 Days,3,Active,Y
LN-20009,2025-09-01,527013.08,4515.61,29,1-29 Days,3,Active,N
LN-20009,2025-10-01,525510.23,4515.61,25,1-29 Days,3,Active,N
LN-20009,2025-11-01,523998.78,4515.61,15,1-29 Days,3,Active,N
LN-20009,2025-12-01,522478.7,4515.61,11,1-29 Days,3,Active,N
LN-20009,2026-01-01,520949.92,4515.61,12,1-29 Days,3,Active,N
LN-20009,2026-02-01,519412.41,4515.61,17,1-29 Days,3,Active,N
LN-20009,2026-03-01,517866.11,4515.61,4,1-29 Days,3,Active,N
LN-20009,2026-04-01,516310.96,4515.61,16,1-29 Days,3,Active,N
LN-20009,2026-05-01,514746.93,4515.61,13,1-29 Days,3,Active,N
LN-20009,2026-06-01,513173.95,4515.61,14,1-29 Days,3,Active,N
LN-20009,2026-07-01,511591.99,4515.61,0,Current,3,Active,N
LN-20010,2025-10-01,795900.0,12023.94,0,Current,1,Active,N
LN-20010,2025-11-01,788538.71,12023.94,0,Current,1,Active,N
LN-20010,2025-12-01,781134.29,12023.94,0,Current,1,Active,N
LN-20010,2026-01-01,773686.5,12023.94,0,Current,1,Active,N
LN-20010,2026-02-01,766195.07,12023.94,0,Current,1,Active,N
LN-20010,2026-03-01,758659.76,12023.94,0,Current,1,Active,N
LN-20010,2026-04-01,751080.3,12023.94,0,Current,1,Active,N
LN-20010,2026-05-01,743456.44,12023.94,0,Current,1,Active,N
LN-20010,2026-06-01,735787.92,12023.94,0,Current,1,Active,N
LN-20010,2026-07-01,728074.47,12023.94,0,Current,1,Active,N
LN-20011,2024-08-01,125687.16,5410.77,0,Current,1,Active,N
LN-20011,2024-09-01,120997.0,5410.77,0,Current,1,Active,N
LN-20011,2024-10-01,116279.95,5410.77,0,Current,1,Active,N
LN-20011,2024-11-01,111535.85,5410.77,0,Current,1,Active,N
LN-20011,2024-12-01,106764.56,5410.77,0,Current,1,Active,N
LN-20011,2025-01-01,101965.91,5410.77,0,Current,1,Active,N
LN-20011,2025-02-01,97139.74,5410.77,0,Current,1,Active,N
LN-20011,2025-03-01,92285.91,5410.77,0,Current,1,Active,N
LN-20011,2025-04-01,87404.25,5410.77,0,Current,1,Active,N
LN-20011,2025-05-01,82494.6,5410.77,0,Current,1,Active,N
LN-20011,2025-06-01,77556.8,5410.77,0,Current,1,Active,N
LN-20011,2025-07-01,72590.69,5410.77,0,Current,1,Active,N
LN-20011,2025-08-01,67596.11,5410.77,0,Current,1,Active,N
LN-20011,2025-09-01,62572.89,5410.77,0,Current,1,Active,N
LN-20011,2025-10-01,57520.88,5410.77,0,Current,1,Active,N
LN-20011,2025-11-01,52439.89,5410.77,0,Current,1,Active,N
LN-20011,2025-12-01,47329.78,5410.77,0,Current,1,Active,N
LN-20011,2026-01-01,42190.37,5410.77,0,Current,1,Active,N
LN-20011,2026-02-01,37021.49,5410.77,0,Current,1,Active,N
LN-20011,2026-03-01,31822.98,5410.77,0,Current,1,Active,N
LN-20011,2026-04-01,26594.67,5410.77,0,Current,1,Active,N
LN-20011,2026-05-01,21336.38,5410.77,0,Current,1,Active,N
LN-20011,2026-06-01,16047.94,5410.77,0,Current,1,Active,N
LN-20011,2026-07-01,10729.18,5410.77,0,Current,1,Active,N
LN-20012,2026-02-01,513500.0,7838.24,0,Current,2,Active,N
LN-20012,2026-03-01,508806.94,7838.24,0,Current,2,Active,N
LN-20012,2026-04-01,504085.14,7838.24,0,Current,2,Active,N
LN-20012,2026-05-01,499334.42,7838.24,0,Current,2,Active,N
LN-20012,2026-06-01,494554.6,7838.24,0,Current,2,Active,N
LN-20012,2026-07-01,489745.5,7838.24,0,Current,2,Active,N
LN-20013,2024-08-01,365933.05,2626.61,0,Current,2,Active,N
LN-20013,2024-09-01,365255.03,2626.61,0,Current,2,Active,N
LN-20013,2024-10-01,364573.4,2626.61,0,Current,2,Active,N
LN-20013,2024-11-01,363888.14,2626.61,0,Current,2,Active,N
LN-20013,2024-12-01,363199.23,2626.61,0,Current,2,Active,N
LN-20013,2025-01-01,362506.65,2626.61,0,Current,2,Active,N
LN-20013,2025-02-01,361810.38,2626.61,0,Current,2,Active,N
LN-20013,2025-03-01,361110.41,2626.61,0,Current,2,Active,N
LN-20013,2025-04-01,360406.7,2626.61,23,1-29 Days,2,Active,Y
LN-20013,2025-05-01,359699.26,2626.61,1,1-29 Days,2,Active,N
LN-20013,2025-06-01,358988.04,2626.61,2,1-29 Days,2,Active,N
LN-20013,2025-07-01,358273.04,2626.61,7,1-29 Days,2,Active,N
LN-20013,2025-08-01,357554.22,2626.61,0,Current,2,Active,N
LN-20013,2025-09-01,356831.59,2626.61,0,Current,2,Active,N
LN-20013,2025-10-01,356105.1,2626.61,0,Current,2,Active,N
LN-20013,2025-11-01,355374.74,2626.61,0,Current,2,Active,N
LN-20013,2025-12-01,354640.5,2626.61,0,Current,2,Active,N
LN-20013,2026-01-01,353902.35,2626.61,0,Current,2,Active,N
LN-20013,2026-02-01,353160.26,2626.61,0,Current,2,Active,N
LN-20013,2026-03-01,352414.22,2626.61,0,Current,2,Active,N
LN-20013,2026-04-01,351664.22,2626.61,0,Current,2,Active,N
LN-20013,2026-05-01,350910.21,2626.61,0,Current,2,Active,N
LN-20013,2026-06-01,350152.19,2626.61,0,Current,2,Active,N
LN-20013,2026-07-01,349390.14,2626.61,0,Current,2,Active,N
LN-20014,2024-08-01,512601.98,6223.95,0,Current,1,Active,N
LN-20014,2024-09-01,509265.69,6223.95,0,Current,1,Active,N
LN-20014,2024-10-01,505910.61,6223.95,0,Current,1,Active,N
LN-20014,2024-11-01,502536.63,6223.95,0,Current,1,Active,N
LN-20014,2024-12-01,499143.64,6223.95,0,Current,1,Active,N
LN-20014,2025-01-01,495731.54,6223.95,0,Current,1,Active,N
LN-20014,2025-02-01,492300.21,6223.95,0,Current,1,Active,N
LN-20014,2025-03-01,488849.56,6223.95,0,Current,1,Active,N
LN-20014,2025-04-01,485379.47,6223.95,0,Current,1,Active,N
LN-20014,2025-05-01,481889.83,6223.95,0,Current,1,Active,N
LN-20014,2025-06-01,478380.53,6223.95,0,Current,1,Active,N
LN-20014,2025-07-01,474851.46,6223.95,0,Current,1,Active,N
LN-20014,2025-08-01,471302.51,6223.95,0,Current,1,Active,N
LN-20014,2025-09-01,467733.57,6223.95,0,Current,1,Active,N
LN-20014,2025-10-01,464144.52,6223.95,0,Current,1,Active,N
LN-20014,2025-11-01,460535.26,6223.95,0,Current,1,Active,N
LN-20014,2025-12-01,456905.66,6223.95,0,Current,1,Active,N
LN-20014,2026-01-01,453255.62,6223.95,0,Current,1,Active,N
LN-20014,2026-02-01,449585.01,6223.95,0,Current,1,Active,N
LN-20014,2026-03-01,445893.73,6223.95,0,Current,1,Active,N
LN-20014,2026-04-01,442181.65,6223.95,0,Current,1,Active,N
LN-20014,2026-05-01,438448.66,6223.95,0,Current,1,Active,N
LN-20014,2026-06-01,434694.64,6223.95,0,Current,1,Active,N
LN-20014,2026-07-01,430919.48,6223.95,0,Current,1,Active,N
LN-20015,2024-08-01,484699.56,15717.9,0,Current,1,Active,N
LN-20015,2024-09-01,471736.37,15717.9,0,Current,1,Active,N
LN-20015,2024-10-01,458699.5,15717.9,0,Current,1,Active,N
LN-20015,2024-11-01,445588.54,15717.9,0,Current,1,Active,N
LN-20015,2024-12-01,432403.07,15717.9,0,Current,1,Active,N
LN-20015,2025-01-01,419142.66,15717.9,0,Current,1,Active,N
LN-20015,2025-02-01,405806.88,15717.9,0,Current,1,Active,N
LN-20015,2025-03-01,392395.32,15717.9,0,Current,1,Active,N
LN-20015,2025-04-01,378907.53,15717.9,0,Current,1,Active,N
LN-20015,2025-05-01,365343.08,15717.9,0,Current,1,Active,N
LN-20015,2025-06-01,351701.55,15717.9,0,Current,1,Active,N
LN-20015,2025-07-01,337982.48,15717.9,0,Current,1,Active,N
LN-20015,2025-08-01,324185.45,15717.9,0,Current,1,Active,N
LN-20015,2025-09-01,310310.0,15717.9,0,Current,1,Active,N
LN-20015,2025-10-01,296355.69,15717.9,0,Current,1,Active,N
LN-20015,2025-11-01,282322.08,15717.9,0,Current,1,Active,N
LN-20015,2025-12-01,268208.71,15717.9,0,Current,1,Active,N
LN-20015,2026-01-01,254015.13,15717.9,0,Current,1,Active,N
LN-20015,2026-02-01,239740.88,15717.9,0,Current,1,Active,N
LN-20015,2026-03-01,225385.5,15717.9,0,Current,1,Active,N
LN-20015,2026-04-01,210948.54,15717.9,0,Current,1,Active,N
LN-20015,2026-05-01,196429.53,15717.9,0,Current,1,Active,N
LN-20015,2026-06-01,181828.01,15717.9,0,Current,1,Active,N
LN-20015,2026-07-01,167143.49,15717.9,0,Current,1,Active,N
LN-20016,2024-08-01,69004.29,411.15,85,60-89 Days,4,Active,N
LN-20016,2024-09-01,56678.94,337.71,87,60-89 Days,4,Active,N
LN-20016,2024-10-01,53192.6,316.94,0,Current,3,Active,N
LN-20016,2024-11-01,57073.21,340.06,0,Current,3,Active,N
LN-20016,2024-12-01,43936.58,261.79,0,Current,3,Active,N
LN-20016,2025-01-01,76433.37,455.42,0,Current,3,Active,N
LN-20016,2025-02-01,68779.39,409.81,0,Current,3,Active,N
LN-20016,2025-03-01,119059.7,709.4,0,Current,3,Active,N
LN-20016,2025-04-01,112172.02,668.36,0,Current,3,Active,N
LN-20016,2025-05-01,106729.89,635.93,0,Current,3,Active,N
LN-20016,2025-06-01,98217.28,585.21,0,Current,3,Active,N
LN-20016,2025-07-01,75921.29,452.36,0,Current,3,Active,N
LN-20016,2025-08-01,74295.01,442.67,0,Current,3,Active,N
LN-20016,2025-09-01,45841.4,273.14,0,Current,3,Active,N
LN-20016,2025-10-01,42493.56,253.19,0,Current,3,Active,N
LN-20016,2025-11-01,77508.1,461.82,0,Current,3,Active,N
LN-20016,2025-12-01,64569.86,384.73,0,Current,3,Active,N
LN-20016,2026-01-01,67753.28,403.7,0,Current,3,Active,N
LN-20016,2026-02-01,79193.4,471.86,0,Current,3,Active,N
LN-20016,2026-03-01,105977.57,631.45,0,Current,3,Active,N
LN-20016,2026-04-01,98853.68,589.0,0,Current,3,Active,N
LN-20016,2026-05-01,108337.82,645.51,0,Current,3,Active,N
LN-20016,2026-06-01,132231.24,787.88,0,Current,3,Active,N
LN-20016,2026-07-01,80853.73,481.75,0,Current,3,Active,N
LN-20017,2024-08-01,218258.58,12248.48,0,Current,2,Active,N
LN-20017,2024-09-01,207428.79,12248.48,0,Current,2,Active,N
LN-20017,2024-10-01,196528.6,12248.48,0,Current,2,Active,N
LN-20017,2024-11-01,185557.55,12248.48,0,Current,2,Active,N
LN-20017,2024-12-01,174515.2,12248.48,0,Current,2,Active,N
LN-20017,2025-01-01,163401.07,12248.48,0,Current,2,Active,N
LN-20017,2025-02-01,152214.7,12248.48,0,Current,2,Active,N
LN-20017,2025-03-01,140955.62,12248.48,0,Current,2,Active,N
LN-20017,2025-04-01,129623.36,12248.48,0,Current,2,Active,N
LN-20017,2025-05-01,118217.43,12248.48,0,Current,2,Active,N
LN-20017,2025-06-01,106737.37,12248.48,0,Current,2,Active,N
LN-20017,2025-07-01,95182.68,12248.48,0,Current,2,Active,N
LN-20017,2025-08-01,83552.89,12248.48,0,Current,2,Active,N
LN-20017,2025-09-01,71847.51,12248.48,0,Current,2,Active,N
LN-20017,2025-10-01,60066.04,12248.48,0,Current,2,Active,N
LN-20017,2025-11-01,48207.99,12248.48,0,Current,2,Active,N
LN-20017,2025-12-01,36272.87,12248.48,0,Current,2,Active,N
LN-20017,2026-01-01,24260.16,12248.48,0,Current,2,Active,N
LN-20017,2026-02-01,12169.38,12248.48,0,Current,2,Active,N
LN-20018,2024-08-01,5991.4,3021.71,0,Current,1,Active,N
LN-20018,2024-09-01,3004.34,3021.71,0,Current,1,Active,N
LN-20019,2024-08-01,838443.96,9249.61,0,Current,1,Active,N
LN-20019,2024-09-01,833288.75,9249.61,0,Current,1,Active,N
LN-20019,2024-10-01,828108.37,9249.61,0,Current,1,Active,N
LN-20019,2024-11-01,822902.69,9249.61,0,Current,1,Active,N
LN-20019,2024-12-01,817671.59,9249.61,0,Current,1,Active,N
LN-20019,2025-01-01,812414.94,9249.61,0,Current,1,Active,N
LN-20019,2025-02-01,807132.62,9249.61,0,Current,1,Active,N
LN-20019,2025-03-01,801824.51,9249.61,0,Current,1,Active,N
LN-20019,2025-04-01,796490.48,9249.61,0,Current,1,Active,N
LN-20019,2025-05-01,791130.4,9249.61,0,Current,1,Active,N
LN-20019,2025-06-01,785744.14,9249.61,0,Current,1,Active,N
LN-20019,2025-07-01,780331.58,9249.61,0,Current,1,Active,N
LN-20019,2025-08-01,774892.59,9249.61,0,Current,1,Active,N
LN-20019,2025-09-01,769427.04,9249.61,0,Current,1,Active,N
LN-20019,2025-10-01,763934.8,9249.61,0,Current,1,Active,N
LN-20019,2025-11-01,758415.74,9249.61,0,Current,1,Active,N
LN-20019,2025-12-01,752869.73,9249.61,0,Current,1,Active,N
LN-20019,2026-01-01,747296.63,9249.61,0,Current,1,Active,N
LN-20019,2026-02-01,741696.32,9249.61,0,Current,1,Active,N
LN-20019,2026-03-01,736068.66,9249.61,0,Current,1,Active,N
LN-20019,2026-04-01,730413.52,9249.61,0,Current,1,Active,N
LN-20019,2026-05-01,724730.76,9249.61,0,Current,1,Active,N
LN-20019,2026-06-01,719020.25,9249.61,0,Current,1,Active,N
LN-20019,2026-07-01,713281.86,9249.61,0,Current,1,Active,N
LN-20020,2024-08-01,120964.81,774.17,0,Current,1,Active,N
LN-20020,2024-09-01,134727.27,862.25,0,Current,1,Active,N
LN-20020,2024-10-01,96523.13,617.75,0,Current,1,Active,N
LN-20020,2024-11-01,157080.52,1005.32,0,Current,1,Active,N
LN-20020,2024-12-01,66977.24,428.65,0,Current,1,Active,N
LN-20020,2025-01-01,131359.9,840.7,0,Current,1,Active,N
LN-20020,2025-02-01,122322.83,782.87,0,Current,1,Active,N
LN-20020,2025-03-01,196321.74,1256.46,0,Current,1,Active,N
LN-20020,2025-04-01,187248.0,1198.39,0,Current,1,Active,N
LN-20020,2025-05-01,195504.28,1251.23,0,Current,1,Active,N
LN-20020,2025-06-01,176240.52,1127.94,0,Current,1,Active,N
LN-20020,2025-07-01,106813.61,683.61,0,Current,1,Active,N
LN-20020,2025-08-01,152271.13,974.54,0,Current,1,Active,N
LN-20020,2025-09-01,141569.68,906.05,0,Current,1,Active,N
LN-20020,2025-10-01,97708.93,625.34,0,Current,1,Active,N
LN-20020,2025-11-01,111928.05,716.34,0,Current,1,Active,N
LN-20020,2025-12-01,69725.27,446.24,0,Current,1,Active,N
LN-20020,2026-01-01,162648.6,1040.95,0,Current,1,Active,N
LN-20020,2026-02-01,142307.48,910.77,0,Current,1,Active,N
LN-20020,2026-03-01,192413.96,1231.45,0,Current,1,Active,N
LN-20020,2026-04-01,200855.61,1285.48,0,Current,1,Active,N
LN-20020,2026-05-01,227790.79,1457.86,0,Current,1,Active,N
LN-20020,2026-06-01,161561.1,1033.99,0,Current,1,Active,N
LN-20020,2026-07-01,135410.06,866.62,0,Current,1,Active,N
LN-20021,2024-08-01,360029.31,12223.35,0,Current,1,Active,N
LN-20021,2024-09-01,350266.16,12223.35,0,Current,1,Active,N
LN-20021,2024-10-01,340436.3,12223.35,0,Current,1,Active,N
LN-20021,2024-11-01,330539.26,12223.35,0,Current,1,Active,N
LN-20021,2024-12-01,320574.6,12223.35,0,Current,1,Active,N
LN-20021,2025-01-01,310541.85,12223.35,0,Current,1,Active,N
LN-20021,2025-02-01,300440.53,12223.35,0,Current,1,Active,N
LN-20021,2025-03-01,290270.2,12223.35,0,Current,1,Active,N
LN-20021,2025-04-01,280030.36,12223.35,0,Current,1,Active,N
LN-20021,2025-05-01,269720.55,12223.35,0,Current,1,Active,N
LN-20021,2025-06-01,259340.3,12223.35,0,Current,1,Active,N
LN-20021,2025-07-01,248889.11,12223.35,0,Current,1,Active,N
LN-20021,2025-08-01,238366.5,12223.35,0,Current,1,Active,N
LN-20021,2025-09-01,227771.99,12223.35,0,Current,1,Active,N
LN-20021,2025-10-01,217105.09,12223.35,0,Current,1,Active,N
LN-20021,2025-11-01,206365.29,12223.35,0,Current,1,Active,N
LN-20021,2025-12-01,195552.1,12223.35,0,Current,1,Active,N
LN-20021,2026-01-01,184665.03,12223.35,0,Current,1,Active,N
LN-20021,2026-02-01,173703.56,12223.35,0,Current,1,Active,N
LN-20021,2026-03-01,162667.19,12223.35,0,Current,1,Active,N
LN-20021,2026-04-01,151555.4,12223.35,0,Current,1,Active,N
LN-20021,2026-05-01,140367.68,12223.35,0,Current,1,Active,N
LN-20021,2026-06-01,129103.51,12223.35,0,Current,1,Active,N
LN-20021,2026-07-01,117762.37,12223.35,0,Current,1,Active,N
LN-20022,2024-08-01,64089.35,390.95,0,Current,1,Active,N
LN-20022,2024-09-01,64858.32,395.64,0,Current,1,Active,N
LN-20022,2024-10-01,28424.76,173.39,0,Current,1,Active,N
LN-20022,2024-11-01,50266.89,306.63,0,Current,1,Active,N
LN-20022,2024-12-01,38458.25,234.6,0,Current,1,Active,N
LN-20022,2025-01-01,89941.48,548.64,0,Current,1,Active,N
LN-20022,2025-02-01,75590.59,461.1,0,Current,1,Active,N
LN-20022,2025-03-01,82203.88,501.44,0,Current,1,Active,N
LN-20022,2025-04-01,83357.07,508.48,0,Current,1,Active,N
LN-20022,2025-05-01,99858.88,609.14,0,Current,1,Active,N
LN-20022,2025-06-01,111760.7,681.74,0,Current,1,Active,N
LN-20022,2025-07-01,55919.66,341.11,0,Current,1,Active,N
LN-20022,2025-08-01,83800.04,511.18,0,Current,1,Active,N
LN-20022,2025-09-01,56447.37,344.33,0,Current,1,Active,N
LN-20022,2025-10-01,42863.49,261.47,0,Current,1,Active,N
LN-20022,2025-11-01,56578.16,345.13,0,Current,1,Active,N
LN-20022,2025-12-01,49181.83,300.01,0,Current,1,Active,N
LN-20022,2026-01-01,66533.97,405.86,0,Current,1,Active,N
LN-20022,2026-02-01,74593.66,455.02,0,Current,1,Active,N
LN-20022,2026-03-01,96722.51,590.01,0,Current,1,Active,N
LN-20022,2026-04-01,101087.64,616.63,0,Current,1,Active,N
LN-20022,2026-05-01,91706.59,559.41,0,Current,1,Active,N
LN-20022,2026-06-01,90427.8,551.61,0,Current,1,Active,N
LN-20022,2026-07-01,67773.43,413.42,0,Current,1,Active,N
LN-20023,2024-08-01,275383.69,2360.61,0,Current,1,Active,N
LN-20023,2024-09-01,274480.32,2360.61,0,Current,1,Active,N
LN-20023,2024-10-01,273572.17,2360.61,0,Current,1,Active,N
LN-20023,2024-11-01,272659.22,2360.61,0,Current,1,Active,N
LN-20023,2024-12-01,271741.44,2360.61,0,Current,1,Active,N
LN-20023,2025-01-01,270818.79,2360.61,0,Current,1,Active,N
LN-20023,2025-02-01,269891.27,2360.61,0,Current,1,Active,N
LN-20023,2025-03-01,268958.84,2360.61,0,Current,1,Active,N
LN-20023,2025-04-01,268021.47,2360.61,0,Current,1,Active,N
LN-20023,2025-05-01,267079.15,2360.61,0,Current,1,Active,N
LN-20023,2025-06-01,266131.83,2360.61,0,Current,1,Active,N
LN-20023,2025-07-01,265179.51,2360.61,0,Current,1,Active,N
LN-20023,2025-08-01,264222.14,2360.61,0,Current,1,Active,N
LN-20023,2025-09-01,263259.71,2360.61,0,Current,1,Active,N
LN-20023,2025-10-01,262292.19,2360.61,0,Current,1,Active,N
LN-20023,2025-11-01,261319.55,2360.61,0,Current,1,Active,N
LN-20023,2025-12-01,260341.76,2360.61,0,Current,1,Active,N
LN-20023,2026-01-01,259358.79,2360.61,0,Current,1,Active,N
LN-20023,2026-02-01,258370.62,2360.61,0,Current,1,Active,N
LN-20023,2026-03-01,257377.23,2360.61,0,Current,1,Active,N
LN-20023,2026-04-01,256378.58,2360.61,0,Current,1,Active,N
LN-20023,2026-05-01,255374.64,2360.61,0,Current,1,Active,N
LN-20023,2026-06-01,254365.39,2360.61,0,Current,1,Active,N
LN-20023,2026-07-01,253350.8,2360.61,0,Current,1,Active,N
LN-20024,2026-05-01,1109800.0,16717.32,0,Current,2,Active,N
LN-20024,2026-06-01,1099501.02,16717.32,0,Current,2,Active,N
LN-20024,2026-07-01,1089142.48,16717.32,0,Current,2,Active,N
LN-20025,2024-08-01,461806.07,8222.18,22,1-29 Days,1,Active,N
LN-20025,2024-09-01,456404.76,8222.18,4,1-29 Days,1,Active,N
LN-20025,2024-10-01,450970.45,8222.18,16,1-29 Days,1,Active,N
LN-20025,2024-11-01,445502.95,8222.18,23,1-29 Days,1,Active,N
LN-20025,2024-12-01,440002.04,8222.18,0,Current,1,Active,N
LN-20025,2025-01-01,434467.54,8222.18,0,Current,1,Active,N
LN-20025,2025-02-01,428899.23,8222.18,0,Current,1,Active,N
LN-20025,2025-03-01,423296.91,8222.18,0,Current,1,Active,N
LN-20025,2025-04-01,417660.37,8222.18,0,Current,1,Active,N
LN-20025,2025-05-01,411989.4,8222.18,0,Current,1,Active,N
LN-20025,2025-06-01,406283.79,8222.18,0,Current,1,Active,N
LN-20025,2025-07-01,400543.32,8222.18,0,Current,1,Active,N
LN-20025,2025-08-01,394767.79,8222.18,0,Current,1,Active,N
LN-20025,2025-09-01,388956.99,8222.18,0,Current,1,Active,N
LN-20025,2025-10-01,383110.68,8222.18,0,Current,1,Active,N
LN-20025,2025-11-01,377228.67,8222.18,0,Current,1,Active,N
LN-20025,2025-12-01,371310.73,8222.18,0,Current,1,Active,N
LN-20025,2026-01-01,365356.64,8222.18,0,Current,1,Active,N
LN-20025,2026-02-01,359366.18,8222.18,0,Current,1,Active,N
LN-20025,2026-03-01,353339.13,8222.18,0,Current,1,Active,N
LN-20025,2026-04-01,347275.26,8222.18,0,Current,1,Active,N
LN-20025,2026-05-01,341174.35,8222.18,0,Current,1,Active,N
LN-20025,2026-06-01,335036.18,8222.18,0,Current,1,Active,N
LN-20025,2026-07-01,328860.51,8222.18,0,Current,1,Active,N
LN-20026,2024-08-01,1621061.18,10535.26,0,Current,1,Active,N
LN-20026,2024-09-01,1618671.76,10535.26,0,Current,1,Active,N
LN-20026,2024-10-01,1616270.33,10535.26,0,Current,1,Active,N
LN-20026,2024-11-01,1613856.83,10535.26,0,Current,1,Active,N
LN-20026,2024-12-01,1611431.21,10535.26,0,Current,1,Active,N
LN-20026,2025-01-01,1608993.39,10535.26,0,Current,1,Active,N
LN-20026,2025-02-01,1606543.33,10535.26,0,Current,1,Active,N
LN-20026,2025-03-01,1604080.95,10535.26,0,Current,1,Active,N
LN-20026,2025-04-01,1601606.2,10535.26,0,Current,1,Active,N
LN-20026,2025-05-01,1599119.02,10535.26,0,Current,1,Active,N
LN-20026,2025-06-01,1596619.34,10535.26,0,Current,1,Active,N
LN-20026,2025-07-01,1594107.09,10535.26,0,Current,1,Active,N
LN-20026,2025-08-01,1591582.23,10535.26,0,Current,1,Active,N
LN-20026,2025-09-01,1589044.67,10535.26,0,Current,1,Active,N
LN-20026,2025-10-01,1586494.37,10535.26,0,Current,1,Active,N
LN-20026,2025-11-01,1583931.25,10535.26,0,Current,1,Active,N
LN-20026,2025-12-01,1581355.24,10535.26,0,Current,1,Active,N
LN-20026,2026-01-01,1578766.3,10535.26,0,Current,1,Active,N
LN-20026,2026-02-01,1576164.34,10535.26,0,Current,1,Active,N
LN-20026,2026-03-01,1573549.31,10535.26,0,Current,1,Active,N
LN-20026,2026-04-01,1570921.14,10535.26,0,Current,1,Active,N
LN-20026,2026-05-01,1568279.77,10535.26,0,Current,1,Active,N
LN-20026,2026-06-01,1565625.12,10535.26,0,Current,1,Active,N
LN-20026,2026-07-01,1562957.13,10535.26,0,Current,1,Active,N
LN-20027,2024-08-01,242095.75,8447.38,0,Current,2,Active,N
LN-20027,2024-09-01,235300.67,8447.38,0,Current,2,Active,N
LN-20027,2024-10-01,228459.22,8447.38,0,Current,2,Active,N
LN-20027,2024-11-01,221571.08,8447.38,0,Current,2,Active,N
LN-20027,2024-12-01,214635.92,8447.38,0,Current,2,Active,N
LN-20027,2025-01-01,207653.44,8447.38,0,Current,2,Active,N
LN-20027,2025-02-01,200623.29,8447.38,0,Current,2,Active,N
LN-20027,2025-03-01,193545.17,8447.38,0,Current,2,Active,N
LN-20027,2025-04-01,186418.74,8447.38,0,Current,2,Active,N
LN-20027,2025-05-01,179243.67,8447.38,0,Current,2,Active,N
LN-20027,2025-06-01,172019.63,8447.38,0,Current,2,Active,N
LN-20027,2025-07-01,164746.28,8447.38,0,Current,2,Active,N
LN-20027,2025-08-01,157423.3,8447.38,0,Current,2,Active,N
LN-20027,2025-09-01,150050.33,8447.38,0,Current,2,Active,N
LN-20027,2025-10-01,142627.05,8447.38,0,Current,2,Active,N
LN-20027,2025-11-01,135153.1,8447.38,0,Current,2,Active,N
LN-20027,2025-12-01,127628.14,8447.38,0,Current,2,Active,N
LN-20027,2026-01-01,120051.83,8447.38,0,Current,2,Active,N
LN-20027,2026-02-01,112423.8,8447.38,0,Current,2,Active,N
LN-20027,2026-03-01,104743.72,8447.38,0,Current,2,Active,N
LN-20027,2026-04-01,97011.22,8447.38,0,Current,2,Active,N
LN-20027,2026-05-01,89225.94,8447.38,0,Current,2,Active,N
LN-20027,2026-06-01,81387.53,8447.38,0,Current,2,Active,N
LN-20027,2026-07-01,73495.62,8447.38,0,Current,2,Active,N
LN-20028,2025-06-01,772800.0,8980.83,0,Current,2,Active,N
LN-20028,2025-07-01,768340.05,8980.83,0,Current,2,Active,N
LN-20028,2025-08-01,763854.01,8980.83,0,Current,2,Active,N
LN-20028,2025-09-01,759341.72,8980.83,0,Current,2,Active,N
LN-20028,2025-10-01,754803.04,8980.83,0,Current,2,Active,N
LN-20028,2025-11-01,750237.81,8980.83,0,Current,2,Active,N
LN-20028,2025-12-01,745645.87,8980.83,0,Current,2,Active,N
LN-20028,2026-01-01,741027.06,8980.83,0,Current,2,Active,N
LN-20028,2026-02-01,736381.24,8980.83,0,Current,2,Active,N
LN-20028,2026-03-01,731708.24,8980.83,0,Current,2,Active,N
LN-20028,2026-04-01,727007.9,8980.83,0,Current,2,Active,N
LN-20028,2026-05-01,722280.07,8980.83,0,Current,2,Active,N
LN-20028,2026-06-01,717524.57,8980.83,0,Current,2,Active,N
LN-20028,2026-07-01,712741.26,8980.83,0,Current,2,Active,N
LN-20029,2026-04-01,1226800.0,9204.56,0,Current,2,Active,N
LN-20029,2026-05-01,1224322.39,9204.56,0,Current,2,Active,N
LN-20029,2026-06-01,1221831.2,9204.56,0,Current,2,Active,N
LN-20029,2026-07-01,1219326.34,9204.56,0,Current,2,Active,N
LN-20030,2024-11-01,161794.75,1173.01,0,Current,1,Active,N
LN-20030,2024-12-01,157368.28,1140.92,0,Current,1,Active,N
LN-20030,2025-01-01,262053.28,1899.89,0,Current,1,Active,N
LN-20030,2025-02-01,227514.28,1649.48,0,Current,1,Active,N
LN-20030,2025-03-01,247271.47,1792.72,0,Current,1,Active,N
LN-20030,2025-04-01,339251.21,2459.57,0,Current,1,Active,N
LN-20030,2025-05-01,350934.94,2544.28,0,Current,1,Active,N
LN-20030,2025-06-01,333546.36,2418.21,0,Current,1,Active,N
LN-20030,2025-07-01,210280.27,1524.53,0,Current,1,Active,N
LN-20030,2025-08-01,272326.65,1974.37,0,Current,1,Active,N
LN-20030,2025-09-01,251973.84,1826.81,0,Current,1,Active,N
LN-20030,2025-10-01,168046.42,1218.34,0,Current,1,Active,N
LN-20030,2025-11-01,230215.73,1669.06,0,Current,1,Active,N
LN-20030,2025-12-01,163956.25,1188.68,0,Current,1,Active,N
LN-20030,2026-01-01,212767.93,1542.57,0,Current,1,Active,N
LN-20030,2026-02-01,240082.9,1740.6,0,Current,1,Active,N
LN-20030,2026-03-01,392881.18,2848.39,0,Current,1,Active,N
LN-20030,2026-04-01,292590.41,2121.28,0,Current,1,Active,N
LN-20030,2026-05-01,347091.43,2516.41,0,Current,1,Active,N
LN-20030,2026-06-01,312357.47,2264.59,0,Current,1,Active,N
LN-20030,2026-07-01,256372.96,1858.7,0,Current,1,Active,N
LN-20031,2025-09-01,775100.0,15498.29,0,Current,1,Active,N
LN-20031,2025-10-01,764387.96,15498.29,0,Current,1,Active,N
LN-20031,2025-11-01,753609.77,15498.29,0,Current,1,Active,N
LN-20031,2025-12-01,742765.02,15498.29,0,Current,1,Active,N
LN-20031,2026-01-01,731853.31,15498.29,0,Current,1,Active,N
LN-20031,2026-02-01,720874.22,15498.29,0,Current,1,Active,N
LN-20031,2026-03-01,709827.33,15498.29,0,Current,1,Active,N
LN-20031,2026-04-01,698712.23,15498.29,0,Current,1,Active,N
LN-20031,2026-05-01,687528.49,15498.29,0,Current,1,Active,N
LN-20031,2026-06-01,676275.69,15498.29,0,Current,1,Active,N
LN-20031,2026-07-01,664953.41,15498.29,0,Current,1,Active,N
LN-20032,2025-04-01,261000.0,5216.27,0,Current,1,Active,N
LN-20032,2025-05-01,257391.05,5216.27,0,Current,1,Active,N
LN-20032,2025-06-01,253759.88,5216.27,0,Current,1,Active,N
LN-20032,2025-07-01,250106.35,5216.27,0,Current,1,Active,N
LN-20032,2025-08-01,246430.31,5216.27,0,Current,1,Active,N
LN-20032,2025-09-01,242731.64,5216.27,0,Current,1,Active,N
LN-20032,2025-10-01,239010.19,5216.27,0,Current,1,Active,N
LN-20032,2025-11-01,235265.82,5216.27,0,Current,1,Active,N
LN-20032,2025-12-01,231498.39,5216.27,0,Current,1,Active,N
LN-20032,2026-01-01,227707.77,5216.27,0,Current,1,Active,N
LN-20032,2026-02-01,223893.79,5216.27,0,Current,1,Active,N
LN-20032,2026-03-01,220056.33,5216.27,0,Current,1,Active,N
LN-20032,2026-04-01,216195.24,5216.27,0,Current,1,Active,N
LN-20032,2026-05-01,212310.37,5216.27,0,Current,1,Active,N
LN-20032,2026-06-01,208401.58,5216.27,0,Current,1,Active,N
LN-20032,2026-07-01,204468.71,5216.27,0,Current,1,Active,N
LN-20033,2025-10-01,129568.0,793.6,0,Current,4,Active,N
LN-20033,2025-11-01,57264.49,350.75,0,Current,4,Active,N
LN-20033,2025-12-01,97926.67,599.8,0,Current,4,Active,N
LN-20033,2026-01-01,70836.24,433.87,198,90+ Days,4,Active,Y
LN-20033,2026-02-01,146989.18,900.31,147,90+ Days,4,Active,N
LN-20033,2026-03-01,164112.01,1005.19,53,30-59 Days,4,Active,N
LN-20033,2026-04-01,189579.71,1161.18,12,1-29 Days,4,Active,N
LN-20033,2026-05-01,161835.21,991.24,4,1-29 Days,4,Active,N
LN-20033,2026-06-01,179957.1,1102.24,23,1-29 Days,4,Active,N
LN-20033,2026-07-01,149591.15,916.25,1,1-29 Days,4,Active,N
LN-20034,2025-09-01,139004.94,846.77,0,Current,2,Active,N
LN-20034,2025-10-01,87755.23,534.58,0,Current,2,Active,N
LN-20034,2025-11-01,149649.81,911.62,0,Current,2,Active,N
LN-20034,2025-12-01,113292.42,690.14,0,Current,2,Active,N
LN-20034,2026-01-01,155285.52,945.95,0,Current,2,Active,N
LN-20034,2026-02-01,197067.05,1200.47,0,Current,2,Active,N
LN-20034,2026-03-01,210719.72,1283.63,0,Current,2,Active,N
LN-20034,2026-04-01,179787.12,1095.2,0,Current,2,Active,N
LN-20034,2026-05-01,246393.55,1500.95,0,Current,2,Active,N
LN-20034,2026-06-01,215145.7,1310.6,0,Current,2,Active,N
LN-20034,2026-07-01,160836.89,979.76,0,Current,2,Active,N
LN-20035,2026-04-01,282200.0,5598.56,0,Current,2,Active,N
LN-20035,2026-05-01,278266.42,5598.56,0,Current,2,Active,N
LN-20035,2026-06-01,274309.64,5598.56,0,Current,2,Active,N
LN-20035,2026-07-01,270329.51,5598.56,0,Current,2,Active,N
LN-20036,2024-08-01,330512.31,4003.01,0,Current,1,Active,N
LN-20036,2024-09-01,328354.66,4003.01,0,Current,1,Active,N
LN-20036,2024-10-01,326184.96,4003.01,0,Current,1,Active,N
LN-20036,2024-11-01,324003.15,4003.01,0,Current,1,Active,N
LN-20036,2024-12-01,321809.15,4003.01,0,Current,1,Active,N
LN-20036,2025-01-01,319602.9,4003.01,0,Current,1,Active,N
LN-20036,2025-02-01,317384.34,4003.01,0,Current,1,Active,N
LN-20036,2025-03-01,315153.39,4003.01,0,Current,1,Active,N
LN-20036,2025-04-01,312909.98,4003.01,0,Current,1,Active,N
LN-20036,2025-05-01,310654.05,4003.01,0,Current,1,Active,N
LN-20036,2025-06-01,308385.52,4003.01,0,Current,1,Active,N
LN-20036,2025-07-01,306104.32,4003.01,0,Current,1,Active,N
LN-20036,2025-08-01,303810.39,4003.01,0,Current,1,Active,N
LN-20036,2025-09-01,301503.65,4003.01,0,Current,1,Active,N
LN-20036,2025-10-01,299184.03,4003.01,0,Current,1,Active,N
LN-20036,2025-11-01,296851.46,4003.01,0,Current,1,Active,N
LN-20036,2025-12-01,294505.87,4003.01,0,Current,1,Active,N
LN-20036,2026-01-01,292147.18,4003.01,0,Current,1,Active,N
LN-20036,2026-02-01,289775.32,4003.01,0,Current,1,Active,N
LN-20036,2026-03-01,287390.22,4003.01,0,Current,1,Active,N
LN-20036,2026-04-01,284991.8,4003.01,0,Current,1,Active,N
LN-20036,2026-05-01,282579.99,4003.01,0,Current,1,Active,N
LN-20036,2026-06-01,280154.72,4003.01,0,Current,1,Active,N
LN-20036,2026-07-01,277715.9,4003.01,0,Current,1,Active,N
LN-20037,2025-09-01,552500.0,11118.29,0,Current,2,Active,N
LN-20037,2025-10-01,544917.71,11118.29,0,Current,2,Active,N
LN-20037,2025-11-01,537286.9,11118.29,0,Current,2,Active,N
LN-20037,2025-12-01,529607.25,11118.29,0,Current,2,Active,N
LN-20037,2026-01-01,521878.45,11118.29,0,Current,2,Active,N
LN-20037,2026-02-01,514100.19,11118.29,0,Current,2,Active,N
LN-20037,2026-03-01,506272.15,11118.29,0,Current,2,Active,N
LN-20037,2026-04-01,498394.0,11118.29,0,Current,2,Active,N
LN-20037,2026-05-01,490465.44,11118.29,0,Current,2,Active,N
LN-20037,2026-06-01,482486.13,11118.29,0,Current,2,Active,N
LN-20037,2026-07-01,474455.76,11118.29,0,Current,2,Active,N
LN-20038,2024-08-01,152676.95,968.23,0,Current,2,Active,N
LN-20038,2024-09-01,202334.2,1283.14,0,Current,2,Active,N
LN-20038,2024-10-01,159663.76,1012.53,0,Current,2,Active,N
LN-20038,2024-11-01,127052.14,805.72,0,Current,2,Active,N
LN-20038,2024-12-01,84077.65,533.19,0,Current,2,Active,N
LN-20038,2025-01-01,179101.42,1135.8,0,Current,2,Active,N
LN-20038,2025-02-01,180214.4,1142.86,0,Current,2,Active,N
LN-20038,2025-03-01,221443.9,1404.32,0,Current,2,Active,N
LN-20038,2025-04-01,169701.73,1076.19,0,Current,2,Active,N
LN-20038,2025-05-01,221618.87,1405.43,0,Current,2,Active,N
LN-20038,2025-06-01,245438.11,1556.49,0,Current,2,Active,N
LN-20038,2025-07-01,164134.55,1040.89,0,Current,2,Active,N
LN-20038,2025-08-01,183333.36,1162.64,0,Current,2,Active,N
LN-20038,2025-09-01,119613.01,758.55,0,Current,2,Active,N
LN-20038,2025-10-01,118534.19,751.7,0,Current,2,Active,N
LN-20038,2025-11-01,111179.59,705.06,0,Current,2,Active,N
LN-20038,2025-12-01,115564.02,732.87,0,Current,2,Active,N
LN-20038,2026-01-01,112377.14,712.66,0,Current,2,Active,N
LN-20038,2026-02-01,134805.42,854.89,0,Current,2,Active,N
LN-20038,2026-03-01,232457.71,1474.17,0,Current,2,Active,N
LN-20038,2026-04-01,226326.63,1435.29,0,Current,2,Active,N
LN-20038,2026-05-01,197954.47,1255.36,0,Current,2,Active,N
LN-20038,2026-06-01,227692.95,1443.95,0,Current,2,Active,N
LN-20038,2026-07-01,126648.6,803.16,0,Current,2,Active,N
LN-20039,2025-06-01,595900.0,12034.28,0,Current,2,Active,N
LN-20039,2025-07-01,587753.97,12034.28,0,Current,2,Active,N
LN-20039,2025-08-01,579554.78,12034.28,0,Current,2,Active,N
LN-20039,2025-09-01,571302.1,12034.28,0,Current,2,Active,N
LN-20039,2025-10-01,562995.56,12034.28,0,Current,2,Active,N
LN-20039,2025-11-01,554634.83,12034.28,0,Current,2,Active,N
LN-20039,2025-12-01,546219.54,12034.28,0,Current,2,Active,N
LN-20039,2026-01-01,537749.35,12034.28,0,Current,2,Active,N
LN-20039,2026-02-01,529223.88,12034.28,0,Current,2,Active,N
LN-20039,2026-03-01,520642.79,12034.28,0,Current,2,Active,N
LN-20039,2026-04-01,512005.7,12034.28,0,Current,2,Active,N
LN-20039,2026-05-01,503312.26,12034.28,0,Current,2,Active,N
LN-20039,2026-06-01,494562.09,12034.28,0,Current,2,Active,N
LN-20039,2026-07-01,485754.83,12034.28,0,Current,2,Active,N
LN-20040,2024-08-01,454922.08,9306.39,0,Current,1,Active,N
LN-20040,2024-09-01,448095.02,9306.39,0,Current,1,Active,N
LN-20040,2024-10-01,441230.75,9306.39,0,Current,1,Active,N
LN-20040,2024-11-01,434329.07,9306.39,0,Current,1,Active,N
LN-20040,2024-12-01,427389.77,9306.39,0,Current,1,Active,N
LN-20040,2025-01-01,420412.66,9306.39,0,Current,1,Active,N
LN-20040,2025-02-01,413397.52,9306.39,0,Current,1,Active,N
LN-20040,2025-03-01,406344.15,9306.39,0,Current,1,Active,N
LN-20040,2025-04-01,399252.34,9306.39,0,Current,1,Active,N
LN-20040,2025-05-01,392121.88,9306.39,0,Current,1,Active,N
LN-20040,2025-06-01,384952.55,9306.39,0,Current,1,Active,N
LN-20040,2025-07-01,377744.16,9306.39,0,Current,1,Active,N
LN-20040,2025-08-01,370496.47,9306.39,0,Current,1,Active,N
LN-20040,2025-09-01,363209.29,9306.39,0,Current,1,Active,N
LN-20040,2025-10-01,355882.39,9306.39,0,Current,1,Active,N
LN-20040,2025-11-01,348515.57,9306.39,0,Current,1,Active,N
LN-20040,2025-12-01,341108.59,9306.39,0,Current,1,Active,N
LN-20040,2026-01-01,333661.24,9306.39,0,Current,1,Active,N
LN-20040,2026-02-01,326173.31,9306.39,0,Current,1,Active,N
LN-20040,2026-03-01,318644.57,9306.39,0,Current,1,Active,N
LN-20040,2026-04-01,311074.79,9306.39,0,Current,1,Active,N
LN-20040,2026-05-01,303463.76,9306.39,0,Current,1,Active,N
LN-20040,2026-06-01,295811.25,9306.39,0,Current,1,Active,N
LN-20040,2026-07-01,288117.03,9306.39,0,Current,1,Active,N
LN-20041,2024-08-01,87301.19,579.83,0,Current,1,Active,N
LN-20041,2024-09-01,98616.77,654.98,0,Current,1,Active,N
LN-20041,2024-10-01,49567.91,329.21,0,Current,1,Active,N
LN-20041,2024-11-01,87485.17,581.05,0,Current,1,Active,N
LN-20041,2024-12-01,86128.41,572.04,0,Current,1,Active,N
LN-20041,2025-01-01,131491.07,873.32,0,Current,1,Active,N
LN-20041,2025-02-01,99469.04,660.64,0,Current,1,Active,N
LN-20041,2025-03-01,178429.54,1185.07,0,Current,1,Active,N
LN-20041,2025-04-01,130299.83,865.41,0,Current,1,Active,N
LN-20041,2025-05-01,166726.73,1107.34,0,Current,1,Active,N
LN-20041,2025-06-01,137325.82,912.07,0,Current,1,Active,N
LN-20041,2025-07-01,94393.3,626.93,0,Current,1,Active,N
LN-20041,2025-08-01,116440.44,773.36,0,Current,1,Active,N
LN-20041,2025-09-01,83638.53,555.5,0,Current,1,Active,N
LN-20041,2025-10-01,44699.82,296.88,0,Current,1,Active,N
LN-20041,2025-11-01,56758.03,376.97,0,Current,1,Active,N
LN-20041,2025-12-01,112495.0,747.15,0,Current,1,Active,N
LN-20041,2026-01-01,102735.62,682.34,0,Current,1,Active,N
LN-20041,2026-02-01,85787.88,569.77,0,Current,1,Active,N
LN-20041,2026-03-01,90187.25,598.99,0,Current,1,Active,N
LN-20041,2026-04-01,137046.46,910.22,0,Current,1,Active,N
LN-20041,2026-05-01,157166.36,1043.85,0,Current,1,Active,N
LN-20041,2026-06-01,148656.4,987.33,0,Current,1,Active,N
LN-20041,2026-07-01,86359.59,573.57,0,Current,1,Active,N
LN-20042,2024-08-01,310071.78,3729.04,0,Current,1,Active,N
LN-20042,2024-09-01,308291.03,3729.04,0,Current,1,Active,N
LN-20042,2024-10-01,306499.09,3729.04,0,Current,1,Active,N
LN-20042,2024-11-01,304695.88,3729.04,0,Current,1,Active,N
LN-20042,2024-12-01,302881.35,3729.04,0,Current,1,Active,N
LN-20042,2025-01-01,301055.42,3729.04,0,Current,1,Active,N
LN-20042,2025-02-01,299218.01,3729.04,0,Current,1,Active,N
LN-20042,2025-03-01,297369.06,3729.04,0,Current,1,Active,N
LN-20042,2025-04-01,295508.49,3729.04,0,Current,1,Active,N
LN-20042,2025-05-01,293636.23,3729.04,0,Current,1,Active,N
LN-20042,2025-06-01,291752.21,3729.04,0,Current,1,Active,N
LN-20042,2025-07-01,289856.35,3729.04,0,Current,1,Active,N
LN-20042,2025-08-01,287948.57,3729.04,0,Current,1,Active,N
LN-20042,2025-09-01,286028.81,3729.04,0,Current,1,Active,N
LN-20042,2025-10-01,284096.99,3729.04,0,Current,1,Active,N
LN-20042,2025-11-01,282153.03,3729.04,0,Current,1,Active,N
LN-20042,2025-12-01,280196.85,3729.04,0,Current,1,Active,N
LN-20042,2026-01-01,278228.39,3729.04,0,Current,1,Active,N
LN-20042,2026-02-01,276247.55,3729.04,0,Current,1,Active,N
LN-20042,2026-03-01,274254.27,3729.04,0,Current,1,Active,N
LN-20042,2026-04-01,272248.46,3729.04,0,Current,1,Active,N
LN-20042,2026-05-01,270230.05,3729.04,0,Current,1,Active,N
LN-20042,2026-06-01,268198.96,3729.04,0,Current,1,Active,N
LN-20042,2026-07-01,266155.1,3729.04,0,Current,1,Active,N
LN-20043,2024-08-01,2655905.46,18700.19,0,Current,1,Active,N
LN-20043,2024-09-01,2651812.75,18700.19,0,Current,1,Active,N
LN-20043,2024-10-01,2647697.53,18700.19,0,Current,1,Active,N
LN-20043,2024-11-01,2643559.67,18700.19,0,Current,1,Active,N
LN-20043,2024-12-01,2639399.05,18700.19,0,Current,1,Active,N
LN-20043,2025-01-01,2635215.55,18700.19,0,Current,1,Active,N
LN-20043,2025-02-01,2631009.05,18700.19,0,Current,1,Active,N
LN-20043,2025-03-01,2626779.4,18700.19,0,Current,1,Active,N
LN-20043,2025-04-01,2622526.5,18700.19,0,Current,1,Active,N
LN-20043,2025-05-01,2618250.2,18700.19,0,Current,1,Active,N
LN-20043,2025-06-01,2613950.38,18700.19,0,Current,1,Active,N
LN-20043,2025-07-01,2609626.91,18700.19,0,Current,1,Active,N
LN-20043,2025-08-01,2605279.67,18700.19,0,Current,1,Active,N
LN-20043,2025-09-01,2600908.51,18700.19,0,Current,1,Active,N
LN-20043,2025-10-01,2596513.32,18700.19,0,Current,1,Active,N
LN-20043,2025-11-01,2592093.95,18700.19,0,Current,1,Active,N
LN-20043,2025-12-01,2587650.27,18700.19,0,Current,1,Active,N
LN-20043,2026-01-01,2583182.15,18700.19,0,Current,1,Active,N
LN-20043,2026-02-01,2578689.46,18700.19,0,Current,1,Active,N
LN-20043,2026-03-01,2574172.06,18700.19,0,Current,1,Active,N
LN-20043,2026-04-01,2569629.81,18700.19,0,Current,1,Active,N
LN-20043,2026-05-01,2565062.58,18700.19,0,Current,1,Active,N
LN-20043,2026-06-01,2560470.23,18700.19,0,Current,1,Active,N
LN-20043,2026-07-01,2555852.63,18700.19,0,Current,1,Active,N
LN-20044,2024-08-01,35988.24,240.22,0,Current,2,Active,N
LN-20044,2024-09-01,29077.62,194.09,0,Current,2,Active,N
LN-20044,2024-10-01,23315.48,155.63,0,Current,2,Active,N
LN-20044,2024-11-01,27191.39,181.5,0,Current,2,Active,N
LN-20044,2024-12-01,22455.32,149.89,0,Current,2,Active,N
LN-20044,2025-01-01,37544.33,250.61,0,Current,2,Active,N
LN-20044,2025-02-01,37529.23,250.51,0,Current,2,Active,N
LN-20044,2025-03-01,44707.94,298.43,0,Current,2,Active,N
LN-20044,2025-04-01,41220.45,275.15,0,Current,2,Active,N
LN-20044,2025-05-01,58016.0,387.26,0,Current,2,Active,N
LN-20044,2025-06-01,44646.33,298.01,0,Current,2,Active,N
LN-20044,2025-07-01,29627.6,197.76,0,Current,2,Active,N
LN-20044,2025-08-01,39228.51,261.85,0,Current,2,Active,N
LN-20044,2025-09-01,37898.09,252.97,0,Current,2,Active,N
LN-20044,2025-10-01,22135.27,147.75,0,Current,2,Active,N
LN-20044,2025-11-01,33740.26,225.22,0,Current,2,Active,N
LN-20044,2025-12-01,29789.52,198.85,0,Current,2,Active,N
LN-20044,2026-01-01,38033.1,253.87,0,Current,2,Active,N
LN-20044,2026-02-01,35004.92,233.66,0,Current,2,Active,N
LN-20044,2026-03-01,47485.95,316.97,0,Current,2,Active,N
LN-20044,2026-04-01,48085.16,320.97,0,Current,2,Active,N
LN-20044,2026-05-01,43149.44,288.02,0,Current,2,Active,N
LN-20044,2026-06-01,45350.78,302.72,0,Current,2,Active,N
LN-20044,2026-07-01,35176.75,234.8,0,Current,2,Active,N
LN-20045,2024-08-01,124402.84,1726.15,0,Current,3,Active,N
LN-20045,2024-09-01,123430.37,1726.15,0,Current,3,Active,N
LN-20045,2024-10-01,122452.0,1726.15,0,Current,3,Active,N
LN-20045,2024-11-01,121467.71,1726.15,0,Current,3,Active,N
LN-20045,2024-12-01,120477.46,1726.15,0,Current,3,Active,N
LN-20045,2025-01-01,119481.21,1726.15,0,Current,3,Active,N
LN-20045,2025-02-01,118478.92,1726.15,0,Current,3,Active,N
LN-20045,2025-03-01,117470.56,1726.15,0,Current,3,Active,N
LN-20045,2025-04-01,116456.09,1726.15,0,Current,3,Active,N
LN-20045,2025-05-01,115435.47,1726.15,0,Current,3,Active,N
LN-20045,2025-06-01,114408.67,1726.15,0,Current,3,Active,N
LN-20045,2025-07-01,113375.65,1726.15,86,60-89 Days,4,Active,Y
LN-20045,2025-08-01,112336.38,1726.15,0,Current,3,Active,N
LN-20045,2025-09-01,111290.8,1726.15,0,Current,3,Active,N
LN-20045,2025-10-01,110238.89,1726.15,0,Current,3,Active,N
LN-20045,2025-11-01,109180.61,1726.15,0,Current,3,Active,N
LN-20045,2025-12-01,108115.92,1726.15,0,Current,3,Active,N
LN-20045,2026-01-01,107044.78,1726.15,0,Current,3,Active,N
LN-20045,2026-02-01,105967.14,1726.15,0,Current,3,Active,N
LN-20045,2026-03-01,104882.98,1726.15,0,Current,3,Active,N
LN-20045,2026-04-01,103792.25,1726.15,0,Current,3,Active,N
LN-20045,2026-05-01,102694.92,1726.15,0,Current,3,Active,N
LN-20045,2026-06-01,101590.93,1726.15,0,Current,3,Active,N
LN-20045,2026-07-01,100480.26,1726.15,0,Current,3,Active,N
LN-20046,2024-09-01,39612.42,276.63,57,30-59 Days,3,Active,N
LN-20046,2024-10-01,18957.84,132.39,35,30-59 Days,3,Active,N
LN-20046,2024-11-01,38830.51,271.17,43,30-59 Days,3,Active,N
LN-20046,2024-12-01,28674.11,200.24,30,30-59 Days,3,Active,N
LN-20046,2025-01-01,28552.0,199.39,43,30-59 Days,3,Active,N
LN-20046,2025-02-01,31248.72,218.22,31,30-59 Days,3,Active,N
LN-20046,2025-03-01,47265.77,330.07,33,30-59 Days,3,Active,N
LN-20046,2025-04-01,49679.1,346.93,0,Current,3,Active,N
LN-20046,2025-05-01,62818.0,438.68,0,Current,3,Active,N
LN-20046,2025-06-01,40164.31,280.48,0,Current,3,Active,N
LN-20046,2025-07-01,36844.19,257.3,0,Current,3,Active,N
LN-20046,2025-08-01,24704.24,172.52,0,Current,3,Active,N
LN-20046,2025-09-01,48015.32,335.31,0,Current,3,Active,N
LN-20046,2025-10-01,30501.05,213.0,0,Current,3,Active,N
LN-20046,2025-11-01,26461.16,184.79,0,Current,3,Active,N
LN-20046,2025-12-01,28619.23,199.86,0,Current,3,Active,N
LN-20046,2026-01-01,33980.1,237.29,0,Current,3,Active,N
LN-20046,2026-02-01,26766.48,186.92,0,Current,3,Active,N
LN-20046,2026-03-01,45615.77,318.55,0,Current,3,Active,N
LN-20046,2026-04-01,54760.58,382.41,0,Current,3,Active,N
LN-20046,2026-05-01,59186.88,413.32,0,Current,3,Active,N
LN-20046,2026-06-01,48121.27,336.05,0,Current,3,Active,N
LN-20046,2026-07-01,33712.06,235.42,0,Current,3,Active,N
LN-20047,2024-08-01,162689.81,1077.82,0,Current,2,Active,N
LN-20047,2024-09-01,117175.31,776.29,0,Current,2,Active,N
LN-20047,2024-10-01,73159.5,484.68,0,Current,2,Active,N
LN-20047,2024-11-01,98848.19,654.87,0,Current,2,Active,N
LN-20047,2024-12-01,106323.83,704.4,0,Current,2,Active,N
LN-20047,2025-01-01,90507.73,599.61,0,Current,2,Active,N
LN-20047,2025-02-01,134343.83,890.03,0,Current,2,Active,N
LN-20047,2025-03-01,207542.34,1374.97,0,Current,2,Active,N
LN-20047,2025-04-01,186945.98,1238.52,0,Current,2,Active,N
LN-20047,2025-05-01,204343.95,1353.78,0,Current,2,Active,N
LN-20047,2025-06-01,203739.06,1349.77,0,Current,2,Active,N
LN-20047,2025-07-01,107094.2,709.5,52,30-59 Days,2,Active,Y
LN-20047,2025-08-01,135690.06,898.95,32,30-59 Days,2,Active,N
LN-20047,2025-09-01,96579.09,639.84,0,Current,2,Active,N
LN-20047,2025-10-01,113654.06,752.96,0,Current,2,Active,N
LN-20047,2025-11-01,72880.84,482.84,0,Current,2,Active,N
LN-20047,2025-12-01,129793.1,859.88,0,Current,2,Active,N
LN-20047,2026-01-01,127099.02,842.03,0,Current,2,Active,N
LN-20047,2026-02-01,148756.97,985.51,0,Current,2,Active,N
LN-20047,2026-03-01,210125.5,1392.08,0,Current,2,Active,N
LN-20047,2026-04-01,195019.57,1292.0,0,Current,2,Active,N
LN-20047,2026-05-01,195703.52,1296.54,0,Current,2,Active,N
LN-20047,2026-06-01,160913.98,1066.06,0,Current,2,Active,N
LN-20047,2026-07-01,139270.98,922.67,0,Current,2,Active,N
LN-20048,2024-08-01,390788.53,3405.91,0,Current,1,Active,N
LN-20048,2024-09-01,389395.18,3405.91,0,Current,1,Active,N
LN-20048,2024-10-01,387994.65,3405.91,0,Current,1,Active,N
LN-20048,2024-11-01,386586.91,3405.91,0,Current,1,Active,N
LN-20048,2024-12-01,385171.92,3405.91,0,Current,1,Active,N
LN-20048,2025-01-01,383749.64,3405.91,0,Current,1,Active,N
LN-20048,2025-02-01,382320.04,3405.91,0,Current,1,Active,N
LN-20048,2025-03-01,380883.07,3405.91,0,Current,1,Active,N
LN-20048,2025-04-01,379438.71,3405.91,0,Current,1,Active,N
LN-20048,2025-05-01,377986.9,3405.91,0,Current,1,Active,N
LN-20048,2025-06-01,376527.62,3405.91,0,Current,1,Active,N
LN-20048,2025-07-01,375060.82,3405.91,0,Current,1,Active,N
LN-20048,2025-08-01,373586.47,3405.91,0,Current,1,Active,N
LN-20048,2025-09-01,372104.53,3405.91,0,Current,1,Active,N
LN-20048,2025-10-01,370614.96,3405.91,0,Current,1,Active,N
LN-20048,2025-11-01,369117.71,3405.91,0,Current,1,Active,N
LN-20048,2025-12-01,367612.75,3405.91,0,Current,1,Active,N
LN-20048,2026-01-01,366100.04,3405.91,0,Current,1,Active,N
LN-20048,2026-02-01,364579.55,3405.91,0,Current,1,Active,N
LN-20048,2026-03-01,363051.22,3405.91,0,Current,1,Active,N
LN-20048,2026-04-01,361515.02,3405.91,0,Current,1,Active,N
LN-20048,2026-05-01,359970.91,3405.91,0,Current,1,Active,N
LN-20048,2026-06-01,358418.84,3405.91,0,Current,1,Active,N
LN-20048,2026-07-01,356858.79,3405.91,0,Current,1,Active,N
LN-20049,2025-09-01,347300.0,6922.93,0,Current,1,Active,N
LN-20049,2025-10-01,342484.02,6922.93,0,Current,1,Active,N
LN-20049,2025-11-01,337638.83,6922.93,0,Current,1,Active,N
LN-20049,2025-12-01,332764.25,6922.93,0,Current,1,Active,N
LN-20049,2026-01-01,327860.09,6922.93,0,Current,1,Active,N
LN-20049,2026-02-01,322926.18,6922.93,0,Current,1,Active,N
LN-20049,2026-03-01,317962.33,6922.93,0,Current,1,Active,N
LN-20049,2026-04-01,312968.38,6922.93,0,Current,1,Active,N
LN-20049,2026-05-01,307944.12,6922.93,0,Current,1,Active,N
LN-20049,2026-06-01,302889.39,6922.93,0,Current,1,Active,N
LN-20049,2026-07-01,297803.99,6922.93,0,Current,1,Active,N
LN-20050,2024-08-01,128721.6,956.83,0,Current,2,Active,N
LN-20050,2024-09-01,141005.79,1048.14,0,Current,2,Active,N
LN-20050,2024-10-01,114269.97,849.41,0,Current,2,Active,N
LN-20050,2024-11-01,101315.26,753.11,0,Current,2,Active,N
LN-20050,2024-12-01,40738.44,302.82,0,Current,2,Active,N
LN-20050,2025-01-01,183378.48,1363.11,0,Current,2,Active,N
LN-20050,2025-02-01,136967.2,1018.12,0,Current,2,Active,N
LN-20050,2025-03-01,193120.22,1435.53,0,Current,2,Active,N
LN-20050,2025-04-01,192792.08,1433.09,0,Current,2,Active,N
LN-20050,2025-05-01,193290.59,1436.79,0,Current,2,Active,N
LN-20050,2025-06-01,228118.38,1695.68,0,Current,2,Active,N
LN-20050,2025-07-01,148091.21,1100.81,0,Current,2,Active,N
LN-20050,2025-08-01,154847.59,1151.03,0,Current,2,Active,N
LN-20050,2025-09-01,139921.64,1040.08,0,Current,2,Active,N
LN-20050,2025-10-01,100678.53,748.38,0,Current,2,Active,N
LN-20050,2025-11-01,93551.4,695.4,0,Current,2,Active,N
LN-20050,2025-12-01,98491.02,732.12,0,Current,2,Active,N
LN-20050,2026-01-01,105285.37,782.62,0,Current,2,Active,N
LN-20050,2026-02-01,134331.38,998.53,0,Current,2,Active,N
LN-20050,2026-03-01,179813.8,1336.62,0,Current,2,Active,N
LN-20050,2026-04-01,227844.34,1693.64,0,Current,2,Active,N
LN-20050,2026-05-01,219423.01,1631.04,0,Current,2,Active,N
LN-20050,2026-06-01,225911.92,1679.28,0,Current,2,Active,N
LN-20050,2026-07-01,133298.96,990.86,0,Current,2,Active,N
LN-20051,2024-08-01,321112.59,7094.05,0,Current,1,Active,N
LN-20051,2024-09-01,315950.57,7094.05,0,Current,1,Active,N
LN-20051,2024-10-01,310757.48,7094.05,0,Current,1,Active,N
LN-20051,2024-11-01,305533.16,7094.05,0,Current,1,Active,N
LN-20051,2024-12-01,300277.4,7094.05,0,Current,1,Active,N
LN-20051,2025-01-01,294990.01,7094.05,0,Current,1,Active,N
LN-20051,2025-02-01,289670.82,7094.05,0,Current,1,Active,N
LN-20051,2025-03-01,284319.62,7094.05,0,Current,1,Active,N
LN-20051,2025-04-01,278936.23,7094.05,0,Current,1,Active,N
LN-20051,2025-05-01,273520.44,7094.05,0,Current,1,Active,N
LN-20051,2025-06-01,268072.07,7094.05,0,Current,1,Active,N
LN-20051,2025-07-01,262590.92,7094.05,0,Current,1,Active,N
LN-20051,2025-08-01,257076.79,7094.05,0,Current,1,Active,N
LN-20051,2025-09-01,251529.48,7094.05,0,Current,1,Active,N
LN-20051,2025-10-01,245948.8,7094.05,0,Current,1,Active,N
LN-20051,2025-11-01,240334.54,7094.05,0,Current,1,Active,N
LN-20051,2025-12-01,234686.5,7094.05,0,Current,1,Active,N
LN-20051,2026-01-01,229004.48,7094.05,0,Current,1,Active,N
LN-20051,2026-02-01,223288.28,7094.05,0,Current,1,Active,N
LN-20051,2026-03-01,217537.68,7094.05,0,Current,1,Active,N
LN-20051,2026-04-01,211752.48,7094.05,0,Current,1,Active,N
LN-20051,2026-05-01,205932.47,7094.05,0,Current,1,Active,N
LN-20051,2026-06-01,200077.44,7094.05,0,Current,1,Active,N
LN-20051,2026-07-01,194187.19,7094.05,0,Current,1,Active,N
LN-20052,2025-12-01,574600.0,8663.83,0,Current,3,Active,N
LN-20052,2026-01-01,569273.64,8663.83,0,Current,3,Active,N
LN-20052,2026-02-01,563916.34,8663.83,0,Current,3,Active,N
LN-20052,2026-03-01,558527.92,8663.83,0,Current,3,Active,N
LN-20052,2026-04-01,553108.21,8663.83,0,Current,3,Active,N
LN-20052,2026-05-01,547657.02,8663.83,55,30-59 Days,3,Active,Y
LN-20052,2026-06-01,542174.16,8663.83,47,30-59 Days,3,Active,N
LN-20052,2026-07-01,536659.46,8663.83,0,Current,3,Active,N
LN-20053,2025-08-01,245800.0,2824.89,0,Current,3,Active,N
LN-20053,2025-09-01,244361.83,2824.89,0,Current,3,Active,N
LN-20053,2025-10-01,242915.54,2824.89,0,Current,3,Active,N
LN-20053,2025-11-01,241461.09,2824.89,0,Current,3,Active,N
LN-20053,2025-12-01,239998.44,2824.89,0,Current,3,Active,N
LN-20053,2026-01-01,238527.54,2824.89,0,Current,3,Active,N
LN-20053,2026-02-01,237048.34,2824.89,0,Current,3,Active,N
LN-20053,2026-03-01,235560.79,2824.89,0,Current,3,Active,N
LN-20053,2026-04-01,234064.85,2824.89,35,30-59 Days,3,Active,Y
LN-20053,2026-05-01,232560.47,2824.89,0,Current,3,Active,N
LN-20053,2026-06-01,231047.6,2824.89,0,Current,3,Active,N
LN-20053,2026-07-01,229526.2,2824.89,0,Current,3,Active,N
LN-20054,2024-08-01,370386.01,7160.58,26,1-29 Days,3,Active,N
LN-20054,2024-09-01,365592.82,7160.58,3,1-29 Days,3,Active,N
LN-20054,2024-10-01,360768.99,7160.58,4,1-29 Days,3,Active,N
LN-20054,2024-11-01,355914.32,7160.58,0,Current,3,Active,N
LN-20054,2024-12-01,351028.63,7160.58,0,Current,3,Active,N
LN-20054,2025-01-01,346111.7,7160.58,0,Current,3,Active,N
LN-20054,2025-02-01,341163.36,7160.58,0,Current,3,Active,N
LN-20054,2025-03-01,336183.38,7160.58,0,Current,3,Active,N
LN-20054,2025-04-01,331171.57,7160.58,0,Current,3,Active,N
LN-20054,2025-05-01,326127.73,7160.58,0,Current,3,Active,N
LN-20054,2025-06-01,321051.65,7160.58,138,90+ Days,4,Active,Y
LN-20054,2025-07-01,315943.12,7160.58,0,Current,3,Active,N
LN-20054,2025-08-01,310801.95,7160.58,0,Current,3,Active,N
LN-20054,2025-09-01,305627.91,7160.58,0,Current,3,Active,N
LN-20054,2025-10-01,300420.8,7160.58,0,Current,3,Active,N
LN-20054,2025-11-01,295180.41,7160.58,0,Current,3,Active,N
LN-20054,2025-12-01,289906.53,7160.58,0,Current,3,Active,N
LN-20054,2026-01-01,284598.93,7160.58,0,Current,3,Active,N
LN-20054,2026-02-01,279257.42,7160.58,0,Current,3,Active,N
LN-20054,2026-03-01,273881.76,7160.58,0,Current,3,Active,N
LN-20054,2026-04-01,268471.74,7160.58,0,Current,3,Active,N
LN-20054,2026-05-01,263027.14,7160.58,0,Current,3,Active,N
LN-20054,2026-06-01,257547.74,7160.58,0,Current,3,Active,N
LN-20054,2026-07-01,252033.32,7160.58,0,Current,3,Active,N
LN-20055,2024-08-01,28436.33,2665.95,0,Current,1,Active,N
LN-20055,2024-09-01,25917.31,2665.95,0,Current,1,Active,N
LN-20055,2024-10-01,23385.26,2665.95,0,Current,1,Active,N
LN-20055,2024-11-01,20840.14,2665.95,0,Current,1,Active,N
LN-20055,2024-12-01,18281.87,2665.95,0,Current,1,Active,N
LN-20055,2025-01-01,15710.37,2665.95,0,Current,1,Active,N
LN-20055,2025-02-01,13125.6,2665.95,0,Current,1,Active,N
LN-20055,2025-03-01,10527.46,2665.95,0,Current,1,Active,N
LN-20055,2025-04-01,7915.91,2665.95,0,Current,1,Active,N
LN-20055,2025-05-01,5290.86,2665.95,0,Current,1,Active,N
LN-20055,2025-06-01,2652.24,2665.95,0,Current,1,Active,N
LN-20056,2024-08-01,251132.51,1778.86,0,Current,2,Active,N
LN-20056,2024-09-01,190608.67,1350.14,0,Current,2,Active,N
LN-20056,2024-10-01,180206.92,1276.47,0,Current,2,Active,N
LN-20056,2024-11-01,159784.04,1131.8,0,Current,2,Active,N
LN-20056,2024-12-01,174484.02,1235.93,0,Current,2,Active,N
LN-20056,2025-01-01,190723.54,1350.96,0,Current,2,Active,N
LN-20056,2025-02-01,179668.61,1272.65,0,Current,2,Active,N
LN-20056,2025-03-01,308435.26,2184.75,0,Current,2,Active,N
LN-20056,2025-04-01,258701.92,1832.47,0,Current,2,Active,N
LN-20056,2025-05-01,331475.14,2347.95,0,Current,2,Active,N
LN-20056,2025-06-01,322698.89,2285.78,0,Current,2,Active,N
LN-20056,2025-07-01,207945.55,1472.95,0,Current,2,Active,N
LN-20056,2025-08-01,199771.16,1415.05,0,Current,2,Active,N
LN-20056,2025-09-01,176567.3,1250.69,0,Current,2,Active,N
LN-20056,2025-10-01,149445.53,1058.57,0,Current,2,Active,N
LN-20056,2025-11-01,191593.99,1357.12,0,Current,2,Active,N
LN-20056,2025-12-01,194983.65,1381.13,0,Current,2,Active,N
LN-20056,2026-01-01,212826.64,1507.52,0,Current,2,Active,N
LN-20056,2026-02-01,244896.56,1734.68,0,Current,2,Active,N
LN-20056,2026-03-01,256621.8,1817.74,0,Current,2,Active,N
LN-20056,2026-04-01,265217.76,1878.63,0,Current,2,Active,N
LN-20056,2026-05-01,321423.15,2276.75,0,Current,2,Active,N
LN-20056,2026-06-01,343246.66,2431.33,0,Current,2,Active,N
LN-20056,2026-07-01,223849.4,1585.6,0,Current,2,Active,N
LN-20057,2024-08-01,1079000.0,21472.56,20,1-29 Days,2,Active,N
LN-20057,2024-09-01,1064010.43,21472.56,0,Current,2,Active,N
LN-20057,2024-10-01,1048930.8,21472.56,0,Current,2,Active,N
LN-20057,2024-11-01,1033760.57,21472.56,0,Current,2,Active,N
LN-20057,2024-12-01,1018499.18,21472.56,0,Current,2,Active,N
LN-20057,2025-01-01,1003146.11,21472.56,0,Current,2,Active,N
LN-20057,2025-02-01,987700.78,21472.56,0,Current,2,Active,N
LN-20057,2025-03-01,972162.66,21472.56,0,Current,2,Active,N
LN-20057,2025-04-01,956531.17,21472.56,0,Current,2,Active,N
LN-20057,2025-05-01,940805.77,21472.56,0,Current,2,Active,N
LN-20057,2025-06-01,924985.88,21472.56,0,Current,2,Active,N
LN-20057,2025-07-01,909070.95,21472.56,0,Current,2,Active,N
LN-20057,2025-08-01,893060.39,21472.56,0,Current,2,Active,N
LN-20057,2025-09-01,876953.63,21472.56,0,Current,2,Active,N
LN-20057,2025-10-01,860750.1,21472.56,0,Current,2,Active,N
LN-20057,2025-11-01,844449.21,21472.56,0,Current,2,Active,N
LN-20057,2025-12-01,828050.39,21472.56,0,Current,2,Active,N
LN-20057,2026-01-01,811553.03,21472.56,0,Current,2,Active,N
LN-20057,2026-02-01,794956.55,21472.56,0,Current,2,Active,N
LN-20057,2026-03-01,778260.35,21472.56,0,Current,2,Active,N
LN-20057,2026-04-01,761463.84,21472.56,0,Current,2,Active,N
LN-20057,2026-05-01,744566.41,21472.56,0,Current,2,Active,N
LN-20057,2026-06-01,727567.45,21472.56,0,Current,2,Active,N
LN-20057,2026-07-01,710466.36,21472.56,0,Current,2,Active,N
LN-20058,2026-04-01,1050600.0,20625.16,0,Current,2,Active,N
LN-20058,2026-05-01,1035788.16,20625.16,0,Current,2,Active,N
LN-20058,2026-06-01,1020894.36,20625.16,0,Current,2,Active,N
LN-20058,2026-07-01,1005918.15,20625.16,0,Current,2,Active,N
LN-20059,2024-08-01,306558.39,3634.95,0,Current,1,Active,N
LN-20059,2024-09-01,304696.37,3634.95,0,Current,1,Active,N
LN-20059,2024-10-01,302823.59,3634.95,0,Current,1,Active,N
LN-20059,2024-11-01,300939.97,3634.95,0,Current,1,Active,N
LN-20059,2024-12-01,299045.46,3634.95,0,Current,1,Active,N
LN-20059,2025-01-01,297139.99,3634.95,0,Current,1,Active,N
LN-20059,2025-02-01,295223.51,3634.95,0,Current,1,Active,N
LN-20059,2025-03-01,293295.94,3634.95,0,Current,1,Active,N
LN-20059,2025-04-01,291357.22,3634.95,0,Current,1,Active,N
LN-20059,2025-05-01,289407.29,3634.95,0,Current,1,Active,N
LN-20059,2025-06-01,287446.08,3634.95,0,Current,1,Active,N
LN-20059,2025-07-01,285473.53,3634.95,0,Current,1,Active,N
LN-20059,2025-08-01,283489.58,3634.95,0,Current,1,Active,N
LN-20059,2025-09-01,281494.15,3634.95,0,Current,1,Active,N
LN-20059,2025-10-01,279487.18,3634.95,0,Current,1,Active,N
LN-20059,2025-11-01,277468.6,3634.95,0,Current,1,Active,N
LN-20059,2025-12-01,275438.34,3634.95,0,Current,1,Active,N
LN-20059,2026-01-01,273396.35,3634.95,0,Current,1,Active,N
LN-20059,2026-02-01,271342.55,3634.95,0,Current,1,Active,N
LN-20059,2026-03-01,269276.87,3634.95,0,Current,1,Active,N
LN-20059,2026-04-01,267199.24,3634.95,0,Current,1,Active,N
LN-20059,2026-05-01,265109.59,3634.95,0,Current,1,Active,N
LN-20059,2026-06-01,263007.87,3634.95,0,Current,1,Active,N
LN-20059,2026-07-01,260893.98,3634.95,0,Current,1,Active,N
LN-20060,2024-08-01,86952.68,648.52,0,Current,3,Active,N
LN-20060,2024-09-01,97788.41,729.34,0,Current,3,Active,N
LN-20060,2024-10-01,90573.14,675.52,0,Current,3,Active,N
LN-20060,2024-11-01,41571.53,310.05,0,Current,3,Active,N
LN-20060,2024-12-01,83233.66,620.78,0,Current,3,Active,N
LN-20060,2025-01-01,69338.26,517.15,0,Current,3,Active,N
LN-20060,2025-02-01,94844.48,707.38,0,Current,3,Active,N
LN-20060,2025-03-01,126120.47,940.65,0,Current,3,Active,N
LN-20060,2025-04-01,105493.22,786.8,0,Current,3,Active,N
LN-20060,2025-05-01,92948.75,693.24,0,Current,3,Active,N
LN-20060,2025-06-01,93160.76,694.82,0,Current,3,Active,N
LN-20060,2025-07-01,71369.15,532.29,50,30-59 Days,3,Active,Y
LN-20060,2025-08-01,75644.97,564.19,53,30-59 Days,3,Active,N
LN-20060,2025-09-01,62569.4,466.66,51,30-59 Days,3,Active,N
LN-20060,2025-10-01,64335.28,479.83,36,30-59 Days,3,Active,N
LN-20060,2025-11-01,84101.04,627.25,40,30-59 Days,3,Active,N
LN-20060,2025-12-01,53259.07,397.22,55,30-59 Days,3,Active,N
LN-20060,2026-01-01,90806.47,677.26,52,30-59 Days,3,Active,N
LN-20060,2026-02-01,88078.83,656.92,0,Current,3,Active,N
LN-20060,2026-03-01,133200.85,993.46,1,1-29 Days,3,Active,Y
LN-20060,2026-04-01,109168.52,814.22,0,Current,3,Active,N
LN-20060,2026-05-01,107541.27,802.08,0,Current,3,Active,N
LN-20060,2026-06-01,124450.26,928.19,0,Current,3,Active,N
LN-20060,2026-07-01,102928.96,767.68,0,Current,3,Active,N
LN-20061,2024-08-01,1297296.29,26401.69,0,Current,2,Active,N
LN-20061,2024-09-01,1279078.37,26401.69,0,Current,2,Active,N
LN-20061,2024-10-01,1260745.53,26401.69,0,Current,2,Active,N
LN-20061,2024-11-01,1242297.04,26401.69,0,Current,2,Active,N
LN-20061,2024-12-01,1223732.17,26401.69,0,Current,2,Active,N
LN-20061,2025-01-01,1205050.18,26401.69,0,Current,2,Active,N
LN-20061,2025-02-01,1186250.34,26401.69,0,Current,2,Active,N
LN-20061,2025-03-01,1167331.91,26401.69,0,Current,2,Active,N
LN-20061,2025-04-01,1148294.14,26401.69,0,Current,2,Active,N
LN-20061,2025-05-01,1129136.26,26401.69,0,Current,2,Active,N
LN-20061,2025-06-01,1109857.54,26401.69,0,Current,2,Active,N
LN-20061,2025-07-01,1090457.19,26401.69,0,Current,2,Active,N
LN-20061,2025-08-01,1070934.47,26401.69,0,Current,2,Active,N
LN-20061,2025-09-01,1051288.58,26401.69,0,Current,2,Active,N
LN-20061,2025-10-01,1031518.77,26401.69,0,Current,2,Active,N
LN-20061,2025-11-01,1011624.24,26401.69,0,Current,2,Active,N
LN-20061,2025-12-01,991604.21,26401.69,0,Current,2,Active,N
LN-20061,2026-01-01,971457.88,26401.69,0,Current,2,Active,N
LN-20061,2026-02-01,951184.47,26401.69,0,Current,2,Active,N
LN-20061,2026-03-01,930783.16,26401.69,0,Current,2,Active,N
LN-20061,2026-04-01,910253.16,26401.69,0,Current,2,Active,N
LN-20061,2026-05-01,889593.64,26401.69,0,Current,2,Active,N
LN-20061,2026-06-01,868803.8,26401.69,0,Current,2,Active,N
LN-20061,2026-07-01,847882.81,26401.69,0,Current,2,Active,N
LN-20062,2024-08-01,225531.76,1494.15,0,Current,2,Active,N
LN-20062,2024-09-01,282017.35,1868.36,0,Current,2,Active,N
LN-20062,2024-10-01,250458.76,1659.29,0,Current,2,Active,N
LN-20062,2024-11-01,146439.81,970.16,0,Current,2,Active,N
LN-20062,2024-12-01,193670.92,1283.07,0,Current,2,Active,N
LN-20062,2025-01-01,293038.6,1941.38,0,Current,2,Active,N
LN-20062,2025-02-01,187725.71,1243.68,0,Current,2,Active,N
LN-20062,2025-03-01,310749.09,2058.71,0,Current,2,Active,N
LN-20062,2025-04-01,257733.01,1707.48,0,Current,2,Active,N
LN-20062,2025-05-01,371884.97,2463.74,0,Current,2,Active,N
LN-20062,2025-06-01,255544.91,1692.99,0,Current,2,Active,N
LN-20062,2025-07-01,360556.27,2388.69,0,Current,2,Active,N
LN-20062,2025-08-01,210628.23,1395.41,0,Current,2,Active,N
LN-20062,2025-09-01,215922.63,1430.49,21,1-29 Days,2,Active,Y
LN-20062,2025-10-01,63405.0,420.06,28,1-29 Days,2,Active,N
LN-20062,2025-11-01,215014.59,1424.47,2,1-29 Days,2,Active,N
LN-20062,2025-12-01,117096.55,775.76,7,1-29 Days,2,Active,N
LN-20062,2026-01-01,201711.43,1336.34,6,1-29 Days,2,Active,N
LN-20062,2026-02-01,229738.25,1522.02,0,Current,2,Active,N
LN-20062,2026-03-01,326461.27,2162.81,0,Current,2,Active,N
LN-20062,2026-04-01,355687.36,2356.43,0,Current,2,Active,N
LN-20062,2026-05-01,351768.31,2330.47,0,Current,2,Active,N
LN-20062,2026-06-01,354229.38,2346.77,0,Current,2,Active,N
LN-20062,2026-07-01,203689.93,1349.45,0,Current,2,Active,N
LN-20063,2024-08-01,64354.06,970.63,0,Current,2,Active,N
LN-20063,2024-09-01,63726.12,970.63,0,Current,2,Active,N
LN-20063,2024-10-01,63094.83,970.63,0,Current,2,Active,N
LN-20063,2024-11-01,62460.17,970.63,0,Current,2,Active,N
LN-20063,2024-12-01,61822.14,970.63,0,Current,2,Active,N
LN-20063,2025-01-01,61180.71,970.63,0,Current,2,Active,N
LN-20063,2025-02-01,60535.86,970.63,0,Current,2,Active,N
LN-20063,2025-03-01,59887.58,970.63,0,Current,2,Active,N
LN-20063,2025-04-01,59235.85,970.63,0,Current,2,Active,N
LN-20063,2025-05-01,58580.65,970.63,0,Current,2,Active,N
LN-20063,2025-06-01,57921.96,970.63,0,Current,2,Active,N
LN-20063,2025-07-01,57259.76,970.63,0,Current,2,Active,N
LN-20063,2025-08-01,56594.03,970.63,0,Current,2,Active,N
LN-20063,2025-09-01,55924.76,970.63,0,Current,2,Active,N
LN-20063,2025-10-01,55251.93,970.63,0,Current,2,Active,N
LN-20063,2025-11-01,54575.51,970.63,0,Current,2,Active,N
LN-20063,2025-12-01,53895.49,970.63,0,Current,2,Active,N
LN-20063,2026-01-01,53211.85,970.63,0,Current,2,Active,N
LN-20063,2026-02-01,52524.57,970.63,0,Current,2,Active,N
LN-20063,2026-03-01,51833.63,970.63,0,Current,2,Active,N
LN-20063,2026-04-01,51139.01,970.63,0,Current,2,Active,N
LN-20063,2026-05-01,50440.7,970.63,0,Current,2,Active,N
LN-20063,2026-06-01,49738.66,970.63,0,Current,2,Active,N
LN-20063,2026-07-01,49032.88,970.63,16,1-29 Days,2,Active,Y
LN-20064,2025-10-01,843100.0,10313.97,0,Current,3,Active,N
LN-20064,2025-11-01,838540.19,10313.97,0,Current,3,Active,N
LN-20064,2025-12-01,833949.25,10313.97,0,Current,3,Active,N
LN-20064,2026-01-01,829326.99,10313.97,0,Current,3,Active,N
LN-20064,2026-02-01,824673.18,10313.97,0,Current,3,Active,N
LN-20064,2026-03-01,819987.6,10313.97,0,Current,3,Active,N
LN-20064,2026-04-01,815270.05,10313.97,0,Current,3,Active,N
LN-20064,2026-05-01,810520.29,10313.97,0,Current,3,Active,N
LN-20064,2026-06-01,805738.13,10313.97,0,Current,3,Active,N
LN-20064,2026-07-01,800923.32,10313.97,16,1-29 Days,3,Active,Y
LN-20065,2025-10-01,981200.0,6897.41,0,Current,1,Active,N
LN-20065,2025-11-01,979977.2,6897.41,0,Current,1,Active,N
LN-20065,2025-12-01,978747.33,6897.41,0,Current,1,Active,N
LN-20065,2026-01-01,977510.34,6897.41,0,Current,1,Active,N
LN-20065,2026-02-01,976266.21,6897.41,0,Current,1,Active,N
LN-20065,2026-03-01,975014.87,6897.41,0,Current,1,Active,N
LN-20065,2026-04-01,973756.3,6897.41,0,Current,1,Active,N
LN-20065,2026-05-01,972490.45,6897.41,0,Current,1,Active,N
LN-20065,2026-06-01,971217.28,6897.41,0,Current,1,Active,N
LN-20065,2026-07-01,969936.75,6897.41,0,Current,1,Active,N
LN-20066,2024-08-01,208240.24,1490.65,0,Current,1,Active,N
LN-20066,2024-09-01,247886.44,1774.45,0,Current,1,Active,N
LN-20066,2024-10-01,71584.54,512.43,0,Current,1,Active,N
LN-20066,2024-11-01,204197.71,1461.72,0,Current,1,Active,N
LN-20066,2024-12-01,237432.63,1699.62,0,Current,1,Active,N
LN-20066,2025-01-01,218681.37,1565.39,0,Current,1,Active,N
LN-20066,2025-02-01,222052.11,1589.52,0,Current,1,Active,N
LN-20066,2025-03-01,372362.75,2665.5,0,Current,1,Active,N
LN-20066,2025-04-01,286861.74,2053.45,0,Current,1,Active,N
LN-20066,2025-05-01,279697.44,2002.17,0,Current,1,Active,N
LN-20066,2025-06-01,369147.18,2642.48,0,Current,1,Active,N
LN-20066,2025-07-01,213932.8,1531.4,13,1-29 Days,1,Active,Y
LN-20066,2025-08-01,248373.23,1777.94,27,1-29 Days,1,Active,N
LN-20066,2025-09-01,173565.2,1242.44,7,1-29 Days,1,Active,N
LN-20066,2025-10-01,153359.6,1097.8,23,1-29 Days,1,Active,N
LN-20066,2025-11-01,175839.51,1258.72,29,1-29 Days,1,Active,N
LN-20066,2025-12-01,152721.92,1093.23,7,1-29 Days,1,Active,N
LN-20066,2026-01-01,259552.03,1857.96,20,1-29 Days,1,Active,N
LN-20066,2026-02-01,220396.14,1577.67,14,1-29 Days,1,Active,N
LN-20066,2026-03-01,324359.22,2321.87,0,Current,1,Active,N
LN-20066,2026-04-01,316915.09,2268.58,0,Current,1,Active,N
LN-20066,2026-05-01,298486.47,2136.67,0,Current,1,Active,N
LN-20066,2026-06-01,392124.6,2806.96,0,Current,1,Active,N
LN-20066,2026-07-01,258879.96,1853.15,0,Current,1,Active,N
LN-20067,2025-03-01,769900.0,9385.82,0,Current,1,Active,N
LN-20067,2025-04-01,765717.42,9385.82,0,Current,1,Active,N
LN-20067,2025-05-01,761506.57,9385.82,0,Current,1,Active,N
LN-20067,2025-06-01,757267.27,9385.82,0,Current,1,Active,N
LN-20067,2025-07-01,752999.31,9385.82,0,Current,1,Active,N
LN-20067,2025-08-01,748702.51,9385.82,0,Current,1,Active,N
LN-20067,2025-09-01,744376.67,9385.82,0,Current,1,Active,N
LN-20067,2025-10-01,740021.59,9385.82,0,Current,1,Active,N
LN-20067,2025-11-01,735637.08,9385.82,0,Current,1,Active,N
LN-20067,2025-12-01,731222.94,9385.82,0,Current,1,Active,N
LN-20067,2026-01-01,726778.97,9385.82,0,Current,1,Active,N
LN-20067,2026-02-01,722304.96,9385.82,0,Current,1,Active,N
LN-20067,2026-03-01,717800.72,9385.82,0,Current,1,Active,N
LN-20067,2026-04-01,713266.03,9385.82,0,Current,1,Active,N
LN-20067,2026-05-01,708700.7,9385.82,0,Current,1,Active,N
LN-20067,2026-06-01,704104.52,9385.82,0,Current,1,Active,N
LN-20067,2026-07-01,699477.27,9385.82,0,Current,1,Active,N
LN-20068,2024-08-01,201440.53,1272.43,0,Current,1,Active,N
LN-20068,2024-09-01,244756.52,1546.05,0,Current,1,Active,N
LN-20068,2024-10-01,240803.34,1521.07,0,Current,1,Active,N
LN-20068,2024-11-01,135827.42,857.98,0,Current,1,Active,N
LN-20068,2024-12-01,188788.21,1192.51,0,Current,1,Active,N
LN-20068,2025-01-01,261631.54,1652.64,0,Current,1,Active,N
LN-20068,2025-02-01,260076.68,1642.82,0,Current,1,Active,N
LN-20068,2025-03-01,271928.56,1717.68,0,Current,1,Active,N
LN-20068,2025-04-01,301848.86,1906.68,0,Current,1,Active,N
LN-20068,2025-05-01,379528.86,2397.36,0,Current,1,Active,N
LN-20068,2025-06-01,351861.97,2222.59,0,Current,1,Active,N
LN-20068,2025-07-01,240256.12,1517.62,0,Current,1,Active,N
LN-20068,2025-08-01,190921.51,1205.99,0,Current,1,Active,N
LN-20068,2025-09-01,219375.23,1385.72,0,Current,1,Active,N
LN-20068,2025-10-01,163864.8,1035.08,0,Current,1,Active,N
LN-20068,2025-11-01,294679.6,1861.39,0,Current,1,Active,N
LN-20068,2025-12-01,139719.86,882.56,0,Current,1,Active,N
LN-20068,2026-01-01,254502.17,1607.61,0,Current,1,Active,N
LN-20068,2026-02-01,255804.8,1615.83,0,Current,1,Active,N
LN-20068,2026-03-01,371258.49,2345.12,0,Current,1,Active,N
LN-20068,2026-04-01,329921.12,2084.0,0,Current,1,Active,N
LN-20068,2026-05-01,343085.4,2167.16,0,Current,1,Active,N
LN-20068,2026-06-01,300691.75,1899.37,0,Current,1,Active,N
LN-20068,2026-07-01,216685.02,1368.73,0,Current,1,Active,N
LN-20069,2025-03-01,71704.44,525.24,0,Current,1,Active,N
LN-20069,2025-04-01,76835.66,562.82,0,Current,1,Active,N
LN-20069,2025-05-01,93038.01,681.5,0,Current,1,Active,N
LN-20069,2025-06-01,82483.59,604.19,0,Current,1,Active,N
LN-20069,2025-07-01,65908.11,482.78,0,Current,1,Active,N
LN-20069,2025-08-01,47759.92,349.84,0,Current,1,Active,N
LN-20069,2025-09-01,73921.31,541.47,0,Current,1,Active,N
LN-20069,2025-10-01,49212.12,360.48,0,Current,1,Active,N
LN-20069,2025-11-01,59171.41,433.43,0,Current,1,Active,N
LN-20069,2025-12-01,29085.69,213.05,0,Current,1,Active,N
LN-20069,2026-01-01,59819.98,438.18,0,Current,1,Active,N
LN-20069,2026-02-01,57010.38,417.6,0,Current,1,Active,N
LN-20069,2026-03-01,82482.62,604.19,0,Current,1,Active,N
LN-20069,2026-04-01,70601.8,517.16,0,Current,1,Active,N
LN-20069,2026-05-01,87440.49,640.5,0,Current,1,Active,N
LN-20069,2026-06-01,71391.83,522.95,0,Current,1,Active,N
LN-20069,2026-07-01,66548.09,487.46,0,Current,1,Active,N
LN-20071,2024-08-01,1725695.09,20949.77,85,60-89 Days,3,Active,N
LN-20071,2024-09-01,1713517.6,20949.77,77,60-89 Days,3,Active,N
LN-20071,2024-10-01,1701278.22,20949.77,0,Current,2,Active,N
LN-20071,2024-11-01,1688976.61,20949.77,0,Current,2,Active,N
LN-20071,2024-12-01,1676612.48,20949.77,0,Current,2,Active,N
LN-20071,2025-01-01,1664185.49,20949.77,0,Current,2,Active,N
LN-20071,2025-02-01,1651695.33,20949.77,0,Current,2,Active,N
LN-20071,2025-03-01,1639141.68,20949.77,0,Current,2,Active,N
LN-20071,2025-04-01,1626524.22,20949.77,0,Current,2,Active,N
LN-20071,2025-05-01,1613842.62,20949.77,0,Current,2,Active,N
LN-20071,2025-06-01,1601096.55,20949.77,0,Current,2,Active,N
LN-20071,2025-07-01,1588285.69,20949.77,0,Current,2,Active,N
LN-20071,2025-08-01,1575409.71,20949.77,0,Current,2,Active,N
LN-20071,2025-09-01,1562468.28,20949.77,0,Current,2,Active,N
LN-20071,2025-10-01,1549461.06,20949.77,0,Current,2,Active,N
LN-20071,2025-11-01,1536387.72,20949.77,0,Current,2,Active,N
LN-20071,2025-12-01,1523247.92,20949.77,0,Current,2,Active,N
LN-20071,2026-01-01,1510041.33,20949.77,0,Current,2,Active,N
LN-20071,2026-02-01,1496767.61,20949.77,0,Current,2,Active,N
LN-20071,2026-03-01,1483426.41,20949.77,0,Current,2,Active,N
LN-20071,2026-04-01,1470017.39,20949.77,0,Current,2,Active,N
LN-20071,2026-05-01,1456540.21,20949.77,0,Current,2,Active,N
LN-20071,2026-06-01,1442994.53,20949.77,0,Current,2,Active,N
LN-20071,2026-07-01,1429379.98,20949.77,0,Current,2,Active,N
LN-20072,2024-08-01,146842.54,1031.57,0,Current,1,Active,N
LN-20072,2024-09-01,138112.98,970.24,0,Current,1,Active,N
LN-20072,2024-10-01,98228.3,690.05,0,Current,1,Active,N
LN-20072,2024-11-01,108775.79,764.15,0,Current,1,Active,N
LN-20072,2024-12-01,103743.42,728.8,0,Current,1,Active,N
LN-20072,2025-01-01,129008.34,906.28,0,Current,1,Active,N
LN-20072,2025-02-01,159266.13,1118.84,0,Current,1,Active,N
LN-20072,2025-03-01,245437.45,1724.2,0,Current,1,Active,N
LN-20072,2025-04-01,196628.51,1381.32,0,Current,1,Active,N
LN-20072,2025-05-01,167875.64,1179.33,0,Current,1,Active,N
LN-20072,2025-06-01,174933.63,1228.91,0,Current,1,Active,N
LN-20072,2025-07-01,106030.91,744.87,0,Current,1,Active,N
LN-20072,2025-08-01,130084.39,913.84,0,Current,1,Active,N
LN-20072,2025-09-01,151573.91,1064.81,0,Current,1,Active,N
LN-20072,2025-10-01,79057.81,555.38,0,Current,1,Active,N
LN-20072,2025-11-01,102551.69,720.43,0,Current,1,Active,N
LN-20072,2025-12-01,98690.79,693.3,0,Current,1,Active,N
LN-20072,2026-01-01,209132.2,1469.15,0,Current,1,Active,N
LN-20072,2026-02-01,185452.68,1302.81,0,Current,1,Active,N
LN-20072,2026-03-01,148949.23,1046.37,0,Current,1,Active,N
LN-20072,2026-04-01,167502.72,1176.71,0,Current,1,Active,N
LN-20072,2026-05-01,173009.9,1215.39,0,Current,1,Active,N
LN-20072,2026-06-01,192047.47,1349.13,0,Current,1,Active,N
LN-20072,2026-07-01,129955.01,912.93,0,Current,1,Active,N
LN-20073,2024-08-01,16420.01,5542.9,0,Current,1,Active,N
LN-20073,2024-09-01,10981.24,5542.9,0,Current,1,Active,N
LN-20073,2024-10-01,5507.97,5542.9,0,Current,1,Active,N
LN-20074,2024-08-01,70359.56,3757.88,0,Current,1,Active,N
LN-20074,2024-09-01,67049.64,3757.88,0,Current,1,Active,N
LN-20074,2024-10-01,63718.64,3757.88,0,Current,1,Active,N
LN-20074,2024-11-01,60366.44,3757.88,0,Current,1,Active,N
LN-20074,2024-12-01,56992.89,3757.88,0,Current,1,Active,N
LN-20074,2025-01-01,53597.87,3757.88,0,Current,1,Active,N
LN-20074,2025-02-01,50181.22,3757.88,0,Current,1,Active,N
LN-20074,2025-03-01,46742.83,3757.88,0,Current,1,Active,N
LN-20074,2025-04-01,43282.55,3757.88,0,Current,1,Active,N
LN-20074,2025-05-01,39800.23,3757.88,0,Current,1,Active,N
LN-20074,2025-06-01,36295.75,3757.88,0,Current,1,Active,N
LN-20074,2025-07-01,32768.95,3757.88,0,Current,1,Active,N
LN-20074,2025-08-01,29219.7,3757.88,0,Current,1,Active,N
LN-20074,2025-09-01,25647.85,3757.88,0,Current,1,Active,N
LN-20074,2025-10-01,22053.26,3757.88,0,Current,1,Active,N
LN-20074,2025-11-01,18435.79,3757.88,0,Current,1,Active,N
LN-20074,2025-12-01,14795.28,3757.88,0,Current,1,Active,N
LN-20074,2026-01-01,11131.6,3757.88,0,Current,1,Active,N
LN-20074,2026-02-01,7444.59,3757.88,0,Current,1,Active,N
LN-20074,2026-03-01,3734.11,3757.88,0,Current,1,Active,N
LN-20075,2024-08-01,348379.47,9222.46,0,Current,1,Active,N
LN-20075,2024-09-01,341258.89,9222.46,0,Current,1,Active,N
LN-20075,2024-10-01,334095.36,9222.46,0,Current,1,Active,N
LN-20075,2024-11-01,326888.6,9222.46,0,Current,1,Active,N
LN-20075,2024-12-01,319638.37,9222.46,0,Current,1,Active,N
LN-20075,2025-01-01,312344.39,9222.46,0,Current,1,Active,N
LN-20075,2025-02-01,305006.4,9222.46,0,Current,1,Active,N
LN-20075,2025-03-01,297624.15,9222.46,0,Current,1,Active,N
LN-20075,2025-04-01,290197.35,9222.46,0,Current,1,Active,N
LN-20075,2025-05-01,282725.74,9222.46,0,Current,1,Active,N
LN-20075,2025-06-01,275209.06,9222.46,0,Current,1,Active,N
LN-20075,2025-07-01,267647.02,9222.46,0,Current,1,Active,N
LN-20075,2025-08-01,260039.36,9222.46,0,Current,1,Active,N
LN-20075,2025-09-01,252385.8,9222.46,0,Current,1,Active,N
LN-20075,2025-10-01,244686.07,9222.46,0,Current,1,Active,N
LN-20075,2025-11-01,236939.87,9222.46,0,Current,1,Active,N
LN-20075,2025-12-01,229146.95,9222.46,0,Current,1,Active,N
LN-20075,2026-01-01,221307.0,9222.46,0,Current,1,Active,N
LN-20075,2026-02-01,213419.76,9222.46,0,Current,1,Active,N
LN-20075,2026-03-01,205484.93,9222.46,0,Current,1,Active,N
LN-20075,2026-04-01,197502.22,9222.46,0,Current,1,Active,N
LN-20075,2026-05-01,189471.36,9222.46,0,Current,1,Active,N
LN-20075,2026-06-01,181392.04,9222.46,0,Current,1,Active,N
LN-20075,2026-07-01,173263.97,9222.46,0,Current,1,Active,N
LN-20077,2025-10-01,2777000.0,19338.66,0,Current,1,Active,N
LN-20077,2025-11-01,2770736.38,19338.66,0,Current,1,Active,N
LN-20077,2025-12-01,2764443.27,19338.66,0,Current,1,Active,N
LN-20077,2026-01-01,2758120.53,19338.66,0,Current,1,Active,N
LN-20077,2026-02-01,2751768.02,19338.66,0,Current,1,Active,N
LN-20077,2026-03-01,2745385.6,19338.66,0,Current,1,Active,N
LN-20077,2026-04-01,2738973.13,19338.66,0,Current,1,Active,N
LN-20077,2026-05-01,2732530.47,19338.66,0,Current,1,Active,N
LN-20077,2026-06-01,2726057.47,19338.66,0,Current,1,Active,N
LN-20077,2026-07-01,2719554.0,19338.66,0,Current,1,Active,N
LN-20079,2026-05-01,428000.0,6662.37,0,Current,1,Active,N
LN-20079,2026-06-01,424176.69,6662.37,0,Current,1,Active,N
LN-20079,2026-07-01,420328.02,6662.37,0,Current,1,Active,N
LN-20080,2026-01-01,439700.0,6779.01,0,Current,1,Active,N
LN-20080,2026-02-01,435727.74,6779.01,0,Current,1,Active,N
LN-20080,2026-03-01,431730.12,6779.01,0,Current,1,Active,N
LN-20080,2026-04-01,427706.98,6779.01,0,Current,1,Active,N
LN-20080,2026-05-01,423658.16,6779.01,0,Current,1,Active,N
LN-20080,2026-06-01,419583.5,6779.01,0,Current,1,Active,N
LN-20080,2026-07-01,415482.83,6779.01,0,Current,1,Active,N
LN-20081,2024-08-01,776924.91,21864.31,0,Current,2,Active,N
LN-20081,2024-09-01,760499.07,21864.31,0,Current,2,Active,N
LN-20081,2024-10-01,743958.25,21864.31,0,Current,2,Active,N
LN-20081,2024-11-01,727301.65,21864.31,0,Current,2,Active,N
LN-20081,2024-12-01,710528.45,21864.31,0,Current,2,Active,N
LN-20081,2025-01-01,693637.84,21864.31,0,Current,2,Active,N
LN-20081,2025-02-01,676628.99,21864.31,0,Current,2,Active,N
LN-20081,2025-03-01,659501.08,21864.31,0,Current,2,Active,N
LN-20081,2025-04-01,642253.28,21864.31,157,90+ Days,3,Delinquent - Default Pending,Y
LN-20082,2024-08-01,504715.38,9000.28,0,Current,2,Active,N
LN-20082,2024-09-01,498444.77,9000.28,0,Current,2,Active,N
LN-20082,2024-10-01,492140.25,9000.28,0,Current,2,Active,N
LN-20082,2024-11-01,485801.63,9000.28,0,Current,2,Active,N
LN-20082,2024-12-01,479428.73,9000.28,0,Current,2,Active,N
LN-20082,2025-01-01,473021.36,9000.28,0,Current,2,Active,N
LN-20082,2025-02-01,466579.34,9000.28,0,Current,2,Active,N
LN-20082,2025-03-01,460102.48,9000.28,0,Current,2,Active,N
LN-20082,2025-04-01,453590.59,9000.28,0,Current,2,Active,N
LN-20082,2025-05-01,447043.48,9000.28,0,Current,2,Active,N
LN-20082,2025-06-01,440460.96,9000.28,0,Current,2,Active,N
LN-20082,2025-07-01,433842.84,9000.28,0,Current,2,Active,N
LN-20082,2025-08-01,427188.93,9000.28,0,Current,2,Active,N
LN-20082,2025-09-01,420499.03,9000.28,0,Current,2,Active,N
LN-20082,2025-10-01,413772.95,9000.28,0,Current,2,Active,N
LN-20082,2025-11-01,407010.5,9000.28,0,Current,2,Active,N
LN-20082,2025-12-01,400211.47,9000.28,0,Current,2,Active,N
LN-20082,2026-01-01,393375.67,9000.28,0,Current,2,Active,N
LN-20082,2026-02-01,386502.89,9000.28,61,60-89 Days,3,Active,Y
LN-20082,2026-03-01,379592.95,9000.28,78,60-89 Days,3,Active,N
LN-20082,2026-04-01,372645.64,9000.28,29,1-29 Days,2,Active,N
LN-20082,2026-05-01,365660.75,9000.28,16,1-29 Days,2,Active,N
LN-20082,2026-06-01,358638.09,9000.28,6,1-29 Days,2,Active,N
LN-20082,2026-07-01,351577.45,9000.28,6,1-29 Days,2,Active,N
LN-20083,2025-11-01,491600.0,7250.11,0,Current,1,Active,N
LN-20083,2025-12-01,486926.7,7250.11,0,Current,1,Active,N
LN-20083,2026-01-01,482228.9,7250.11,0,Current,1,Active,N
LN-20083,2026-02-01,477506.48,7250.11,0,Current,1,Active,N
LN-20083,2026-03-01,472759.3,7250.11,0,Current,1,Active,N
LN-20083,2026-04-01,467987.24,7250.11,0,Current,1,Active,N
LN-20083,2026-05-01,463190.17,7250.11,0,Current,1,Active,N
LN-20083,2026-06-01,458367.95,7250.11,0,Current,1,Active,N
LN-20083,2026-07-01,453520.46,7250.11,0,Current,1,Active,N
LN-20084,2025-08-01,266400.0,5340.64,0,Current,1,Active,N
LN-20084,2025-09-01,262728.8,5340.64,0,Current,1,Active,N
LN-20084,2025-10-01,259034.59,5340.64,0,Current,1,Active,N
LN-20084,2025-11-01,255317.23,5340.64,0,Current,1,Active,N
LN-20084,2025-12-01,251576.58,5340.64,0,Current,1,Active,N
LN-20084,2026-01-01,247812.48,5340.64,0,Current,1,Active,N
LN-20084,2026-02-01,244024.8,5340.64,0,Current,1,Active,N
LN-20084,2026-03-01,240213.38,5340.64,0,Current,1,Active,N
LN-20084,2026-04-01,236378.08,5340.64,0,Current,1,Active,N
LN-20084,2026-05-01,232518.74,5340.64,0,Current,1,Active,N
LN-20084,2026-06-01,228635.21,5340.64,0,Current,1,Active,N
LN-20084,2026-07-01,224727.35,5340.64,0,Current,1,Active,N
LN-20085,2026-01-01,211612.56,1303.18,0,Current,1,Active,N
LN-20085,2026-02-01,206910.99,1274.23,0,Current,1,Active,N
LN-20085,2026-03-01,278284.5,1713.77,0,Current,1,Active,N
LN-20085,2026-04-01,242161.18,1491.31,0,Current,1,Active,N
LN-20085,2026-05-01,316258.56,1947.63,0,Current,1,Active,N
LN-20085,2026-06-01,338061.58,2081.9,0,Current,1,Active,N
LN-20085,2026-07-01,225038.5,1385.86,0,Current,1,Active,N
LN-20086,2024-08-01,150185.58,932.4,0,Current,2,Active,N
LN-20086,2024-09-01,108355.83,672.71,0,Current,2,Active,N
LN-20086,2024-10-01,112500.56,698.44,0,Current,2,Active,N
LN-20086,2024-11-01,74275.97,461.13,0,Current,2,Active,N
LN-20086,2024-12-01,65393.22,405.98,0,Current,2,Active,N
LN-20086,2025-01-01,97395.93,604.67,0,Current,2,Active,N
LN-20086,2025-02-01,86101.35,534.55,0,Current,2,Active,N
LN-20086,2025-03-01,133669.48,829.86,0,Current,2,Active,N
LN-20086,2025-04-01,137733.13,855.09,0,Current,2,Active,N
LN-20086,2025-05-01,164753.69,1022.85,0,Current,2,Active,N
LN-20086,2025-06-01,161205.18,1000.82,0,Current,2,Active,N
LN-20086,2025-07-01,95129.58,590.6,0,Current,2,Active,N
LN-20086,2025-08-01,102244.98,634.77,0,Current,2,Active,N
LN-20086,2025-09-01,91846.12,570.21,0,Current,2,Active,N
LN-20086,2025-10-01,84421.54,524.12,0,Current,2,Active,N
LN-20086,2025-11-01,84370.15,523.8,0,Current,2,Active,N
LN-20086,2025-12-01,78074.15,484.71,0,Current,2,Active,N
LN-20086,2026-01-01,113201.72,702.79,0,Current,2,Active,N
LN-20086,2026-02-01,108620.79,674.35,0,Current,2,Active,N
LN-20086,2026-03-01,170192.72,1056.61,0,Current,2,Active,N
LN-20086,2026-04-01,127593.78,792.14,0,Current,2,Active,N
LN-20086,2026-05-01,146605.63,910.18,0,Current,2,Active,N
LN-20086,2026-06-01,131393.75,815.74,0,Current,2,Active,N
LN-20086,2026-07-01,122040.85,757.67,0,Current,2,Active,N
LN-20087,2024-08-01,159135.1,13762.11,0,Current,2,Active,N
LN-20087,2024-09-01,146288.02,13762.11,0,Current,2,Active,N
LN-20087,2024-10-01,133367.07,13762.11,0,Current,2,Active,N
LN-20087,2024-11-01,120371.82,13762.11,0,Current,2,Active,N
LN-20087,2024-12-01,107301.85,13762.11,0,Current,2,Active,N
LN-20087,2025-01-01,94156.73,13762.11,0,Current,2,Active,N
LN-20087,2025-02-01,80936.02,13762.11,0,Current,2,Active,N
LN-20087,2025-03-01,67639.3,13762.11,0,Current,2,Active,N
LN-20087,2025-04-01,54266.12,13762.11,0,Current,2,Active,N
LN-20087,2025-05-01,40816.04,13762.11,0,Current,2,Active,N
LN-20087,2025-06-01,27288.63,13762.11,0,Current,2,Active,N
LN-20087,2025-07-01,13683.43,13762.11,0,Current,2,Active,N
LN-20088,2024-08-01,320469.9,8076.33,0,Current,2,Active,N
LN-20088,2024-09-01,314188.2,8076.33,0,Current,2,Active,N
LN-20088,2024-10-01,307871.32,8076.33,0,Current,2,Active,N
LN-20088,2024-11-01,301519.07,8076.33,0,Current,2,Active,N
LN-20088,2024-12-01,295131.24,8076.33,0,Current,2,Active,N
LN-20088,2025-01-01,288707.64,8076.33,0,Current,2,Active,N
LN-20088,2025-02-01,282248.07,8076.33,0,Current,2,Active,N
LN-20088,2025-03-01,275752.33,8076.33,0,Current,2,Active,N
LN-20088,2025-04-01,269220.21,8076.33,0,Current,2,Active,N
LN-20088,2025-05-01,262651.51,8076.33,0,Current,2,Active,N
LN-20088,2025-06-01,256046.02,8076.33,0,Current,2,Active,N
LN-20088,2025-07-01,249403.54,8076.33,0,Current,2,Active,N
LN-20088,2025-08-01,242723.87,8076.33,0,Current,2,Active,N
LN-20088,2025-09-01,236006.79,8076.33,0,Current,2,Active,N
LN-20088,2025-10-01,229252.1,8076.33,0,Current,2,Active,N
LN-20088,2025-11-01,222459.57,8076.33,0,Current,2,Active,N
LN-20088,2025-12-01,215629.01,8076.33,0,Current,2,Active,N
LN-20088,2026-01-01,208760.2,8076.33,0,Current,2,Active,N
LN-20088,2026-02-01,201852.93,8076.33,0,Current,2,Active,N
LN-20088,2026-03-01,194906.97,8076.33,0,Current,2,Active,N
LN-20088,2026-04-01,187922.11,8076.33,0,Current,2,Active,N
LN-20088,2026-05-01,180898.14,8076.33,0,Current,2,Active,N
LN-20088,2026-06-01,173834.84,8076.33,0,Current,2,Active,N
LN-20088,2026-07-01,166731.98,8076.33,0,Current,2,Active,N
LN-20090,2024-08-01,178727.65,10033.29,0,Current,1,Active,N
LN-20090,2024-09-01,169862.04,10033.29,0,Current,1,Active,N
LN-20090,2024-10-01,160938.51,10033.29,0,Current,1,Active,N
LN-20090,2024-11-01,151956.68,10033.29,0,Current,1,Active,N
LN-20090,2024-12-01,142916.17,10033.29,0,Current,1,Active,N
LN-20090,2025-01-01,133816.6,10033.29,0,Current,1,Active,N
LN-20090,2025-02-01,124657.57,10033.29,0,Current,1,Active,N
LN-20090,2025-03-01,115438.71,10033.29,0,Current,1,Active,N
LN-20090,2025-04-01,106159.62,10033.29,0,Current,1,Active,N
LN-20090,2025-05-01,96819.9,10033.29,0,Current,1,Active,N
LN-20090,2025-06-01,87419.16,10033.29,0,Current,1,Active,N
LN-20090,2025-07-01,77957.0,10033.29,49,30-59 Days,1,Active,Y
LN-20090,2025-08-01,68433.03,10033.29,52,30-59 Days,1,Active,N
LN-20090,2025-09-01,58846.83,10033.29,35,30-59 Days,1,Active,N
LN-20090,2025-10-01,49198.0,10033.29,0,Current,1,Active,N
LN-20090,2025-11-01,39486.14,10033.29,0,Current,1,Active,N
LN-20090,2025-12-01,29710.82,10033.29,0,Current,1,Active,N
LN-20090,2026-01-01,19871.63,10033.29,0,Current,1,Active,N
LN-20090,2026-02-01,9968.17,10033.29,0,Current,1,Active,N
LN-20091,2024-12-01,173200.0,2697.81,0,Current,3,Active,N
LN-20091,2025-01-01,171653.97,2697.81,0,Current,3,Active,N
LN-20091,2025-02-01,170097.67,2697.81,0,Current,3,Active,N
LN-20091,2025-03-01,168531.01,2697.81,0,Current,3,Active,N
LN-20091,2025-04-01,166953.93,2697.81,0,Current,3,Active,N
LN-20091,2025-05-01,165366.37,2697.81,0,Current,3,Active,N
LN-20091,2025-06-01,163768.25,2697.81,0,Current,3,Active,N
LN-20091,2025-07-01,162159.5,2697.81,0,Current,3,Active,N
LN-20091,2025-08-01,160540.05,2697.81,0,Current,3,Active,N
LN-20091,2025-09-01,158909.84,2697.81,0,Current,3,Active,N
LN-20091,2025-10-01,157268.78,2697.81,0,Current,3,Active,N
LN-20091,2025-11-01,155616.81,2697.81,0,Current,3,Active,N
LN-20091,2025-12-01,153953.86,2697.81,0,Current,3,Active,N
LN-20091,2026-01-01,152279.84,2697.81,0,Current,3,Active,N
LN-20091,2026-02-01,150594.7,2697.81,0,Current,3,Active,N
LN-20091,2026-03-01,148898.35,2697.81,54,30-59 Days,3,Active,Y
LN-20091,2026-04-01,147190.71,2697.81,43,30-59 Days,3,Active,N
LN-20091,2026-05-01,145471.72,2697.81,46,30-59 Days,3,Active,N
LN-20091,2026-06-01,143741.3,2697.81,0,Current,3,Active,N
LN-20091,2026-07-01,141999.38,2697.81,0,Current,3,Active,N
LN-20092,2024-08-01,28524.16,190.64,0,Current,1,Active,N
LN-20092,2024-09-01,28974.29,193.64,0,Current,1,Active,N
LN-20092,2024-10-01,24813.35,165.84,0,Current,1,Active,N
LN-20092,2024-11-01,18882.28,126.2,0,Current,1,Active,N
LN-20092,2024-12-01,16641.25,111.22,0,Current,1,Active,N
LN-20092,2025-01-01,33775.25,225.73,0,Current,1,Active,N
LN-20092,2025-02-01,28583.79,191.03,0,Current,1,Active,N
LN-20092,2025-03-01,42608.21,284.76,0,Current,1,Active,N
LN-20092,2025-04-01,36742.48,245.56,0,Current,1,Active,N
LN-20092,2025-05-01,36869.38,246.41,0,Current,1,Active,N
LN-20092,2025-06-01,32122.2,214.68,0,Current,1,Active,N
LN-20092,2025-07-01,26663.18,178.2,0,Current,1,Active,N
LN-20092,2025-08-01,34181.09,228.44,0,Current,1,Active,N
LN-20092,2025-09-01,24912.06,166.5,0,Current,1,Active,N
LN-20092,2025-10-01,24706.82,165.12,0,Current,1,Active,N
LN-20092,2025-11-01,9479.61,63.36,0,Current,1,Active,N
LN-20092,2025-12-01,16238.36,108.53,0,Current,1,Active,N
LN-20092,2026-01-01,30884.27,206.41,0,Current,1,Active,N
LN-20092,2026-02-01,21182.28,141.57,0,Current,1,Active,N
LN-20092,2026-03-01,34636.33,231.49,0,Current,1,Active,N
LN-20092,2026-04-01,42769.37,285.84,0,Current,1,Active,N
LN-20092,2026-05-01,39234.86,262.22,0,Current,1,Active,N
LN-20092,2026-06-01,48079.73,321.33,0,Current,1,Active,N
LN-20092,2026-07-01,34856.08,232.95,0,Current,1,Active,N
LN-20093,2024-08-01,219299.82,18971.26,0,Current,1,Active,N
LN-20093,2024-09-01,201600.5,18971.26,14,1-29 Days,1,Active,Y
LN-20093,2024-10-01,183798.53,18971.26,10,1-29 Days,1,Active,N
LN-20093,2024-11-01,165893.31,18971.26,11,1-29 Days,1,Active,N
LN-20093,2024-12-01,147884.23,18971.26,0,Current,1,Active,N
LN-20093,2025-01-01,129770.7,18971.26,0,Current,1,Active,N
LN-20093,2025-02-01,111552.12,18971.26,0,Current,1,Active,N
LN-20093,2025-03-01,93227.86,18971.26,0,Current,1,Active,N
LN-20093,2025-04-01,74797.33,18971.26,0,Current,1,Active,N
LN-20093,2025-05-01,56259.9,18971.26,0,Current,1,Active,N
LN-20093,2025-06-01,37614.95,18971.26,0,Current,1,Active,N
LN-20093,2025-07-01,18861.86,18971.26,0,Current,1,Active,N
LN-20094,2024-08-01,247240.47,4913.92,0,Current,1,Active,N
LN-20094,2024-09-01,243678.13,4913.92,0,Current,1,Active,N
LN-20094,2024-10-01,240096.32,4913.92,0,Current,1,Active,N
LN-20094,2024-11-01,236494.93,4913.92,0,Current,1,Active,N
LN-20094,2024-12-01,232873.86,4913.92,0,Current,1,Active,N
LN-20094,2025-01-01,229232.98,4913.92,0,Current,1,Active,N
LN-20094,2025-02-01,225572.21,4913.92,0,Current,1,Active,N
LN-20094,2025-03-01,221891.42,4913.92,0,Current,1,Active,N
LN-20094,2025-04-01,218190.51,4913.92,0,Current,1,Active,N
LN-20094,2025-05-01,214469.36,4913.92,0,Current,1,Active,N
LN-20094,2025-06-01,210727.88,4913.92,0,Current,1,Active,N
LN-20094,2025-07-01,206965.94,4913.92,0,Current,1,Active,N
LN-20094,2025-08-01,203183.44,4913.92,0,Current,1,Active,N
LN-20094,2025-09-01,199380.26,4913.92,0,Current,1,Active,N
LN-20094,2025-10-01,195556.29,4913.92,0,Current,1,Active,N
LN-20094,2025-11-01,191711.41,4913.92,0,Current,1,Active,N
LN-20094,2025-12-01,187845.52,4913.92,0,Current,1,Active,N
LN-20094,2026-01-01,183958.49,4913.92,0,Current,1,Active,N
LN-20094,2026-02-01,180050.21,4913.92,0,Current,1,Active,N
LN-20094,2026-03-01,176120.57,4913.92,0,Current,1,Active,N
LN-20094,2026-04-01,172169.44,4913.92,0,Current,1,Active,N
LN-20094,2026-05-01,168196.72,4913.92,0,Current,1,Active,N
LN-20094,2026-06-01,164202.28,4913.92,0,Current,1,Active,N
LN-20094,2026-07-01,160186.0,4913.92,0,Current,1,Active,N
LN-20095,2025-08-01,164235.32,1185.23,0,Current,2,Active,N
LN-20095,2025-09-01,150180.75,1083.8,0,Current,2,Active,N
LN-20095,2025-10-01,93703.39,676.23,0,Current,2,Active,N
LN-20095,2025-11-01,123556.6,891.67,0,Current,2,Active,N
LN-20095,2025-12-01,106224.04,766.58,0,Current,2,Active,N
LN-20095,2026-01-01,176408.14,1273.08,0,Current,2,Active,N
LN-20095,2026-02-01,212822.32,1535.87,0,Current,2,Active,N
LN-20095,2026-03-01,229057.15,1653.03,0,Current,2,Active,N
LN-20095,2026-04-01,231264.43,1668.96,0,Current,2,Active,N
LN-20095,2026-05-01,273976.46,1977.2,0,Current,2,Active,N
LN-20095,2026-06-01,204944.96,1479.02,0,Current,2,Active,N
LN-20095,2026-07-01,154912.92,1117.95,0,Current,2,Active,N
LN-20096,2025-10-01,157200.0,3122.4,0,Current,1,Active,N
LN-20096,2025-11-01,155011.63,3122.4,0,Current,1,Active,N
LN-20096,2025-12-01,152810.26,3122.4,0,Current,1,Active,N
LN-20096,2026-01-01,150595.81,3122.4,0,Current,1,Active,N
LN-20096,2026-02-01,148368.2,3122.4,0,Current,1,Active,N
LN-20096,2026-03-01,146127.35,3122.4,0,Current,1,Active,N
LN-20096,2026-04-01,143873.19,3122.4,0,Current,1,Active,N
LN-20096,2026-05-01,141605.64,3122.4,0,Current,1,Active,N
LN-20096,2026-06-01,139324.62,3122.4,0,Current,1,Active,N
LN-20096,2026-07-01,137030.04,3122.4,0,Current,1,Active,N
LN-20097,2024-08-01,767390.15,9364.41,0,Current,1,Active,N
LN-20097,2024-09-01,762892.27,9364.41,0,Current,1,Active,N
LN-20097,2024-10-01,758365.87,9364.41,0,Current,1,Active,N
LN-20097,2024-11-01,753810.76,9364.41,0,Current,1,Active,N
LN-20097,2024-12-01,749226.76,9364.41,0,Current,1,Active,N
LN-20097,2025-01-01,744613.7,9364.41,0,Current,1,Active,N
LN-20097,2025-02-01,739971.38,9364.41,0,Current,1,Active,N
LN-20097,2025-03-01,735299.62,9364.41,0,Current,1,Active,N
LN-20097,2025-04-01,730598.23,9364.41,0,Current,1,Active,N
LN-20097,2025-05-01,725867.03,9364.41,0,Current,1,Active,N
LN-20097,2025-06-01,721105.83,9364.41,0,Current,1,Active,N
LN-20097,2025-07-01,716314.43,9364.41,0,Current,1,Active,N
LN-20097,2025-08-01,711492.65,9364.41,0,Current,1,Active,N
LN-20097,2025-09-01,706640.28,9364.41,0,Current,1,Active,N
LN-20097,2025-10-01,701757.15,9364.41,0,Current,1,Active,N
LN-20097,2025-11-01,696843.05,9364.41,0,Current,1,Active,N
LN-20097,2025-12-01,691897.78,9364.41,0,Current,1,Active,N
LN-20097,2026-01-01,686921.16,9364.41,0,Current,1,Active,N
LN-20097,2026-02-01,681912.97,9364.41,0,Current,1,Active,N
LN-20097,2026-03-01,676873.03,9364.41,0,Current,1,Active,N
LN-20097,2026-04-01,671801.12,9364.41,0,Current,1,Active,N
LN-20097,2026-05-01,666697.04,9364.41,0,Current,1,Active,N
LN-20097,2026-06-01,661560.6,9364.41,0,Current,1,Active,N
LN-20097,2026-07-01,656391.59,9364.41,0,Current,1,Active,N
LN-20098,2025-02-01,35903.32,258.8,0,Current,2,Active,N
LN-20098,2025-03-01,48038.96,346.28,0,Current,2,Active,N
LN-20098,2025-04-01,49388.9,356.01,0,Current,2,Active,N
LN-20098,2025-05-01,43541.98,313.87,0,Current,2,Active,N
LN-20098,2025-06-01,38580.91,278.1,0,Current,2,Active,N
LN-20098,2025-07-01,44754.17,322.6,0,Current,2,Active,N
LN-20098,2025-08-01,37997.71,273.9,0,Current,2,Active,N
LN-20098,2025-09-01,46766.04,337.11,0,Current,2,Active,N
LN-20098,2025-10-01,24939.92,179.78,0,Current,2,Active,N
LN-20098,2025-11-01,20380.22,146.91,0,Current,2,Active,N
LN-20098,2025-12-01,32941.1,237.45,0,Current,2,Active,N
LN-20098,2026-01-01,27789.53,200.32,0,Current,2,Active,N
LN-20098,2026-02-01,41520.13,299.29,0,Current,2,Active,N
LN-20098,2026-03-01,52391.22,377.65,0,Current,2,Active,N
LN-20098,2026-04-01,50166.21,361.61,0,Current,2,Active,N
LN-20098,2026-05-01,54055.09,389.65,0,Current,2,Active,N
LN-20098,2026-06-01,53062.22,382.49,0,Current,2,Active,N
LN-20098,2026-07-01,35993.04,259.45,0,Current,2,Active,N
LN-20099,2024-10-01,558000.0,8819.93,0,Current,2,Active,N
LN-20099,2024-11-01,553104.67,8819.93,0,Current,2,Active,N
LN-20099,2024-12-01,548174.91,8819.93,0,Current,2,Active,N
LN-20099,2025-01-01,543210.47,8819.93,0,Current,2,Active,N
LN-20099,2025-02-01,538211.12,8819.93,0,Current,2,Active,N
LN-20099,2025-03-01,533176.6,8819.93,0,Current,2,Active,N
LN-20099,2025-04-01,528106.68,8819.93,0,Current,2,Active,N
LN-20099,2025-05-01,523001.1,8819.93,0,Current,2,Active,N
LN-20099,2025-06-01,517859.61,8819.93,0,Current,2,Active,N
LN-20099,2025-07-01,512681.95,8819.93,0,Current,2,Active,N
LN-20099,2025-08-01,507467.89,8819.93,0,Current,2,Active,N
LN-20099,2025-09-01,502217.14,8819.93,0,Current,2,Active,N
LN-20099,2025-10-01,496929.47,8819.93,0,Current,2,Active,N
LN-20099,2025-11-01,491604.61,8819.93,0,Current,2,Active,N
LN-20099,2025-12-01,486242.3,8819.93,0,Current,2,Active,N
LN-20099,2026-01-01,480842.27,8819.93,0,Current,2,Active,N
LN-20099,2026-02-01,475404.26,8819.93,0,Current,2,Active,N
LN-20099,2026-03-01,469928.01,8819.93,0,Current,2,Active,N
LN-20099,2026-04-01,464413.23,8819.93,0,Current,2,Active,N
LN-20099,2026-05-01,458859.67,8819.93,0,Current,2,Active,N
LN-20099,2026-06-01,453267.06,8819.93,0,Current,2,Active,N
LN-20099,2026-07-01,447635.1,8819.93,0,Current,2,Active,N
LN-20100,2026-05-01,174100.0,2654.95,0,Current,2,Active,N
LN-20100,2026-06-01,172507.06,2654.95,0,Current,2,Active,N
LN-20100,2026-07-01,170904.4,2654.95,0,Current,2,Active,N
LN-20101,2025-05-01,156700.0,3139.2,0,Current,1,Active,N
LN-20101,2025-06-01,154538.87,3139.2,0,Current,1,Active,N
LN-20101,2025-07-01,152364.25,3139.2,0,Current,1,Active,N
LN-20101,2025-08-01,150176.05,3139.2,0,Current,1,Active,N
LN-20101,2025-09-01,147974.2,3139.2,0,Current,1,Active,N
LN-20101,2025-10-01,145758.6,3139.2,0,Current,1,Active,N
LN-20101,2025-11-01,143529.18,3139.2,0,Current,1,Active,N
LN-20101,2025-12-01,141285.83,3139.2,0,Current,1,Active,N
LN-20101,2026-01-01,139028.49,3139.2,0,Current,1,Active,N
LN-20101,2026-02-01,136757.06,3139.2,0,Current,1,Active,N
LN-20101,2026-03-01,134471.45,3139.2,0,Current,1,Active,N
LN-20101,2026-04-01,132171.57,3139.2,0,Current,1,Active,N
LN-20101,2026-05-01,129857.34,3139.2,0,Current,1,Active,N
LN-20101,2026-06-01,127528.67,3139.2,0,Current,1,Active,N
LN-20101,2026-07-01,125185.46,3139.2,0,Current,1,Active,N
LN-20102,2025-01-01,143905.08,1072.09,0,Current,1,Active,N
LN-20102,2025-02-01,250015.45,1862.62,0,Current,1,Active,N
LN-20102,2025-03-01,323356.42,2409.01,0,Current,1,Active,N
LN-20102,2025-04-01,316378.88,2357.02,0,Current,1,Active,N
LN-20102,2025-05-01,363392.73,2707.28,0,Current,1,Active,N
LN-20102,2025-06-01,322443.33,2402.2,0,Current,1,Active,N
LN-20102,2025-07-01,220363.49,1641.71,0,Current,1,Active,N
LN-20102,2025-08-01,328150.5,2444.72,0,Current,1,Active,N
LN-20102,2025-09-01,299373.97,2230.34,0,Current,1,Active,N
LN-20102,2025-10-01,197112.62,1468.49,0,Current,1,Active,N
LN-20102,2025-11-01,221901.87,1653.17,0,Current,1,Active,N
LN-20102,2025-12-01,177824.36,1324.79,0,Current,1,Active,N
LN-20102,2026-01-01,238667.74,1778.07,0,Current,1,Active,N
LN-20102,2026-02-01,244800.38,1823.76,0,Current,1,Active,N
LN-20102,2026-03-01,321913.98,2398.26,0,Current,1,Active,N
LN-20102,2026-04-01,283914.57,2115.16,0,Current,1,Active,N
LN-20102,2026-05-01,316714.15,2359.52,0,Current,1,Active,N
LN-20102,2026-06-01,302529.48,2253.84,0,Current,1,Active,N
LN-20102,2026-07-01,230510.04,1717.3,0,Current,1,Active,N
LN-20103,2025-10-01,698300.0,13682.67,0,Current,3,Active,N
LN-20103,2025-11-01,688434.7,13682.67,0,Current,3,Active,N
LN-20103,2025-12-01,678515.47,13682.67,0,Current,3,Active,N
LN-20103,2026-01-01,668542.01,13682.67,0,Current,3,Active,N
LN-20103,2026-02-01,658514.03,13682.67,0,Current,3,Active,N
LN-20103,2026-03-01,648431.23,13682.67,0,Current,3,Active,N
LN-20103,2026-04-01,638293.32,13682.67,0,Current,3,Active,N
LN-20103,2026-05-01,628099.98,13682.67,0,Current,3,Active,N
LN-20103,2026-06-01,617850.92,13682.67,0,Current,3,Active,N
LN-20103,2026-07-01,607545.83,13682.67,68,60-89 Days,4,Active,Y
LN-20104,2025-01-01,503700.0,5997.43,0,Current,3,Active,N
LN-20104,2025-02-01,500880.08,5997.43,0,Current,3,Active,N
LN-20104,2025-03-01,498042.37,5997.43,0,Current,3,Active,N
LN-20104,2025-04-01,495186.76,5997.43,0,Current,3,Active,N
LN-20104,2025-05-01,492313.14,5997.43,0,Current,3,Active,N
LN-20104,2025-06-01,489421.39,5997.43,0,Current,3,Active,N
LN-20104,2025-07-01,486511.4,5997.43,0,Current,3,Active,N
LN-20104,2025-08-01,483583.05,5997.43,0,Current,3,Active,N
LN-20104,2025-09-01,480636.22,5997.43,0,Current,3,Active,N
LN-20104,2025-10-01,477670.81,5997.43,0,Current,3,Active,N
LN-20104,2025-11-01,474686.69,5997.43,0,Current,3,Active,N
LN-20104,2025-12-01,471683.74,5997.43,0,Current,3,Active,N
LN-20104,2026-01-01,468661.86,5997.43,0,Current,3,Active,N
LN-20104,2026-02-01,465620.9,5997.43,0,Current,3,Active,N
LN-20104,2026-03-01,462560.77,5997.43,0,Current,3,Active,N
LN-20104,2026-04-01,459481.33,5997.43,0,Current,3,Active,N
LN-20104,2026-05-01,456382.47,5997.43,0,Current,3,Active,N
LN-20104,2026-06-01,453264.05,5997.43,0,Current,3,Active,N
LN-20104,2026-07-01,450125.97,5997.43,0,Current,3,Active,N
LN-20105,2024-08-01,299815.16,7116.7,0,Current,2,Active,N
LN-20105,2024-09-01,294562.31,7116.7,0,Current,2,Active,N
LN-20105,2024-10-01,289276.81,7116.7,0,Current,2,Active,N
LN-20105,2024-11-01,283958.45,7116.7,0,Current,2,Active,N
LN-20105,2024-12-01,278607.03,7116.7,0,Current,2,Active,N
LN-20105,2025-01-01,273222.34,7116.7,0,Current,2,Active,N
LN-20105,2025-02-01,267804.18,7116.7,0,Current,2,Active,N
LN-20105,2025-03-01,262352.33,7116.7,0,Current,2,Active,N
LN-20105,2025-04-01,256866.59,7116.7,0,Current,2,Active,N
LN-20105,2025-05-01,251346.75,7116.7,0,Current,2,Active,N
LN-20105,2025-06-01,245792.6,7116.7,0,Current,2,Active,N
LN-20105,2025-07-01,240203.91,7116.7,0,Current,2,Active,N
LN-20105,2025-08-01,234580.48,7116.7,0,Current,2,Active,N
LN-20105,2025-09-01,228922.09,7116.7,0,Current,2,Active,N
LN-20105,2025-10-01,223228.53,7116.7,0,Current,2,Active,N
LN-20105,2025-11-01,217499.57,7116.7,0,Current,2,Active,N
LN-20105,2025-12-01,211735.0,7116.7,0,Current,2,Active,N
LN-20105,2026-01-01,205934.59,7116.7,0,Current,2,Active,N
LN-20105,2026-02-01,200098.12,7116.7,0,Current,2,Active,N
LN-20105,2026-03-01,194225.37,7116.7,0,Current,2,Active,N
LN-20105,2026-04-01,188316.11,7116.7,0,Current,2,Active,N
LN-20105,2026-05-01,182370.11,7116.7,0,Current,2,Active,N
LN-20105,2026-06-01,176387.15,7116.7,0,Current,2,Active,N
LN-20105,2026-07-01,170366.99,7116.7,0,Current,2,Active,N
LN-20107,2024-08-01,62646.96,444.27,0,Current,2,Active,N
LN-20107,2024-09-01,90561.75,642.23,0,Current,2,Active,N
LN-20107,2024-10-01,44940.48,318.7,0,Current,2,Active,N
LN-20107,2024-11-01,58928.11,417.9,0,Current,2,Active,N
LN-20107,2024-12-01,45757.95,324.5,0,Current,2,Active,N
LN-20107,2025-01-01,71929.99,510.1,0,Current,2,Active,N
LN-20107,2025-02-01,74468.95,528.11,0,Current,2,Active,N
LN-20107,2025-03-01,74124.3,525.66,0,Current,2,Active,N
LN-20107,2025-04-01,77047.22,546.39,0,Current,2,Active,N
LN-20107,2025-05-01,97399.51,690.72,0,Current,2,Active,N
LN-20107,2025-06-01,100174.43,710.4,0,Current,2,Active,N
LN-20107,2025-07-01,63798.13,452.44,0,Current,2,Active,N
LN-20107,2025-08-01,74913.17,531.26,0,Current,2,Active,N
LN-20107,2025-09-01,56328.12,399.46,0,Current,2,Active,N
LN-20107,2025-10-01,72089.25,511.23,0,Current,2,Active,N
LN-20107,2025-11-01,62310.19,441.88,0,Current,2,Active,N
LN-20107,2025-12-01,59290.16,420.47,0,Current,2,Active,N
LN-20107,2026-01-01,78863.57,559.27,0,Current,2,Active,N
LN-20107,2026-02-01,74282.98,526.79,0,Current,2,Active,N
LN-20107,2026-03-01,103648.47,735.04,0,Current,2,Active,N
LN-20107,2026-04-01,129996.55,921.89,0,Current,2,Active,N
LN-20107,2026-05-01,80963.36,574.17,0,Current,2,Active,N
LN-20107,2026-06-01,102102.99,724.08,0,Current,2,Active,N
LN-20107,2026-07-01,77162.17,547.21,0,Current,2,Active,N
LN-20108,2024-10-01,183705.05,1108.35,0,Current,2,Active,N
LN-20108,2024-11-01,158305.79,955.11,0,Current,2,Active,N
LN-20108,2024-12-01,140166.71,845.67,0,Current,2,Active,N
LN-20108,2025-01-01,235901.89,1423.27,0,Current,2,Active,N
LN-20108,2025-02-01,302204.25,1823.3,0,Current,2,Active,N
LN-20108,2025-03-01,348142.22,2100.46,0,Current,2,Active,N
LN-20108,2025-04-01,357845.1,2159.0,0,Current,2,Active,N
LN-20108,2025-05-01,357049.08,2154.2,0,Current,2,Active,N
LN-20108,2025-06-01,318135.9,1919.42,0,Current,2,Active,N
LN-20108,2025-07-01,238496.84,1438.93,0,Current,2,Active,N
LN-20108,2025-08-01,189603.33,1143.94,0,Current,2,Active,N
LN-20108,2025-09-01,246552.31,1487.53,0,Current,2,Active,N
LN-20108,2025-10-01,198278.68,1196.28,0,Current,2,Active,N
LN-20108,2025-11-01,170615.33,1029.38,0,Current,2,Active,N
LN-20108,2025-12-01,157627.43,951.02,0,Current,2,Active,N
LN-20108,2026-01-01,268435.39,1619.56,0,Current,2,Active,N
LN-20108,2026-02-01,240831.78,1453.02,0,Current,2,Active,N
LN-20108,2026-03-01,302471.68,1824.91,0,Current,2,Active,N
LN-20108,2026-04-01,378885.03,2285.94,0,Current,2,Active,N
LN-20108,2026-05-01,362778.82,2188.77,0,Current,2,Active,N
LN-20108,2026-06-01,307272.18,1853.88,0,Current,2,Active,N
LN-20108,2026-07-01,285200.01,1720.71,0,Current,2,Active,N
LN-20109,2025-02-01,1168500.0,23132.19,0,Current,1,Active,N
LN-20109,2025-03-01,1152174.32,23132.19,0,Current,1,Active,N
LN-20109,2025-04-01,1135753.55,23132.19,0,Current,1,Active,N
LN-20109,2025-05-01,1119237.13,23132.19,0,Current,1,Active,N
LN-20109,2025-06-01,1102624.5,23132.19,0,Current,1,Active,N
LN-20109,2025-07-01,1085915.1,23132.19,0,Current,1,Active,N
LN-20109,2025-08-01,1069108.36,23132.19,0,Current,1,Active,N
LN-20109,2025-09-01,1052203.73,23132.19,0,Current,1,Active,N
LN-20109,2025-10-01,1035200.63,23132.19,0,Current,1,Active,N
LN-20109,2025-11-01,1018098.49,23132.19,0,Current,1,Active,N
LN-20109,2025-12-01,1000896.72,23132.19,0,Current,1,Active,N
LN-20109,2026-01-01,983594.76,23132.19,0,Current,1,Active,N
LN-20109,2026-02-01,966192.01,23132.19,0,Current,1,Active,N
LN-20109,2026-03-01,948687.89,23132.19,0,Current,1,Active,N
LN-20109,2026-04-01,931081.81,23132.19,0,Current,1,Active,N
LN-20109,2026-05-01,913373.17,23132.19,0,Current,1,Active,N
LN-20109,2026-06-01,895561.38,23132.19,0,Current,1,Active,N
LN-20109,2026-07-01,877645.84,23132.19,0,Current,1,Active,N
LN-20110,2024-08-01,565672.99,9056.21,0,Current,3,Active,N
LN-20110,2024-09-01,560086.25,9056.21,0,Current,3,Active,N
LN-20110,2024-10-01,554465.24,9056.21,0,Current,3,Active,N
LN-20110,2024-11-01,548809.75,9056.21,0,Current,3,Active,N
LN-20110,2024-12-01,543119.58,9056.21,0,Current,3,Active,N
LN-20110,2025-01-01,537394.51,9056.21,0,Current,3,Active,N
LN-20110,2025-02-01,531634.32,9056.21,0,Current,3,Active,N
LN-20110,2025-03-01,525838.81,9056.21,7,1-29 Days,3,Active,Y
LN-20110,2025-04-01,520007.75,9056.21,1,1-29 Days,3,Active,N
LN-20110,2025-05-01,514140.92,9056.21,24,1-29 Days,3,Active,N
LN-20110,2025-06-01,508238.11,9056.21,0,Current,3,Active,N
LN-20110,2025-07-01,502299.1,9056.21,0,Current,3,Active,N
LN-20110,2025-08-01,496323.66,9056.21,0,Current,3,Active,N
LN-20110,2025-09-01,490311.58,9056.21,0,Current,3,Active,N
LN-20110,2025-10-01,484262.62,9056.21,0,Current,3,Active,N
LN-20110,2025-11-01,478176.55,9056.21,0,Current,3,Active,N
LN-20110,2025-12-01,472053.17,9056.21,0,Current,3,Active,N
LN-20110,2026-01-01,465892.22,9056.21,0,Current,3,Active,N
LN-20110,2026-02-01,459693.49,9056.21,0,Current,3,Active,N
LN-20110,2026-03-01,453456.73,9056.21,79,60-89 Days,4,Active,Y
LN-20110,2026-04-01,447181.73,9056.21,83,60-89 Days,4,Active,N
LN-20110,2026-05-01,440868.24,9056.21,0,Current,3,Active,N
LN-20110,2026-06-01,434516.03,9056.21,0,Current,3,Active,N
LN-20110,2026-07-01,428124.85,9056.21,0,Current,3,Active,N
LN-20111,2025-04-01,370799.86,2357.67,0,Current,3,Active,N
LN-20111,2025-05-01,259399.07,1649.35,0,Current,3,Active,N
LN-20111,2025-06-01,258607.02,1644.31,0,Current,3,Active,N
LN-20111,2025-07-01,231826.42,1474.03,0,Current,3,Active,N
LN-20111,2025-08-01,230237.8,1463.93,0,Current,3,Active,N
LN-20111,2025-09-01,242828.04,1543.98,53,30-59 Days,3,Active,Y
LN-20111,2025-10-01,208808.51,1327.67,2,1-29 Days,3,Active,N
LN-20111,2025-11-01,232652.84,1479.28,12,1-29 Days,3,Active,N
LN-20111,2025-12-01,162103.4,1030.71,4,1-29 Days,3,Active,N
LN-20111,2026-01-01,221337.35,1407.34,22,1-29 Days,3,Active,N
LN-20111,2026-02-01,260392.14,1655.66,28,1-29 Days,3,Active,N
LN-20111,2026-03-01,305140.19,1940.18,21,1-29 Days,3,Active,N
LN-20111,2026-04-01,346831.48,2205.27,14,1-29 Days,3,Active,N
LN-20111,2026-05-01,296929.83,1887.98,13,1-29 Days,3,Active,N
LN-20111,2026-06-01,352336.27,2240.27,10,1-29 Days,3,Active,N
LN-20111,2026-07-01,239675.45,1523.94,1,1-29 Days,3,Active,N
LN-20112,2024-08-01,1005116.06,16214.47,0,Current,1,Active,N
LN-20112,2024-09-01,995795.01,16214.47,0,Current,1,Active,N
LN-20112,2024-10-01,986410.03,16214.47,0,Current,1,Active,N
LN-20112,2024-11-01,976960.68,16214.47,0,Current,1,Active,N
LN-20112,2024-12-01,967446.53,16214.47,0,Current,1,Active,N
LN-20112,2025-01-01,957867.13,16214.47,0,Current,1,Active,N
LN-20112,2025-02-01,948222.02,16214.47,0,Current,1,Active,N
LN-20112,2025-03-01,938510.77,16214.47,0,Current,1,Active,N
LN-20112,2025-04-01,928732.92,16214.47,0,Current,1,Active,N
LN-20112,2025-05-01,918888.0,16214.47,0,Current,1,Active,N
LN-20112,2025-06-01,908975.57,16214.47,0,Current,1,Active,N
LN-20112,2025-07-01,898995.15,16214.47,0,Current,1,Active,N
LN-20112,2025-08-01,888946.29,16214.47,0,Current,1,Active,N
LN-20112,2025-09-01,878828.5,16214.47,0,Current,1,Active,N
LN-20112,2025-10-01,868641.33,16214.47,0,Current,1,Active,N
LN-20112,2025-11-01,858384.28,16214.47,0,Current,1,Active,N
LN-20112,2025-12-01,848056.9,16214.47,0,Current,1,Active,N
LN-20112,2026-01-01,837658.68,16214.47,0,Current,1,Active,N
LN-20112,2026-02-01,827189.15,16214.47,0,Current,1,Active,N
LN-20112,2026-03-01,816647.81,16214.47,0,Current,1,Active,N
LN-20112,2026-04-01,806034.18,16214.47,0,Current,1,Active,N
LN-20112,2026-05-01,795347.76,16214.47,0,Current,1,Active,N
LN-20112,2026-06-01,784588.04,16214.47,0,Current,1,Active,N
LN-20112,2026-07-01,773754.53,16214.47,0,Current,1,Active,N
LN-20113,2024-08-01,146050.43,29759.31,0,Current,1,Active,N
LN-20113,2024-09-01,117202.72,29759.31,0,Current,1,Active,N
LN-20113,2024-10-01,88174.94,29759.31,0,Current,1,Active,N
LN-20113,2024-11-01,58965.99,29759.31,0,Current,1,Active,N
LN-20113,2024-12-01,29574.72,29759.31,0,Current,1,Active,N
LN-20114,2024-08-01,150121.12,5097.79,0,Current,1,Active,N
LN-20114,2024-09-01,145791.45,5097.79,0,Current,1,Active,N
LN-20114,2024-10-01,141439.63,5097.79,0,Current,1,Active,N
LN-20114,2024-11-01,137065.55,5097.79,0,Current,1,Active,N
LN-20114,2024-12-01,132669.08,5097.79,0,Current,1,Active,N
LN-20114,2025-01-01,128250.12,5097.79,0,Current,1,Active,N
LN-20114,2025-02-01,123808.54,5097.79,0,Current,1,Active,N
LN-20114,2025-03-01,119344.25,5097.79,0,Current,1,Active,N
LN-20114,2025-04-01,114857.1,5097.79,0,Current,1,Active,N
LN-20114,2025-05-01,110347.0,5097.79,0,Current,1,Active,N
LN-20114,2025-06-01,105813.83,5097.79,0,Current,1,Active,N
LN-20114,2025-07-01,101257.46,5097.79,0,Current,1,Active,N
LN-20114,2025-08-01,96677.77,5097.79,0,Current,1,Active,N
LN-20114,2025-09-01,92074.65,5097.79,0,Current,1,Active,N
LN-20114,2025-10-01,87447.98,5097.79,0,Current,1,Active,N
LN-20114,2025-11-01,82797.64,5097.79,0,Current,1,Active,N
LN-20114,2025-12-01,78123.5,5097.79,0,Current,1,Active,N
LN-20114,2026-01-01,73425.45,5097.79,0,Current,1,Active,N
LN-20114,2026-02-01,68703.36,5097.79,0,Current,1,Active,N
LN-20114,2026-03-01,63957.1,5097.79,0,Current,1,Active,N
LN-20114,2026-04-01,59186.56,5097.79,0,Current,1,Active,N
LN-20114,2026-05-01,54391.62,5097.79,0,Current,1,Active,N
LN-20114,2026-06-01,49572.13,5097.79,0,Current,1,Active,N
LN-20114,2026-07-01,44727.99,5097.79,0,Current,1,Active,N
LN-20115,2024-08-01,796527.54,14257.65,0,Current,2,Active,N
LN-20115,2024-09-01,787546.88,14257.65,0,Current,2,Active,N
LN-20115,2024-10-01,778506.72,14257.65,0,Current,2,Active,N
LN-20115,2024-11-01,769406.68,14257.65,0,Current,2,Active,N
LN-20115,2024-12-01,760246.34,14257.65,0,Current,2,Active,N
LN-20115,2025-01-01,751025.32,14257.65,0,Current,2,Active,N
LN-20115,2025-02-01,741743.21,14257.65,0,Current,2,Active,N
LN-20115,2025-03-01,732399.6,14257.65,0,Current,2,Active,N
LN-20115,2025-04-01,722994.09,14257.65,0,Current,2,Active,N
LN-20115,2025-05-01,713526.27,14257.65,0,Current,2,Active,N
LN-20115,2025-06-01,703995.73,14257.65,0,Current,2,Active,N
LN-20115,2025-07-01,694402.05,14257.65,0,Current,2,Active,N
LN-20115,2025-08-01,684744.81,14257.65,0,Current,2,Active,N
LN-20115,2025-09-01,675023.59,14257.65,0,Current,2,Active,N
LN-20115,2025-10-01,665237.96,14257.65,0,Current,2,Active,N
LN-20115,2025-11-01,655387.51,14257.65,0,Current,2,Active,N
LN-20115,2025-12-01,645471.8,14257.65,0,Current,2,Active,N
LN-20115,2026-01-01,635490.39,14257.65,0,Current,2,Active,N
LN-20115,2026-02-01,625442.86,14257.65,0,Current,2,Active,N
LN-20115,2026-03-01,615328.76,14257.65,0,Current,2,Active,N
LN-20115,2026-04-01,605147.66,14257.65,0,Current,2,Active,N
LN-20115,2026-05-01,594899.11,14257.65,0,Current,2,Active,N
LN-20115,2026-06-01,584582.66,14257.65,0,Current,2,Active,N
LN-20115,2026-07-01,574197.87,14257.65,0,Current,2,Active,N
LN-20117,2024-08-01,215130.22,1267.48,0,Current,3,Active,N
LN-20117,2024-09-01,251827.1,1483.68,0,Current,3,Active,N
LN-20117,2024-10-01,155987.97,919.03,0,Current,3,Active,N
LN-20117,2024-11-01,194775.93,1147.55,23,1-29 Days,3,Active,Y
LN-20117,2024-12-01,163140.24,961.17,0,Current,3,Active,N
LN-20117,2025-01-01,173887.29,1024.49,0,Current,3,Active,N
LN-20117,2025-02-01,235315.82,1386.4,0,Current,3,Active,N
LN-20117,2025-03-01,235017.68,1384.65,0,Current,3,Active,N
LN-20117,2025-04-01,305867.68,1802.07,0,Current,3,Active,N
LN-20117,2025-05-01,295429.15,1740.57,0,Current,3,Active,N
LN-20117,2025-06-01,311078.79,1832.77,0,Current,3,Active,N
LN-20117,2025-07-01,243168.11,1432.67,0,Current,3,Active,N
LN-20117,2025-08-01,179383.7,1056.87,0,Current,3,Active,N
LN-20117,2025-09-01,200004.31,1178.36,0,Current,3,Active,N
LN-20117,2025-10-01,167945.79,989.48,0,Current,3,Active,N
LN-20117,2025-11-01,143009.77,842.57,0,Current,3,Active,N
LN-20117,2025-12-01,195729.8,1153.17,0,Current,3,Active,N
LN-20117,2026-01-01,215036.28,1266.92,0,Current,3,Active,N
LN-20117,2026-02-01,261318.38,1539.6,0,Current,3,Active,N
LN-20117,2026-03-01,275314.7,1622.06,0,Current,3,Active,N
LN-20117,2026-04-01,224390.57,1322.03,0,Current,3,Active,N
LN-20117,2026-05-01,249330.08,1468.97,0,Current,3,Active,N
LN-20117,2026-06-01,224361.08,1321.86,19,1-29 Days,3,Active,Y
LN-20117,2026-07-01,194067.32,1143.38,17,1-29 Days,3,Active,N
LN-20118,2024-08-01,152177.73,2574.79,0,Current,3,Active,N
LN-20118,2024-09-01,150456.39,2574.79,0,Current,3,Active,N
LN-20118,2024-10-01,148725.41,2574.79,0,Current,3,Active,N
LN-20118,2024-11-01,146984.72,2574.79,0,Current,3,Active,N
LN-20118,2024-12-01,145234.26,2574.79,0,Current,3,Active,N
LN-20118,2025-01-01,143473.99,2574.79,0,Current,3,Active,N
LN-20118,2025-02-01,141703.85,2574.79,0,Current,3,Active,N
LN-20118,2025-03-01,139923.77,2574.79,0,Current,3,Active,N
LN-20118,2025-04-01,138133.72,2574.79,0,Current,3,Active,N
LN-20118,2025-05-01,136333.63,2574.79,0,Current,3,Active,N
LN-20118,2025-06-01,134523.44,2574.79,21,1-29 Days,3,Active,Y
LN-20118,2025-07-01,132703.09,2574.79,0,Current,3,Active,N
LN-20118,2025-08-01,130872.54,2574.79,0,Current,3,Active,N
LN-20118,2025-09-01,129031.72,2574.79,0,Current,3,Active,N
LN-20118,2025-10-01,127180.58,2574.79,0,Current,3,Active,N
LN-20118,2025-11-01,125319.06,2574.79,34,30-59 Days,3,Active,Y
LN-20118,2025-12-01,123447.1,2574.79,33,30-59 Days,3,Active,N
LN-20118,2026-01-01,121564.64,2574.79,49,30-59 Days,3,Active,N
LN-20118,2026-02-01,119671.62,2574.79,38,30-59 Days,3,Active,N
LN-20118,2026-03-01,117767.98,2574.79,78,60-89 Days,4,Active,Y
LN-20118,2026-04-01,115853.67,2574.79,0,Current,3,Active,N
LN-20118,2026-05-01,113928.62,2574.79,0,Current,3,Active,N
LN-20118,2026-06-01,111992.78,2574.79,0,Current,3,Active,N
LN-20118,2026-07-01,110046.07,2574.79,0,Current,3,Active,N
LN-20119,2025-02-01,205500.0,2478.11,0,Current,1,Active,N
LN-20119,2025-03-01,204367.92,2478.11,0,Current,1,Active,N
LN-20119,2025-04-01,203228.42,2478.11,0,Current,1,Active,N
LN-20119,2025-05-01,202081.46,2478.11,0,Current,1,Active,N
LN-20119,2025-06-01,200926.99,2478.11,0,Current,1,Active,N
LN-20119,2025-07-01,199764.96,2478.11,0,Current,1,Active,N
LN-20119,2025-08-01,198595.31,2478.11,83,60-89 Days,2,Active,Y
LN-20119,2025-09-01,197418.0,2478.11,79,60-89 Days,2,Active,N
LN-20119,2025-10-01,196232.99,2478.11,89,60-89 Days,2,Active,N
LN-20119,2025-11-01,195040.21,2478.11,67,60-89 Days,2,Active,N
LN-20119,2025-12-01,193839.61,2478.11,66,60-89 Days,2,Active,N
LN-20119,2026-01-01,192631.16,2478.11,63,60-89 Days,2,Active,N
LN-20119,2026-02-01,191414.79,2478.11,0,Current,1,Active,N
LN-20119,2026-03-01,190190.45,2478.11,0,Current,1,Active,N
LN-20119,2026-04-01,188958.09,2478.11,0,Current,1,Active,N
LN-20119,2026-05-01,187717.66,2478.11,0,Current,1,Active,N
LN-20119,2026-06-01,186469.1,2478.11,0,Current,1,Active,N
LN-20119,2026-07-01,185212.37,2478.11,0,Current,1,Active,N
LN-20120,2024-08-01,200284.56,1391.98,0,Current,1,Active,N
LN-20120,2024-09-01,229852.33,1597.47,0,Current,1,Active,N
LN-20120,2024-10-01,210016.03,1459.61,0,Current,1,Active,N
LN-20120,2024-11-01,225321.55,1565.98,0,Current,1,Active,N
LN-20120,2024-12-01,126304.96,877.82,0,Current,1,Active,N
LN-20120,2025-01-01,284077.93,1974.34,16,1-29 Days,1,Active,Y
LN-20120,2025-02-01,302744.35,2104.07,23,1-29 Days,1,Active,N
LN-20120,2025-03-01,469436.02,3262.58,0,Current,1,Active,N
LN-20120,2025-04-01,381694.88,2652.78,0,Current,1,Active,N
LN-20120,2025-05-01,329516.28,2290.14,0,Current,1,Active,N
LN-20120,2025-06-01,383977.94,2668.65,0,Current,1,Active,N
LN-20120,2025-07-01,182247.07,1266.62,0,Current,1,Active,N
LN-20120,2025-08-01,314177.71,2183.54,0,Current,1,Active,N
LN-20120,2025-09-01,209052.43,1452.91,0,Current,1,Active,N
LN-20120,2025-10-01,190428.85,1323.48,0,Current,1,Active,N
LN-20120,2025-11-01,231405.17,1608.27,0,Current,1,Active,N
LN-20120,2025-12-01,239458.52,1664.24,0,Current,1,Active,N
LN-20120,2026-01-01,264702.32,1839.68,0,Current,1,Active,N
LN-20120,2026-02-01,266917.98,1855.08,0,Current,1,Active,N
LN-20120,2026-03-01,423531.37,2943.54,0,Current,1,Active,N
LN-20120,2026-04-01,361816.09,2514.62,0,Current,1,Active,N
LN-20120,2026-05-01,314195.02,2183.66,0,Current,1,Active,N
LN-20120,2026-06-01,342212.62,2378.38,0,Current,1,Active,N
LN-20120,2026-07-01,217831.83,1513.93,0,Current,1,Active,N
LN-20121,2025-12-01,74245.58,494.35,0,Current,1,Active,N
LN-20121,2026-01-01,93136.18,620.13,0,Current,1,Active,N
LN-20121,2026-02-01,81336.63,541.57,0,Current,1,Active,N
LN-20121,2026-03-01,93240.9,620.83,0,Current,1,Active,N
LN-20121,2026-04-01,124203.82,826.99,0,Current,1,Active,N
LN-20121,2026-05-01,152880.0,1017.93,0,Current,1,Active,N
LN-20121,2026-06-01,105455.97,702.16,0,Current,1,Active,N
LN-20121,2026-07-01,103698.54,690.46,0,Current,1,Active,N
LN-20122,2026-05-01,202000.0,3944.8,0,Current,1,Active,N
LN-20122,2026-06-01,199135.9,3944.8,0,Current,1,Active,N
LN-20122,2026-07-01,196256.48,3944.8,0,Current,1,Active,N
LN-20123,2026-05-01,656300.0,10147.68,0,Current,2,Active,N
LN-20123,2026-06-01,650390.92,10147.68,0,Current,2,Active,N
LN-20123,2026-07-01,644443.69,10147.68,0,Current,2,Active,N
LN-20124,2024-08-01,147154.09,4640.94,0,Current,4,Active,N
LN-20124,2024-09-01,143335.99,4640.94,0,Current,4,Active,N
LN-20124,2024-10-01,139496.54,4640.94,0,Current,4,Active,N
LN-20124,2024-11-01,135635.62,4640.94,0,Current,4,Active,N
LN-20124,2024-12-01,131753.11,4640.94,0,Current,4,Active,N
LN-20124,2025-01-01,127848.89,4640.94,0,Current,4,Active,N
LN-20124,2025-02-01,123922.84,4640.94,0,Current,4,Active,N
LN-20124,2025-03-01,119974.84,4640.94,0,Current,4,Active,N
LN-20124,2025-04-01,116004.76,4640.94,0,Current,4,Active,N
LN-20124,2025-05-01,112012.48,4640.94,85,60-89 Days,4,Active,Y
LN-20124,2025-06-01,107997.88,4640.94,74,60-89 Days,4,Active,N
LN-20124,2025-07-01,103960.83,4640.94,0,Current,4,Active,N
LN-20124,2025-08-01,99901.2,4640.94,0,Current,4,Active,N
LN-20124,2025-09-01,95818.88,4640.94,0,Current,4,Active,N
LN-20124,2025-10-01,91713.73,4640.94,0,Current,4,Active,N
LN-20124,2025-11-01,87585.62,4640.94,0,Current,4,Active,N
LN-20124,2025-12-01,83434.43,4640.94,75,60-89 Days,4,Active,Y
LN-20124,2026-01-01,79260.03,4640.94,77,60-89 Days,4,Active,N
LN-20124,2026-02-01,75062.29,4640.94,0,Current,4,Active,N
LN-20124,2026-03-01,70841.07,4640.94,0,Current,4,Active,N
LN-20124,2026-04-01,66596.25,4640.94,0,Current,4,Active,N
LN-20124,2026-05-01,62327.7,4640.94,0,Current,4,Active,N
LN-20124,2026-06-01,58035.27,4640.94,0,Current,4,Active,N
LN-20124,2026-07-01,53718.85,4640.94,0,Current,4,Active,N
LN-20125,2024-08-01,156558.15,4238.91,0,Current,4,Active,N
LN-20125,2024-09-01,153278.16,4238.91,0,Current,4,Active,N
LN-20125,2024-10-01,149978.08,4238.91,0,Current,4,Active,N
LN-20125,2024-11-01,146657.79,4238.91,0,Current,4,Active,N
LN-20125,2024-12-01,143317.15,4238.91,0,Current,4,Active,N
LN-20125,2025-01-01,139956.06,4238.91,0,Current,4,Active,N
LN-20125,2025-02-01,136574.38,4238.91,0,Current,4,Active,N
LN-20125,2025-03-01,133171.99,4238.91,0,Current,4,Active,N
LN-20125,2025-04-01,129748.76,4238.91,0,Current,4,Active,N
LN-20125,2025-05-01,126304.56,4238.91,0,Current,4,Active,N
LN-20125,2025-06-01,122839.26,4238.91,0,Current,4,Active,N
LN-20125,2025-07-01,119352.74,4238.91,0,Current,4,Active,N
LN-20125,2025-08-01,115844.87,4238.91,0,Current,4,Active,N
LN-20125,2025-09-01,112315.51,4238.91,0,Current,4,Active,N
LN-20125,2025-10-01,108764.53,4238.91,0,Current,4,Active,N
LN-20125,2025-11-01,105191.8,4238.91,0,Current,4,Active,N
LN-20125,2025-12-01,101597.19,4238.91,0,Current,4,Active,N
LN-20125,2026-01-01,97980.57,4238.91,0,Current,4,Active,N
LN-20125,2026-02-01,94341.79,4238.91,0,Current,4,Active,N
LN-20125,2026-03-01,90680.72,4238.91,0,Current,4,Active,N
LN-20125,2026-04-01,86997.23,4238.91,0,Current,4,Active,N
LN-20125,2026-05-01,83291.18,4238.91,0,Current,4,Active,N
LN-20125,2026-06-01,79562.43,4238.91,0,Current,4,Active,N
LN-20125,2026-07-01,75810.84,4238.91,0,Current,4,Active,N
LN-20126,2025-06-01,869000.0,13281.83,0,Current,1,Active,N
LN-20126,2025-07-01,861069.76,13281.83,0,Current,1,Active,N
LN-20126,2025-08-01,853090.68,13281.83,0,Current,1,Active,N
LN-20126,2025-09-01,845062.46,13281.83,0,Current,1,Active,N
LN-20126,2025-10-01,836984.8,13281.83,0,Current,1,Active,N
LN-20126,2025-11-01,828857.4,13281.83,0,Current,1,Active,N
LN-20126,2025-12-01,820679.95,13281.83,0,Current,1,Active,N
LN-20126,2026-01-01,812452.14,13281.83,0,Current,1,Active,N
LN-20126,2026-02-01,804173.65,13281.83,0,Current,1,Active,N
LN-20126,2026-03-01,795844.19,13281.83,0,Current,1,Active,N
LN-20126,2026-04-01,787463.43,13281.83,0,Current,1,Active,N
LN-20126,2026-05-01,779031.06,13281.83,0,Current,1,Active,N
LN-20126,2026-06-01,770546.76,13281.83,0,Current,1,Active,N
LN-20126,2026-07-01,762010.21,13281.83,0,Current,1,Active,N
LN-20127,2025-05-01,517100.0,10410.84,0,Current,1,Active,N
LN-20127,2025-06-01,510007.22,10410.84,0,Current,1,Active,N
LN-20127,2025-07-01,502868.93,10410.84,0,Current,1,Active,N
LN-20127,2025-08-01,495684.83,10410.84,0,Current,1,Active,N
LN-20127,2025-09-01,488454.64,10410.84,0,Current,1,Active,N
LN-20127,2025-10-01,481178.05,10410.84,0,Current,1,Active,N
LN-20127,2025-11-01,473854.77,10410.84,0,Current,1,Active,N
LN-20127,2025-12-01,466484.5,10410.84,0,Current,1,Active,N
LN-20127,2026-01-01,459066.94,10410.84,0,Current,1,Active,N
LN-20127,2026-02-01,451601.78,10410.84,0,Current,1,Active,N
LN-20127,2026-03-01,444088.72,10410.84,0,Current,1,Active,N
LN-20127,2026-04-01,436527.45,10410.84,0,Current,1,Active,N
LN-20127,2026-05-01,428917.66,10410.84,0,Current,1,Active,N
LN-20127,2026-06-01,421259.05,10410.84,0,Current,1,Active,N
LN-20127,2026-07-01,413551.29,10410.84,0,Current,1,Active,N
LN-20128,2024-08-01,9282.94,9337.48,0,Current,1,Active,N
LN-20129,2024-08-01,33647.22,215.34,82,60-89 Days,4,Active,N
LN-20129,2024-09-01,43067.0,275.63,67,60-89 Days,4,Active,N
LN-20129,2024-10-01,22235.96,142.31,86,60-89 Days,4,Active,N
LN-20129,2024-11-01,17154.23,109.79,85,60-89 Days,4,Active,N
LN-20129,2024-12-01,22019.19,140.92,71,60-89 Days,4,Active,N
LN-20129,2025-01-01,42453.77,271.7,0,Current,4,Active,N
LN-20129,2025-02-01,49253.7,315.22,0,Current,4,Active,N
LN-20129,2025-03-01,69333.57,443.73,58,30-59 Days,4,Active,Y
LN-20129,2025-04-01,63143.24,404.12,40,30-59 Days,4,Active,N
LN-20129,2025-05-01,62857.1,402.29,45,30-59 Days,4,Active,N
LN-20129,2025-06-01,60476.93,387.05,36,30-59 Days,4,Active,N
LN-20129,2025-07-01,41786.78,267.44,58,30-59 Days,4,Active,N
LN-20129,2025-08-01,40664.78,260.25,55,30-59 Days,4,Active,N
LN-20129,2025-09-01,32520.78,208.13,50,30-59 Days,4,Active,N
LN-20129,2025-10-01,31116.97,199.15,46,30-59 Days,4,Active,N
LN-20129,2025-11-01,27681.36,177.16,40,30-59 Days,4,Active,N
LN-20129,2025-12-01,28799.55,184.32,34,30-59 Days,4,Active,N
LN-20129,2026-01-01,58418.76,373.88,49,30-59 Days,4,Active,N
LN-20129,2026-02-01,56845.23,363.81,57,30-59 Days,4,Active,N
LN-20129,2026-03-01,57836.29,370.15,37,30-59 Days,4,Active,N
LN-20129,2026-04-01,68710.0,439.74,33,30-59 Days,4,Active,N
LN-20129,2026-05-01,66873.43,427.99,57,30-59 Days,4,Active,N
LN-20129,2026-06-01,51608.09,330.29,61,60-89 Days,4,Active,Y
LN-20129,2026-07-01,49244.7,315.17,0,Current,4,Active,N
LN-20130,2024-08-01,89824.9,1199.81,0,Current,3,Active,N
LN-20130,2024-09-01,89182.75,1199.81,0,Current,3,Active,N
LN-20130,2024-10-01,88536.62,1199.81,0,Current,3,Active,N
LN-20130,2024-11-01,87886.48,1199.81,0,Current,3,Active,N
LN-20130,2024-12-01,87232.3,1199.81,0,Current,3,Active,N
LN-20130,2025-01-01,86574.06,1199.81,0,Current,3,Active,N
LN-20130,2025-02-01,85911.74,1199.81,0,Current,3,Active,N
LN-20130,2025-03-01,85245.3,1199.81,69,60-89 Days,4,Active,Y
LN-20130,2025-04-01,84574.72,1199.81,89,60-89 Days,4,Active,N
LN-20130,2025-05-01,83899.98,1199.81,77,60-89 Days,4,Active,N
LN-20130,2025-06-01,83221.06,1199.81,70,60-89 Days,4,Active,N
LN-20130,2025-07-01,82537.91,1199.81,63,60-89 Days,4,Active,N
LN-20130,2025-08-01,81850.53,1199.81,0,Current,3,Active,N
LN-20130,2025-09-01,81158.88,1199.81,0,Current,3,Active,N
LN-20130,2025-10-01,80462.93,1199.81,0,Current,3,Active,N
LN-20130,2025-11-01,79762.66,1199.81,0,Current,3,Active,N
LN-20130,2025-12-01,79058.05,1199.81,0,Current,3,Active,N
LN-20130,2026-01-01,78349.06,1199.81,0,Current,3,Active,N
LN-20130,2026-02-01,77635.67,1199.81,0,Current,3,Active,N
LN-20130,2026-03-01,76917.85,1199.81,0,Current,3,Active,N
LN-20130,2026-04-01,76195.58,1199.81,0,Current,3,Active,N
LN-20130,2026-05-01,75468.82,1199.81,0,Current,3,Active,N
LN-20130,2026-06-01,74737.55,1199.81,33,30-59 Days,3,Active,Y
LN-20130,2026-07-01,74001.74,1199.81,38,30-59 Days,3,Active,N
LN-20131,2024-08-01,2517418.01,19422.62,0,Current,2,Active,N
LN-20131,2024-09-01,2512050.97,19422.62,0,Current,2,Active,N
LN-20131,2024-10-01,2506653.97,19422.62,0,Current,2,Active,N
LN-20131,2024-11-01,2501226.84,19422.62,0,Current,2,Active,N
LN-20131,2024-12-01,2495769.41,19422.62,0,Current,2,Active,N
LN-20131,2025-01-01,2490281.5,19422.62,0,Current,2,Active,N
LN-20131,2025-02-01,2484762.95,19422.62,0,Current,2,Active,N
LN-20131,2025-03-01,2479213.6,19422.62,0,Current,2,Active,N
LN-20131,2025-04-01,2473633.25,19422.62,0,Current,2,Active,N
LN-20131,2025-05-01,2468021.75,19422.62,0,Current,2,Active,N
LN-20131,2025-06-01,2462378.92,19422.62,0,Current,2,Active,N
LN-20131,2025-07-01,2456704.59,19422.62,0,Current,2,Active,N
LN-20131,2025-08-01,2450998.57,19422.62,0,Current,2,Active,N
LN-20131,2025-09-01,2445260.69,19422.62,0,Current,2,Active,N
LN-20131,2025-10-01,2439490.78,19422.62,0,Current,2,Active,N
LN-20131,2025-11-01,2433688.65,19422.62,0,Current,2,Active,N
LN-20131,2025-12-01,2427854.13,19422.62,0,Current,2,Active,N
LN-20131,2026-01-01,2421987.03,19422.62,0,Current,2,Active,N
LN-20131,2026-02-01,2416087.17,19422.62,0,Current,2,Active,N
LN-20131,2026-03-01,2410154.38,19422.62,0,Current,2,Active,N
LN-20131,2026-04-01,2404188.45,19422.62,0,Current,2,Active,N
LN-20131,2026-05-01,2398189.22,19422.62,0,Current,2,Active,N
LN-20131,2026-06-01,2392156.49,19422.62,0,Current,2,Active,N
LN-20131,2026-07-01,2386090.08,19422.62,0,Current,2,Active,N
LN-20132,2026-01-01,683400.0,10733.52,0,Current,2,Active,N
LN-20132,2026-02-01,677359.16,10733.52,0,Current,2,Active,N
LN-20132,2026-03-01,671276.84,10733.52,0,Current,2,Active,N
LN-20132,2026-04-01,665152.76,10733.52,0,Current,2,Active,N
LN-20132,2026-05-01,658986.63,10733.52,0,Current,2,Active,N
LN-20132,2026-06-01,652778.15,10733.52,0,Current,2,Active,N
LN-20132,2026-07-01,646527.04,10733.52,0,Current,2,Active,N
LN-20133,2024-08-01,58180.14,405.81,0,Current,2,Active,N
LN-20133,2024-09-01,54892.34,382.87,0,Current,2,Active,N
LN-20133,2024-10-01,56315.57,392.8,0,Current,2,Active,N
LN-20133,2024-11-01,57754.71,402.84,0,Current,2,Active,N
LN-20133,2024-12-01,47447.11,330.94,0,Current,2,Active,N
LN-20133,2025-01-01,86867.46,605.9,0,Current,2,Active,N
LN-20133,2025-02-01,48529.67,338.49,0,Current,2,Active,N
LN-20133,2025-03-01,70278.52,490.19,0,Current,2,Active,N
LN-20133,2025-04-01,85809.7,598.52,0,Current,2,Active,N
LN-20133,2025-05-01,71806.27,500.85,0,Current,2,Active,N
LN-20133,2025-06-01,103584.06,722.5,0,Current,2,Active,N
LN-20133,2025-07-01,88162.6,614.93,0,Current,2,Active,N
LN-20133,2025-08-01,65116.48,454.19,0,Current,2,Active,N
LN-20133,2025-09-01,65980.63,460.21,0,Current,2,Active,N
LN-20133,2025-10-01,59191.52,412.86,0,Current,2,Active,N
LN-20133,2025-11-01,52998.04,369.66,0,Current,2,Active,N
LN-20133,2025-12-01,31172.89,217.43,0,Current,2,Active,N
LN-20133,2026-01-01,85920.74,599.3,0,Current,2,Active,N
LN-20133,2026-02-01,78217.77,545.57,0,Current,2,Active,N
LN-20133,2026-03-01,73699.91,514.06,0,Current,2,Active,N
LN-20133,2026-04-01,97974.36,683.37,0,Current,2,Active,N
LN-20133,2026-05-01,85369.3,595.45,0,Current,2,Active,N
LN-20133,2026-06-01,82663.93,576.58,0,Current,2,Active,N
LN-20133,2026-07-01,83511.99,582.5,0,Current,2,Active,N
LN-20134,2024-12-01,911000.0,13892.38,0,Current,1,Active,N
LN-20134,2025-01-01,902664.72,13892.38,0,Current,1,Active,N
LN-20134,2025-02-01,894278.6,13892.38,0,Current,1,Active,N
LN-20134,2025-03-01,885841.32,13892.38,0,Current,1,Active,N
LN-20134,2025-04-01,877352.58,13892.38,0,Current,1,Active,N
LN-20134,2025-05-01,868812.05,13892.38,0,Current,1,Active,N
LN-20134,2025-06-01,860219.43,13892.38,0,Current,1,Active,N
LN-20134,2025-07-01,851574.39,13892.38,0,Current,1,Active,N
LN-20134,2025-08-01,842876.61,13892.38,0,Current,1,Active,N
LN-20134,2025-09-01,834125.78,13892.38,0,Current,1,Active,N
LN-20134,2025-10-01,825321.57,13892.38,0,Current,1,Active,N
LN-20134,2025-11-01,816463.66,13892.38,0,Current,1,Active,N
LN-20134,2025-12-01,807551.71,13892.38,0,Current,1,Active,N
LN-20134,2026-01-01,798585.4,13892.38,0,Current,1,Active,N
LN-20134,2026-02-01,789564.39,13892.38,0,Current,1,Active,N
LN-20134,2026-03-01,780488.36,13892.38,0,Current,1,Active,N
LN-20134,2026-04-01,771356.96,13892.38,0,Current,1,Active,N
LN-20134,2026-05-01,762169.86,13892.38,0,Current,1,Active,N
LN-20134,2026-06-01,752926.72,13892.38,0,Current,1,Active,N
LN-20134,2026-07-01,743627.19,13892.38,0,Current,1,Active,N
LN-20135,2024-12-01,529100.0,7874.78,0,Current,2,Active,N
LN-20135,2025-01-01,524122.04,7874.78,0,Current,2,Active,N
LN-20135,2025-02-01,519116.83,7874.78,0,Current,2,Active,N
LN-20135,2025-03-01,514084.22,7874.78,0,Current,2,Active,N
LN-20135,2025-04-01,509024.05,7874.78,0,Current,2,Active,N
LN-20135,2025-05-01,503936.17,7874.78,0,Current,2,Active,N
LN-20135,2025-06-01,498820.45,7874.78,0,Current,2,Active,N
LN-20135,2025-07-01,493676.71,7874.78,0,Current,2,Active,N
LN-20135,2025-08-01,488504.81,7874.78,0,Current,2,Active,N
LN-20135,2025-09-01,483304.59,7874.78,0,Current,2,Active,N
LN-20135,2025-10-01,478075.9,7874.78,0,Current,2,Active,N
LN-20135,2025-11-01,472818.59,7874.78,0,Current,2,Active,N
LN-20135,2025-12-01,467532.49,7874.78,0,Current,2,Active,N
LN-20135,2026-01-01,462217.45,7874.78,0,Current,2,Active,N
LN-20135,2026-02-01,456873.31,7874.78,0,Current,2,Active,N
LN-20135,2026-03-01,451499.92,7874.78,0,Current,2,Active,N
LN-20135,2026-04-01,446097.1,7874.78,0,Current,2,Active,N
LN-20135,2026-05-01,440664.7,7874.78,0,Current,2,Active,N
LN-20135,2026-06-01,435202.56,7874.78,0,Current,2,Active,N
LN-20135,2026-07-01,429710.51,7874.78,0,Current,2,Active,N
LN-20136,2026-04-01,285300.0,3262.8,0,Current,1,Active,N
LN-20136,2026-05-01,283620.62,3262.8,0,Current,1,Active,N
LN-20136,2026-06-01,281931.91,3262.8,0,Current,1,Active,N
LN-20136,2026-07-01,280233.84,3262.8,0,Current,1,Active,N
LN-20137,2024-08-01,154598.97,4627.23,0,Current,2,Active,N
LN-20137,2024-09-01,150818.16,4627.23,0,Current,2,Active,N
LN-20137,2024-10-01,147016.66,4627.23,0,Current,2,Active,N
LN-20137,2024-11-01,143194.34,4627.23,0,Current,2,Active,N
LN-20137,2024-12-01,139351.1,4627.23,0,Current,2,Active,N
LN-20137,2025-01-01,135486.81,4627.23,0,Current,2,Active,N
LN-20137,2025-02-01,131601.37,4627.23,0,Current,2,Active,N
LN-20137,2025-03-01,127694.65,4627.23,0,Current,2,Active,N
LN-20137,2025-04-01,123766.55,4627.23,0,Current,2,Active,N
LN-20137,2025-05-01,119816.94,4627.23,0,Current,2,Active,N
LN-20137,2025-06-01,115845.7,4627.23,0,Current,2,Active,N
LN-20137,2025-07-01,111852.73,4627.23,0,Current,2,Active,N
LN-20137,2025-08-01,107837.89,4627.23,0,Current,2,Active,N
LN-20137,2025-09-01,103801.07,4627.23,0,Current,2,Active,N
LN-20137,2025-10-01,99742.14,4627.23,0,Current,2,Active,N
LN-20137,2025-11-01,95661.0,4627.23,0,Current,2,Active,N
LN-20137,2025-12-01,91557.51,4627.23,0,Current,2,Active,N
LN-20137,2026-01-01,87431.55,4627.23,0,Current,2,Active,N
LN-20137,2026-02-01,83283.01,4627.23,0,Current,2,Active,N
LN-20137,2026-03-01,79111.75,4627.23,0,Current,2,Active,N
LN-20137,2026-04-01,74917.65,4627.23,0,Current,2,Active,N
LN-20137,2026-05-01,70700.59,4627.23,0,Current,2,Active,N
LN-20137,2026-06-01,66460.45,4627.23,0,Current,2,Active,N
LN-20137,2026-07-01,62197.08,4627.23,0,Current,2,Active,N
LN-20138,2024-08-01,2221037.38,16321.34,0,Current,2,Active,N
LN-20138,2024-09-01,2216209.91,16321.34,0,Current,2,Active,N
LN-20138,2024-10-01,2211357.45,16321.34,0,Current,2,Active,N
LN-20138,2024-11-01,2206479.89,16321.34,0,Current,2,Active,N
LN-20138,2024-12-01,2201577.08,16321.34,0,Current,2,Active,N
LN-20138,2025-01-01,2196648.91,16321.34,0,Current,2,Active,N
LN-20138,2025-02-01,2191695.22,16321.34,0,Current,2,Active,N
LN-20138,2025-03-01,2186715.91,16321.34,0,Current,2,Active,N
LN-20138,2025-04-01,2181710.82,16321.34,0,Current,2,Active,N
LN-20138,2025-05-01,2176679.84,16321.34,0,Current,2,Active,N
LN-20138,2025-06-01,2171622.82,16321.34,0,Current,2,Active,N
LN-20138,2025-07-01,2166539.63,16321.34,0,Current,2,Active,N
LN-20138,2025-08-01,2161430.13,16321.34,0,Current,2,Active,N
LN-20138,2025-09-01,2156294.19,16321.34,0,Current,2,Active,N
LN-20138,2025-10-01,2151131.68,16321.34,0,Current,2,Active,N
LN-20138,2025-11-01,2145942.44,16321.34,0,Current,2,Active,N
LN-20138,2025-12-01,2140726.36,16321.34,0,Current,2,Active,N
LN-20138,2026-01-01,2135483.28,16321.34,0,Current,2,Active,N
LN-20138,2026-02-01,2130213.06,16321.34,0,Current,2,Active,N
LN-20138,2026-03-01,2124915.58,16321.34,4,1-29 Days,2,Active,Y
LN-20138,2026-04-01,2119590.68,16321.34,25,1-29 Days,2,Active,N
LN-20138,2026-05-01,2114238.22,16321.34,0,Current,2,Active,N
LN-20138,2026-06-01,2108858.06,16321.34,0,Current,2,Active,N
LN-20138,2026-07-01,2103450.06,16321.34,0,Current,2,Active,N
LN-20140,2024-08-01,199497.71,1311.7,0,Current,1,Active,N
LN-20140,2024-09-01,282708.24,1858.81,0,Current,1,Active,N
LN-20140,2024-10-01,181607.98,1194.07,10,1-29 Days,1,Active,Y
LN-20140,2024-11-01,278181.33,1829.04,16,1-29 Days,1,Active,N
LN-20140,2024-12-01,183598.64,1207.16,0,Current,1,Active,N
LN-20140,2025-01-01,236725.4,1556.47,0,Current,1,Active,N
LN-20140,2025-02-01,226456.11,1488.95,0,Current,1,Active,N
LN-20140,2025-03-01,359320.68,2362.53,0,Current,1,Active,N
LN-20140,2025-04-01,348262.96,2289.83,0,Current,1,Active,N
LN-20140,2025-05-01,359412.54,2363.14,0,Current,1,Active,N
LN-20140,2025-06-01,426393.62,2803.54,0,Current,1,Active,N
LN-20140,2025-07-01,269861.26,1774.34,0,Current,1,Active,N
LN-20140,2025-08-01,314319.8,2066.65,0,Current,1,Active,N
LN-20140,2025-09-01,261840.73,1721.6,0,Current,1,Active,N
LN-20140,2025-10-01,263314.63,1731.29,0,Current,1,Active,N
LN-20140,2025-11-01,248244.01,1632.2,0,Current,1,Active,N
LN-20140,2025-12-01,205480.89,1351.04,0,Current,1,Active,N
LN-20140,2026-01-01,229351.56,1507.99,0,Current,1,Active,N
LN-20140,2026-02-01,341105.38,2242.77,0,Current,1,Active,N
LN-20140,2026-03-01,464086.9,3051.37,0,Current,1,Active,N
LN-20140,2026-04-01,330230.24,2171.26,0,Current,1,Active,N
LN-20140,2026-05-01,440828.39,2898.45,0,Current,1,Active,N
LN-20140,2026-06-01,383362.6,2520.61,0,Current,1,Active,N
LN-20140,2026-07-01,294985.99,1939.53,0,Current,1,Active,N
LN-20141,2024-08-01,182699.14,3374.51,0,Current,2,Active,N
LN-20141,2024-09-01,180445.18,3374.51,0,Current,2,Active,N
LN-20141,2024-10-01,178177.4,3374.51,0,Current,2,Active,N
LN-20141,2024-11-01,175895.72,3374.51,0,Current,2,Active,N
LN-20141,2024-12-01,173600.03,3374.51,0,Current,2,Active,N
LN-20141,2025-01-01,171290.27,3374.51,0,Current,2,Active,N
LN-20141,2025-02-01,168966.34,3374.51,0,Current,2,Active,N
LN-20141,2025-03-01,166628.16,3374.51,0,Current,2,Active,N
LN-20141,2025-04-01,164275.64,3374.51,6,1-29 Days,2,Active,Y
LN-20141,2025-05-01,161908.69,3374.51,0,Current,2,Active,N
LN-20141,2025-06-01,159527.22,3374.51,0,Current,2,Active,N
LN-20141,2025-07-01,157131.14,3374.51,0,Current,2,Active,N
LN-20141,2025-08-01,154720.37,3374.51,0,Current,2,Active,N
LN-20141,2025-09-01,152294.81,3374.51,0,Current,2,Active,N
LN-20141,2025-10-01,149854.38,3374.51,0,Current,2,Active,N
LN-20141,2025-11-01,147398.98,3374.51,0,Current,2,Active,N
LN-20141,2025-12-01,144928.51,3374.51,58,30-59 Days,2,Active,Y
LN-20141,2026-01-01,142442.9,3374.51,59,30-59 Days,2,Active,N
LN-20141,2026-02-01,139942.04,3374.51,0,Current,2,Active,N
LN-20141,2026-03-01,137425.84,3374.51,0,Current,2,Active,N
LN-20141,2026-04-01,134894.21,3374.51,0,Current,2,Active,N
LN-20141,2026-05-01,132347.05,3374.51,0,Current,2,Active,N
LN-20141,2026-06-01,129784.27,3374.51,0,Current,2,Active,N
LN-20141,2026-07-01,127205.77,3374.51,0,Current,2,Active,N
LN-20142,2024-08-01,1047602.75,27369.87,0,Current,1,Active,N
LN-20142,2024-09-01,1026893.88,27369.87,0,Current,1,Active,N
LN-20142,2024-10-01,1006053.34,27369.87,0,Current,1,Active,N
LN-20142,2024-11-01,985080.29,27369.87,0,Current,1,Active,N
LN-20142,2024-12-01,963973.89,27369.87,0,Current,1,Active,N
LN-20142,2025-01-01,942733.29,27369.87,0,Current,1,Active,N
LN-20142,2025-02-01,921357.63,27369.87,0,Current,1,Active,N
LN-20142,2025-03-01,899846.05,27369.87,0,Current,1,Active,N
LN-20142,2025-04-01,878197.7,27369.87,0,Current,1,Active,N
LN-20142,2025-05-01,856411.7,27369.87,0,Current,1,Active,N
LN-20142,2025-06-01,834487.18,27369.87,0,Current,1,Active,N
LN-20142,2025-07-01,812423.26,27369.87,0,Current,1,Active,N
LN-20142,2025-08-01,790219.04,27369.87,0,Current,1,Active,N
LN-20142,2025-09-01,767873.65,27369.87,0,Current,1,Active,N
LN-20142,2025-10-01,745386.17,27369.87,0,Current,1,Active,N
LN-20142,2025-11-01,722755.71,27369.87,0,Current,1,Active,N
LN-20142,2025-12-01,699981.36,27369.87,0,Current,1,Active,N
LN-20142,2026-01-01,677062.2,27369.87,0,Current,1,Active,N
LN-20142,2026-02-01,653997.32,27369.87,0,Current,1,Active,N
LN-20142,2026-03-01,630785.78,27369.87,0,Current,1,Active,N
LN-20142,2026-04-01,607426.65,27369.87,0,Current,1,Active,N
LN-20142,2026-05-01,583919.0,27369.87,0,Current,1,Active,N
LN-20142,2026-06-01,560261.88,27369.87,0,Current,1,Active,N
LN-20142,2026-07-01,536454.34,27369.87,0,Current,1,Active,N
LN-20143,2024-08-01,137243.67,834.9,0,Current,1,Active,N
LN-20143,2024-09-01,133594.42,812.7,0,Current,1,Active,N
LN-20143,2024-10-01,147380.3,896.56,0,Current,1,Active,N
LN-20143,2024-11-01,99150.24,603.16,0,Current,1,Active,N
LN-20143,2024-12-01,168454.28,1024.76,0,Current,1,Active,N
LN-20143,2025-01-01,181501.13,1104.13,0,Current,1,Active,N
LN-20143,2025-02-01,115722.55,703.98,0,Current,1,Active,N
LN-20143,2025-03-01,228448.12,1389.73,0,Current,1,Active,N
LN-20143,2025-04-01,250256.05,1522.39,0,Current,1,Active,N
LN-20143,2025-05-01,195660.53,1190.27,0,Current,1,Active,N
LN-20143,2025-06-01,189445.82,1152.46,0,Current,1,Active,N
LN-20143,2025-07-01,211275.26,1285.26,0,Current,1,Active,N
LN-20143,2025-08-01,122569.36,745.63,0,Current,1,Active,N
LN-20143,2025-09-01,179379.52,1091.23,0,Current,1,Active,N
LN-20143,2025-10-01,119585.39,727.48,0,Current,1,Active,N
LN-20143,2025-11-01,156815.59,953.96,0,Current,1,Active,N
LN-20143,2025-12-01,163966.94,997.47,0,Current,1,Active,N
LN-20143,2026-01-01,119312.72,725.82,0,Current,1,Active,N
LN-20143,2026-02-01,164465.26,1000.5,0,Current,1,Active,N
LN-20143,2026-03-01,200372.9,1218.94,0,Current,1,Active,N
LN-20143,2026-04-01,180877.01,1100.34,0,Current,1,Active,N
LN-20143,2026-05-01,241022.76,1466.22,0,Current,1,Active,N
LN-20143,2026-06-01,263875.29,1605.24,0,Current,1,Active,N
LN-20143,2026-07-01,157839.41,960.19,0,Current,1,Active,N
LN-20144,2024-08-01,691471.42,10939.41,0,Current,2,Active,N
LN-20144,2024-09-01,684358.15,10939.41,0,Current,2,Active,N
LN-20144,2024-10-01,677205.53,10939.41,0,Current,2,Active,N
LN-20144,2024-11-01,670013.33,10939.41,0,Current,2,Active,N
LN-20144,2024-12-01,662781.33,10939.41,0,Current,2,Active,N
LN-20144,2025-01-01,655509.31,10939.41,0,Current,2,Active,N
LN-20144,2025-02-01,648197.06,10939.41,0,Current,2,Active,N
LN-20144,2025-03-01,640844.35,10939.41,0,Current,2,Active,N
LN-20144,2025-04-01,633450.95,10939.41,6,1-29 Days,2,Active,Y
LN-20144,2025-05-01,626016.64,10939.41,0,Current,2,Active,N
LN-20144,2025-06-01,618541.19,10939.41,0,Current,2,Active,N
LN-20144,2025-07-01,611024.38,10939.41,0,Current,2,Active,N
LN-20144,2025-08-01,603465.97,10939.41,0,Current,2,Active,N
LN-20144,2025-09-01,595865.75,10939.41,0,Current,2,Active,N
LN-20144,2025-10-01,588223.46,10939.41,0,Current,2,Active,N
LN-20144,2025-11-01,580538.9,10939.41,0,Current,2,Active,N
LN-20144,2025-12-01,572811.81,10939.41,0,Current,2,Active,N
LN-20144,2026-01-01,565041.96,10939.41,0,Current,2,Active,N
LN-20144,2026-02-01,557229.12,10939.41,0,Current,2,Active,N
LN-20144,2026-03-01,549373.05,10939.41,0,Current,2,Active,N
LN-20144,2026-04-01,541473.51,10939.41,0,Current,2,Active,N
LN-20144,2026-05-01,533530.25,10939.41,0,Current,2,Active,N
LN-20144,2026-06-01,525543.05,10939.41,0,Current,2,Active,N
LN-20144,2026-07-01,517511.65,10939.41,0,Current,2,Active,N
LN-20145,2025-01-01,125567.83,923.97,0,Current,3,Active,N
LN-20145,2025-02-01,97432.12,716.94,0,Current,3,Active,N
LN-20145,2025-03-01,131471.61,967.41,30,30-59 Days,3,Active,Y
LN-20145,2025-04-01,126563.22,931.29,40,30-59 Days,3,Active,N
LN-20145,2025-05-01,108575.84,798.94,0,Current,3,Active,N
LN-20145,2025-06-01,143157.17,1053.4,0,Current,3,Active,N
LN-20145,2025-07-01,99730.01,733.85,0,Current,3,Active,N
LN-20145,2025-08-01,96492.88,710.03,0,Current,3,Active,N
LN-20145,2025-09-01,70922.44,521.87,0,Current,3,Active,N
LN-20145,2025-10-01,101385.11,746.03,0,Current,3,Active,N
LN-20145,2025-11-01,78246.53,575.76,0,Current,3,Active,N
LN-20145,2025-12-01,81142.32,597.07,0,Current,3,Active,N
LN-20145,2026-01-01,107620.84,791.91,0,Current,3,Active,N
LN-20145,2026-02-01,82351.96,605.97,0,Current,3,Active,N
LN-20145,2026-03-01,185990.15,1368.58,0,Current,3,Active,N
LN-20145,2026-04-01,156930.73,1154.75,0,Current,3,Active,N
LN-20145,2026-05-01,159359.64,1172.62,28,1-29 Days,3,Active,Y
LN-20145,2026-06-01,167031.71,1229.07,8,1-29 Days,3,Active,N
LN-20145,2026-07-01,129400.0,952.17,12,1-29 Days,3,Active,N
LN-20146,2024-08-01,1393341.29,19961.33,0,Current,2,Active,N
LN-20146,2024-09-01,1380950.44,19961.33,0,Current,2,Active,N
LN-20146,2024-10-01,1368492.27,19961.33,0,Current,2,Active,N
LN-20146,2024-11-01,1355966.41,19961.33,0,Current,2,Active,N
LN-20146,2024-12-01,1343372.5,19961.33,24,1-29 Days,2,Active,Y
LN-20146,2025-01-01,1330710.15,19961.33,3,1-29 Days,2,Active,N
LN-20146,2025-02-01,1317979.01,19961.33,4,1-29 Days,2,Active,N
LN-20146,2025-03-01,1305178.69,19961.33,20,1-29 Days,2,Active,N
LN-20146,2025-04-01,1292308.83,19961.33,24,1-29 Days,2,Active,N
LN-20146,2025-05-01,1279369.04,19961.33,22,1-29 Days,2,Active,N
LN-20146,2025-06-01,1266358.95,19961.33,15,1-29 Days,2,Active,N
LN-20146,2025-07-01,1253278.16,19961.33,10,1-29 Days,2,Active,N
LN-20146,2025-08-01,1240126.3,19961.33,19,1-29 Days,2,Active,N
LN-20146,2025-09-01,1226902.99,19961.33,0,Current,2,Active,N
LN-20146,2025-10-01,1213607.83,19961.33,0,Current,2,Active,N
LN-20146,2025-11-01,1200240.43,19961.33,0,Current,2,Active,N
LN-20146,2025-12-01,1186800.4,19961.33,0,Current,2,Active,N
LN-20146,2026-01-01,1173287.35,19961.33,23,1-29 Days,2,Active,Y
LN-20146,2026-02-01,1159700.88,19961.33,29,1-29 Days,2,Active,N
LN-20146,2026-03-01,1146040.58,19961.33,12,1-29 Days,2,Active,N
LN-20146,2026-04-01,1132306.07,19961.33,19,1-29 Days,2,Active,N
LN-20146,2026-05-01,1118496.93,19961.33,5,1-29 Days,2,Active,N
LN-20146,2026-06-01,1104612.76,19961.33,19,1-29 Days,2,Active,N
LN-20146,2026-07-01,1090653.16,19961.33,8,1-29 Days,2,Active,N
LN-20147,2024-08-01,413034.47,9821.78,0,Current,1,Active,N
LN-20147,2024-09-01,405498.14,9821.78,0,Current,1,Active,N
LN-20147,2024-10-01,397920.11,9821.78,0,Current,1,Active,N
LN-20147,2024-11-01,390300.15,9821.78,0,Current,1,Active,N
LN-20147,2024-12-01,382638.03,9821.78,71,60-89 Days,2,Active,Y
LN-20147,2025-01-01,374933.51,9821.78,68,60-89 Days,2,Active,N
LN-20147,2025-02-01,367186.36,9821.78,72,60-89 Days,2,Active,N
LN-20147,2025-03-01,359396.34,9821.78,75,60-89 Days,2,Active,N
LN-20147,2025-04-01,351563.21,9821.78,69,60-89 Days,2,Active,N
LN-20147,2025-05-01,343686.74,9821.78,69,60-89 Days,2,Active,N
LN-20147,2025-06-01,335766.69,9821.78,75,60-89 Days,2,Active,N
LN-20147,2025-07-01,327802.81,9821.78,71,60-89 Days,2,Active,N
LN-20147,2025-08-01,319794.87,9821.78,0,Current,1,Active,N
LN-20147,2025-09-01,311742.62,9821.78,0,Current,1,Active,N
LN-20147,2025-10-01,303645.81,9821.78,0,Current,1,Active,N
LN-20147,2025-11-01,295504.2,9821.78,0,Current,1,Active,N
LN-20147,2025-12-01,287317.54,9821.78,0,Current,1,Active,N
LN-20147,2026-01-01,279085.57,9821.78,0,Current,1,Active,N
LN-20147,2026-02-01,270808.06,9821.78,0,Current,1,Active,N
LN-20147,2026-03-01,262484.75,9821.78,0,Current,1,Active,N
LN-20147,2026-04-01,254115.38,9821.78,0,Current,1,Active,N
LN-20147,2026-05-01,245699.7,9821.78,0,Current,1,Active,N
LN-20147,2026-06-01,237237.45,9821.78,0,Current,1,Active,N
LN-20147,2026-07-01,228728.38,9821.78,0,Current,1,Active,N
LN-20148,2026-03-01,701700.0,13637.72,0,Current,1,Active,N
LN-20148,2026-04-01,691699.42,13637.72,0,Current,1,Active,N
LN-20148,2026-05-01,681647.0,13637.72,0,Current,1,Active,N
LN-20148,2026-06-01,671542.48,13637.72,0,Current,1,Active,N
LN-20148,2026-07-01,661385.59,13637.72,0,Current,1,Active,N
LN-20149,2024-08-01,214164.23,1443.82,0,Current,2,Active,N
LN-20149,2024-09-01,281806.05,1899.84,0,Current,2,Active,N
LN-20149,2024-10-01,168350.19,1134.96,0,Current,2,Active,N
LN-20149,2024-11-01,173916.81,1172.49,0,Current,2,Active,N
LN-20149,2024-12-01,175061.43,1180.21,0,Current,2,Active,N
LN-20149,2025-01-01,223027.77,1503.58,0,Current,2,Active,N
LN-20149,2025-02-01,262779.96,1771.57,0,Current,2,Active,N
LN-20149,2025-03-01,337083.49,2272.5,0,Current,2,Active,N
LN-20149,2025-04-01,402654.0,2714.56,0,Current,2,Active,N
LN-20149,2025-05-01,328515.92,2214.74,0,Current,2,Active,N
LN-20149,2025-06-01,344379.84,2321.69,0,Current,2,Active,N
LN-20149,2025-07-01,234018.36,1577.67,0,Current,2,Active,N
LN-20149,2025-08-01,303501.41,2046.11,0,Current,2,Active,N
LN-20149,2025-09-01,256071.31,1726.35,0,Current,2,Active,N
LN-20149,2025-10-01,166479.96,1122.35,0,Current,2,Active,N
LN-20149,2025-11-01,195282.03,1316.53,0,Current,2,Active,N
LN-20149,2025-12-01,180934.77,1219.8,0,Current,2,Active,N
LN-20149,2026-01-01,290268.46,1956.89,0,Current,2,Active,N
LN-20149,2026-02-01,248753.06,1677.01,0,Current,2,Active,N
LN-20149,2026-03-01,265348.22,1788.89,0,Current,2,Active,N
LN-20149,2026-04-01,322571.24,2174.67,0,Current,2,Active,N
LN-20149,2026-05-01,286215.82,1929.57,0,Current,2,Active,N
LN-20149,2026-06-01,281670.36,1898.93,0,Current,2,Active,N
LN-20149,2026-07-01,304894.91,2055.5,0,Current,2,Active,N
LN-20150,2024-08-01,769896.12,9915.79,0,Current,2,Active,N
LN-20150,2024-09-01,765331.11,9915.79,0,Current,2,Active,N
LN-20150,2024-10-01,760734.38,9915.79,0,Current,2,Active,N
LN-20150,2024-11-01,756105.69,9915.79,0,Current,2,Active,N
LN-20150,2024-12-01,751444.84,9915.79,0,Current,2,Active,N
LN-20150,2025-01-01,746751.59,9915.79,0,Current,2,Active,N
LN-20150,2025-02-01,742025.73,9915.79,0,Current,2,Active,N
LN-20150,2025-03-01,737267.02,9915.79,0,Current,2,Active,N
LN-20150,2025-04-01,732475.23,9915.79,0,Current,2,Active,N
LN-20150,2025-05-01,727650.15,9915.79,0,Current,2,Active,N
LN-20150,2025-06-01,722791.53,9915.79,0,Current,2,Active,N
LN-20150,2025-07-01,717899.14,9915.79,0,Current,2,Active,N
LN-20150,2025-08-01,712972.75,9915.79,0,Current,2,Active,N
LN-20150,2025-09-01,708012.13,9915.79,0,Current,2,Active,N
LN-20150,2025-10-01,703017.02,9915.79,0,Current,2,Active,N
LN-20150,2025-11-01,697987.2,9915.79,0,Current,2,Active,N
LN-20150,2025-12-01,692922.43,9915.79,0,Current,2,Active,N
LN-20150,2026-01-01,687822.45,9915.79,0,Current,2,Active,N
LN-20150,2026-02-01,682687.03,9915.79,0,Current,2,Active,N
LN-20150,2026-03-01,677515.91,9915.79,0,Current,2,Active,N
LN-20150,2026-04-01,672308.86,9915.79,0,Current,2,Active,N
LN-20150,2026-05-01,667065.62,9915.79,0,Current,2,Active,N
LN-20150,2026-06-01,661785.94,9915.79,0,Current,2,Active,N
LN-20150,2026-07-01,656469.56,9915.79,0,Current,2,Active,N
LN-20151,2025-02-01,2044700.0,15064.71,0,Current,2,Active,N
LN-20151,2025-03-01,2040455.16,15064.71,0,Current,2,Active,N
LN-20151,2025-04-01,2036187.87,15064.71,0,Current,2,Active,N
LN-20151,2025-05-01,2031897.99,15064.71,0,Current,2,Active,N
LN-20151,2025-06-01,2027585.41,15064.71,0,Current,2,Active,N
LN-20151,2025-07-01,2023250.01,15064.71,0,Current,2,Active,N
LN-20151,2025-08-01,2018891.67,15064.71,0,Current,2,Active,N
LN-20151,2025-09-01,2014510.26,15064.71,0,Current,2,Active,N
LN-20151,2025-10-01,2010105.67,15064.71,0,Current,2,Active,N
LN-20151,2025-11-01,2005677.77,15064.71,0,Current,2,Active,N
LN-20151,2025-12-01,2001226.45,15064.71,0,Current,2,Active,N
LN-20151,2026-01-01,1996751.56,15064.71,0,Current,2,Active,N
LN-20151,2026-02-01,1992253.0,15064.71,0,Current,2,Active,N
LN-20151,2026-03-01,1987730.63,15064.71,0,Current,2,Active,N
LN-20151,2026-04-01,1983184.33,15064.71,0,Current,2,Active,N
LN-20151,2026-05-01,1978613.98,15064.71,0,Current,2,Active,N
LN-20151,2026-06-01,1974019.44,15064.71,0,Current,2,Active,N
LN-20151,2026-07-01,1969400.58,15064.71,0,Current,2,Active,N
LN-20152,2024-08-01,174235.35,1131.08,0,Current,2,Active,N
LN-20152,2024-09-01,175056.1,1136.41,0,Current,2,Active,N
LN-20152,2024-10-01,150396.01,976.32,0,Current,2,Active,N
LN-20152,2024-11-01,100588.68,652.99,0,Current,2,Active,N
LN-20152,2024-12-01,119704.78,777.08,0,Current,2,Active,N
LN-20152,2025-01-01,172850.29,1122.09,0,Current,2,Active,N
LN-20152,2025-02-01,176523.92,1145.93,0,Current,2,Active,N
LN-20152,2025-03-01,298386.97,1937.03,0,Current,2,Active,N
LN-20152,2025-04-01,220199.98,1429.46,0,Current,2,Active,N
LN-20152,2025-05-01,268862.75,1745.37,0,Current,2,Active,N
LN-20152,2025-06-01,323715.31,2101.45,0,Current,2,Active,N
LN-20152,2025-07-01,197062.03,1279.26,0,Current,2,Active,N
LN-20152,2025-08-01,187636.97,1218.08,0,Current,2,Active,N
LN-20152,2025-09-01,295634.26,1919.16,0,Current,2,Active,N
LN-20152,2025-10-01,188646.25,1224.63,0,Current,2,Active,N
LN-20152,2025-11-01,132173.85,858.03,0,Current,2,Active,N
LN-20152,2025-12-01,88725.65,575.98,0,Current,2,Active,N
LN-20152,2026-01-01,177695.93,1153.54,0,Current,2,Active,N
LN-20152,2026-02-01,146436.08,950.61,0,Current,2,Active,N
LN-20152,2026-03-01,262250.22,1702.44,0,Current,2,Active,N
LN-20152,2026-04-01,333004.0,2161.75,0,Current,2,Active,N
LN-20152,2026-05-01,266602.74,1730.7,0,Current,2,Active,N
LN-20152,2026-06-01,288242.93,1871.18,0,Current,2,Active,N
LN-20152,2026-07-01,159016.4,1032.28,0,Current,2,Active,N
LN-20154,2024-08-01,2561651.95,23909.28,30,30-59 Days,4,Active,N
LN-20154,2024-09-01,2551362.12,23909.28,44,30-59 Days,4,Active,N
LN-20154,2024-10-01,2541017.58,23909.28,0,Current,4,Active,N
LN-20154,2024-11-01,2530618.05,23909.28,0,Current,4,Active,N
LN-20154,2024-12-01,2520163.22,23909.28,0,Current,4,Active,N
LN-20154,2025-01-01,2509652.81,23909.28,0,Current,4,Active,N
LN-20154,2025-02-01,2499086.52,23909.28,0,Current,4,Active,N
LN-20154,2025-03-01,2488464.05,23909.28,0,Current,4,Active,N
LN-20154,2025-04-01,2477785.11,23909.28,0,Current,4,Active,N
LN-20154,2025-05-01,2467049.39,23909.28,85,60-89 Days,4,Active,Y
LN-20154,2025-06-01,2456256.59,23909.28,0,Current,4,Active,N
LN-20154,2025-07-01,2445406.41,23909.28,5,1-29 Days,4,Active,Y
LN-20154,2025-08-01,2434498.54,23909.28,29,1-29 Days,4,Active,N
LN-20154,2025-09-01,2423532.68,23909.28,1,1-29 Days,4,Active,N
LN-20154,2025-10-01,2412508.52,23909.28,0,Current,4,Active,N
LN-20154,2025-11-01,2401425.75,23909.28,0,Current,4,Active,N
LN-20154,2025-12-01,2390284.05,23909.28,0,Current,4,Active,N
LN-20154,2026-01-01,2379083.11,23909.28,0,Current,4,Active,N
LN-20154,2026-02-01,2367822.63,23909.28,0,Current,4,Active,N
LN-20154,2026-03-01,2356502.27,23909.28,0,Current,4,Active,N
LN-20154,2026-04-01,2345121.73,23909.28,0,Current,4,Active,N
LN-20154,2026-05-01,2333680.69,23909.28,0,Current,4,Active,N
LN-20154,2026-06-01,2322178.81,23909.28,0,Current,4,Active,N
LN-20154,2026-07-01,2310615.78,23909.28,0,Current,4,Active,N
LN-20155,2024-08-01,84254.68,2330.84,0,Current,1,Active,N
LN-20155,2024-09-01,82441.3,2330.84,0,Current,1,Active,N
LN-20155,2024-10-01,80616.78,2330.84,0,Current,1,Active,N
LN-20155,2024-11-01,78781.06,2330.84,0,Current,1,Active,N
LN-20155,2024-12-01,76934.07,2330.84,0,Current,1,Active,N
LN-20155,2025-01-01,75075.73,2330.84,0,Current,1,Active,N
LN-20155,2025-02-01,73205.98,2330.84,0,Current,1,Active,N
LN-20155,2025-03-01,71324.74,2330.84,0,Current,1,Active,N
LN-20155,2025-04-01,69431.95,2330.84,0,Current,1,Active,N
LN-20155,2025-05-01,67527.54,2330.84,0,Current,1,Active,N
LN-20155,2025-06-01,65611.43,2330.84,0,Current,1,Active,N
LN-20155,2025-07-01,63683.55,2330.84,34,30-59 Days,1,Active,Y
LN-20155,2025-08-01,61743.83,2330.84,45,30-59 Days,1,Active,N
LN-20155,2025-09-01,59792.2,2330.84,0,Current,1,Active,N
LN-20155,2025-10-01,57828.58,2330.84,0,Current,1,Active,N
LN-20155,2025-11-01,55852.9,2330.84,0,Current,1,Active,N
LN-20155,2025-12-01,53865.09,2330.84,0,Current,1,Active,N
LN-20155,2026-01-01,51865.07,2330.84,0,Current,1,Active,N
LN-20155,2026-02-01,49852.76,2330.84,0,Current,1,Active,N
LN-20155,2026-03-01,47828.1,2330.84,47,30-59 Days,1,Active,Y
LN-20155,2026-04-01,45791.0,2330.84,44,30-59 Days,1,Active,N
LN-20155,2026-05-01,43741.39,2330.84,38,30-59 Days,1,Active,N
LN-20155,2026-06-01,41679.19,2330.84,47,30-59 Days,1,Active,N
LN-20155,2026-07-01,39604.33,2330.84,54,30-59 Days,1,Active,N
LN-20156,2026-05-01,1084300.0,7625.08,0,Current,1,Active,N
LN-20156,2026-06-01,1081888.6,7625.08,0,Current,1,Active,N
LN-20156,2026-07-01,1079465.6,7625.08,0,Current,1,Active,N
LN-20157,2024-08-01,31288.2,4000.87,0,Current,2,Active,N
LN-20157,2024-09-01,27446.12,4000.87,0,Current,2,Active,N
LN-20157,2024-10-01,23584.54,4000.87,0,Current,2,Active,N
LN-20157,2024-11-01,19703.36,4000.87,0,Current,2,Active,N
LN-20157,2024-12-01,15802.48,4000.87,0,Current,2,Active,N
LN-20157,2025-01-01,11881.81,4000.87,0,Current,2,Active,N
LN-20157,2025-02-01,7941.24,4000.87,0,Current,2,Active,N
LN-20157,2025-03-01,3980.67,4000.87,0,Current,2,Active,N
LN-20158,2024-08-01,179649.07,1170.71,0,Current,2,Active,N
LN-20158,2024-09-01,172373.64,1123.3,0,Current,2,Active,N
LN-20158,2024-10-01,130404.11,849.8,0,Current,2,Active,N
LN-20158,2024-11-01,150302.48,979.47,0,Current,2,Active,N
LN-20158,2024-12-01,150453.83,980.46,0,Current,2,Active,N
LN-20158,2025-01-01,172389.28,1123.4,0,Current,2,Active,N
LN-20158,2025-02-01,181563.14,1183.19,0,Current,2,Active,N
LN-20158,2025-03-01,318847.63,2077.82,0,Current,2,Active,N
LN-20158,2025-04-01,297712.29,1940.09,0,Current,2,Active,N
LN-20158,2025-05-01,293811.6,1914.67,0,Current,2,Active,N
LN-20158,2025-06-01,274362.4,1787.93,0,Current,2,Active,N
LN-20158,2025-07-01,243317.36,1585.62,0,Current,2,Active,N
LN-20158,2025-08-01,206514.95,1345.79,0,Current,2,Active,N
LN-20158,2025-09-01,160300.03,1044.62,0,Current,2,Active,N
LN-20158,2025-10-01,124637.88,812.22,0,Current,2,Active,N
LN-20158,2025-11-01,139614.84,909.82,0,Current,2,Active,N
LN-20158,2025-12-01,127386.44,830.13,0,Current,2,Active,N
LN-20158,2026-01-01,171995.58,1120.84,0,Current,2,Active,N
LN-20158,2026-02-01,217603.09,1418.05,0,Current,2,Active,N
LN-20158,2026-03-01,296762.84,1933.9,0,Current,2,Active,N
LN-20158,2026-04-01,235991.48,1537.88,0,Current,2,Active,N
LN-20158,2026-05-01,270793.2,1764.67,0,Current,2,Active,N
LN-20158,2026-06-01,239342.91,1559.72,0,Current,2,Active,N
LN-20158,2026-07-01,194998.28,1270.74,0,Current,2,Active,N
LN-20159,2026-01-01,164215.22,1144.03,45,30-59 Days,4,Active,N
LN-20159,2026-02-01,168446.57,1173.51,46,30-59 Days,4,Active,N
LN-20159,2026-03-01,271274.27,1889.88,59,30-59 Days,4,Active,N
LN-20159,2026-04-01,246415.81,1716.7,38,30-59 Days,4,Active,N
LN-20159,2026-05-01,275160.05,1916.95,37,30-59 Days,4,Active,N
LN-20159,2026-06-01,211008.82,1470.03,52,30-59 Days,4,Active,N
LN-20159,2026-07-01,187806.66,1308.39,43,30-59 Days,4,Active,N
LN-20160,2026-05-01,430900.0,6609.26,0,Current,3,Active,N
LN-20160,2026-06-01,426983.86,6609.26,0,Current,3,Active,N
LN-20160,2026-07-01,423043.25,6609.26,0,Current,3,Active,N
LN-20161,2024-08-01,209511.37,21660.46,235,90+ Days,4,Active,N
LN-20161,2024-09-01,189128.93,21660.46,120,90+ Days,4,Active,N
LN-20161,2024-10-01,168622.15,21660.46,0,Current,4,Active,N
LN-20161,2024-11-01,147990.29,21660.46,0,Current,4,Active,N
LN-20161,2024-12-01,127232.57,21660.46,0,Current,4,Active,N
LN-20161,2025-01-01,106348.23,21660.46,0,Current,4,Active,N
LN-20161,2025-02-01,85336.5,21660.46,31,30-59 Days,4,Active,Y
LN-20161,2025-03-01,64196.59,21660.46,54,30-59 Days,4,Active,N
LN-20161,2025-04-01,42927.73,21660.46,41,30-59 Days,4,Active,N
LN-20161,2025-05-01,21529.13,21660.46,39,30-59 Days,4,Active,N
LN-20162,2024-08-01,265575.52,1951.98,112,90+ Days,4,Active,N
LN-20162,2024-09-01,250809.84,1843.45,204,90+ Days,4,Active,N
LN-20162,2024-10-01,160751.96,1181.53,165,90+ Days,4,Active,N
LN-20162,2024-11-01,90422.48,664.61,161,90+ Days,4,Active,N
LN-20162,2024-12-01,216355.51,1590.21,97,90+ Days,4,Active,N
LN-20162,2025-01-01,275795.32,2027.1,198,90+ Days,4,Active,N
LN-20162,2025-02-01,290869.2,2137.89,239,90+ Days,4,Active,N
LN-20162,2025-03-01,311458.41,2289.22,166,90+ Days,4,Active,N
LN-20162,2025-04-01,313836.73,2306.7,62,60-89 Days,4,Active,N
LN-20162,2025-05-01,329459.87,2421.53,85,60-89 Days,4,Active,N
LN-20162,2025-06-01,308608.14,2268.27,26,1-29 Days,4,Active,N
LN-20162,2025-07-01,170734.99,1254.9,0,Current,4,Active,N
LN-20162,2025-08-01,208394.02,1531.7,0,Current,4,Active,N
LN-20162,2025-09-01,218262.71,1604.23,0,Current,4,Active,N
LN-20162,2025-10-01,150737.34,1107.92,0,Current,4,Active,N
LN-20162,2025-11-01,211652.95,1555.65,0,Current,4,Active,N
LN-20162,2025-12-01,156750.93,1152.12,0,Current,4,Active,N
LN-20162,2026-01-01,125804.28,924.66,0,Current,4,Active,N
LN-20162,2026-02-01,259782.52,1909.4,0,Current,4,Active,N
LN-20162,2026-03-01,360963.82,2653.08,0,Current,4,Active,N
LN-20162,2026-04-01,238139.82,1750.33,0,Current,4,Active,N
LN-20162,2026-05-01,357116.96,2624.81,0,Current,4,Active,N
LN-20162,2026-06-01,236021.01,1734.75,0,Current,4,Active,N
LN-20162,2026-07-01,249314.13,1832.46,0,Current,4,Active,N
LN-20163,2025-10-01,145485.66,928.68,0,Current,1,Active,N
LN-20163,2025-11-01,130254.22,831.46,0,Current,1,Active,N
LN-20163,2025-12-01,181573.12,1159.04,0,Current,1,Active,N
LN-20163,2026-01-01,247606.09,1580.55,0,Current,1,Active,N
LN-20163,2026-02-01,221650.34,1414.87,0,Current,1,Active,N
LN-20163,2026-03-01,249218.32,1590.84,0,Current,1,Active,N
LN-20163,2026-04-01,304667.72,1944.8,0,Current,1,Active,N
LN-20163,2026-05-01,296834.15,1894.79,0,Current,1,Active,N
LN-20163,2026-06-01,301728.28,1926.03,0,Current,1,Active,N
LN-20163,2026-07-01,170760.94,1090.02,0,Current,1,Active,N
LN-20164,2024-08-01,297018.99,3906.95,0,Current,2,Active,N
LN-20164,2024-09-01,295156.52,3906.95,0,Current,2,Active,N
LN-20164,2024-10-01,293281.23,3906.95,0,Current,2,Active,N
LN-20164,2024-11-01,291393.03,3906.95,0,Current,2,Active,N
LN-20164,2024-12-01,289491.83,3906.95,0,Current,2,Active,N
LN-20164,2025-01-01,287577.55,3906.95,0,Current,2,Active,N
LN-20164,2025-02-01,285650.09,3906.95,0,Current,2,Active,N
LN-20164,2025-03-01,283709.36,3906.95,0,Current,2,Active,N
LN-20164,2025-04-01,281755.27,3906.95,0,Current,2,Active,N
LN-20164,2025-05-01,279787.73,3906.95,0,Current,2,Active,N
LN-20164,2025-06-01,277806.65,3906.95,0,Current,2,Active,N
LN-20164,2025-07-01,275811.94,3906.95,0,Current,2,Active,N
LN-20164,2025-08-01,273803.49,3906.95,0,Current,2,Active,N
LN-20164,2025-09-01,271781.22,3906.95,0,Current,2,Active,N
LN-20164,2025-10-01,269745.03,3906.95,0,Current,2,Active,N
LN-20164,2025-11-01,267694.82,3906.95,0,Current,2,Active,N
LN-20164,2025-12-01,265630.5,3906.95,0,Current,2,Active,N
LN-20164,2026-01-01,263551.97,3906.95,0,Current,2,Active,N
LN-20164,2026-02-01,261459.13,3906.95,0,Current,2,Active,N
LN-20164,2026-03-01,259351.89,3906.95,0,Current,2,Active,N
LN-20164,2026-04-01,257230.15,3906.95,0,Current,2,Active,N
LN-20164,2026-05-01,255093.79,3906.95,0,Current,2,Active,N
LN-20164,2026-06-01,252942.74,3906.95,0,Current,2,Active,N
LN-20164,2026-07-01,250776.87,3906.95,0,Current,2,Active,N
LN-20165,2024-08-01,375359.58,10282.13,0,Current,4,Active,N
LN-20165,2024-09-01,367198.23,10282.13,0,Current,4,Active,N
LN-20165,2024-10-01,358990.77,10282.13,1,1-29 Days,4,Active,Y
LN-20165,2024-11-01,350736.94,10282.13,0,Current,4,Active,N
LN-20165,2024-12-01,342436.47,10282.13,0,Current,4,Active,N
LN-20165,2025-01-01,334089.11,10282.13,10,1-29 Days,4,Active,Y
LN-20165,2025-02-01,325694.58,10282.13,28,1-29 Days,4,Active,N
LN-20165,2025-03-01,317252.63,10282.13,20,1-29 Days,4,Active,N
LN-20165,2025-04-01,308762.98,10282.13,23,1-29 Days,4,Active,N
LN-20165,2025-05-01,300225.36,10282.13,17,1-29 Days,4,Active,N
LN-20165,2025-06-01,291639.5,10282.13,74,60-89 Days,4,Active,Y
LN-20165,2025-07-01,283005.13,10282.13,69,60-89 Days,4,Active,N
LN-20165,2025-08-01,274321.98,10282.13,65,60-89 Days,4,Active,N
LN-20165,2025-09-01,265589.77,10282.13,85,60-89 Days,4,Active,N
LN-20165,2025-10-01,256808.22,10282.13,64,60-89 Days,4,Active,N
LN-20165,2025-11-01,247977.06,10282.13,67,60-89 Days,4,Active,N
LN-20165,2025-12-01,239096.0,10282.13,84,60-89 Days,4,Active,N
LN-20165,2026-01-01,230164.76,10282.13,68,60-89 Days,4,Active,N
LN-20165,2026-02-01,221183.06,10282.13,69,60-89 Days,4,Active,N
LN-20165,2026-03-01,212150.62,10282.13,0,Current,4,Active,N
LN-20165,2026-04-01,203067.14,10282.13,27,1-29 Days,4,Active,Y
LN-20165,2026-05-01,193932.34,10282.13,0,Current,4,Active,N
LN-20165,2026-06-01,184745.93,10282.13,0,Current,4,Active,N
LN-20165,2026-07-01,175507.61,10282.13,0,Current,4,Active,N
LN-20166,2026-04-01,654200.0,12723.71,0,Current,1,Active,N
LN-20166,2026-05-01,644883.58,12723.71,0,Current,1,Active,N
LN-20166,2026-06-01,635518.65,12723.71,0,Current,1,Active,N
LN-20166,2026-07-01,626104.93,12723.71,0,Current,1,Active,N
LN-20167,2024-08-01,30066.99,189.42,0,Current,1,Active,N
LN-20167,2024-09-01,35137.29,221.36,0,Current,1,Active,N
LN-20167,2024-10-01,21614.65,136.17,0,Current,1,Active,N
LN-20167,2024-11-01,19441.89,122.48,0,Current,1,Active,N
LN-20167,2024-12-01,25030.36,157.69,0,Current,1,Active,N
LN-20167,2025-01-01,40451.12,254.84,0,Current,1,Active,N
LN-20167,2025-02-01,44038.31,277.44,0,Current,1,Active,N
LN-20167,2025-03-01,43035.88,271.13,0,Current,1,Active,N
LN-20167,2025-04-01,51958.04,327.34,0,Current,1,Active,N
LN-20167,2025-05-01,42799.53,269.64,0,Current,1,Active,N
LN-20167,2025-06-01,39769.83,250.55,0,Current,1,Active,N
LN-20167,2025-07-01,42650.4,268.7,0,Current,1,Active,N
LN-20167,2025-08-01,25309.76,159.45,0,Current,1,Active,N
LN-20167,2025-09-01,29013.17,182.78,0,Current,1,Active,N
LN-20167,2025-10-01,24490.45,154.29,0,Current,1,Active,N
LN-20167,2025-11-01,28548.44,179.86,0,Current,1,Active,N
LN-20167,2025-12-01,20651.57,130.1,0,Current,1,Active,N
LN-20167,2026-01-01,46348.19,291.99,0,Current,1,Active,N
LN-20167,2026-02-01,37301.09,235.0,0,Current,1,Active,N
LN-20167,2026-03-01,42795.04,269.61,0,Current,1,Active,N
LN-20167,2026-04-01,44295.6,279.06,0,Current,1,Active,N
LN-20167,2026-05-01,49166.4,309.75,0,Current,1,Active,N
LN-20167,2026-06-01,29729.36,187.29,0,Current,1,Active,N
LN-20167,2026-07-01,40536.55,255.38,0,Current,1,Active,N
LN-20168,2025-01-01,1027100.0,15366.48,0,Current,1,Active,N
LN-20168,2025-02-01,1017493.84,15366.48,0,Current,1,Active,N
LN-20168,2025-03-01,1007833.8,15366.48,0,Current,1,Active,N
LN-20168,2025-04-01,998119.59,15366.48,0,Current,1,Active,N
LN-20168,2025-05-01,988350.9,15366.48,0,Current,1,Active,N
LN-20168,2025-06-01,978527.42,15366.48,0,Current,1,Active,N
LN-20168,2025-07-01,968648.85,15366.48,0,Current,1,Active,N
LN-20168,2025-08-01,958714.88,15366.48,0,Current,1,Active,N
LN-20168,2025-09-01,948725.19,15366.48,0,Current,1,Active,N
LN-20168,2025-10-01,938679.48,15366.48,0,Current,1,Active,N
LN-20168,2025-11-01,928577.42,15366.48,0,Current,1,Active,N
LN-20168,2025-12-01,918418.72,15366.48,0,Current,1,Active,N
LN-20168,2026-01-01,908203.03,15366.48,0,Current,1,Active,N
LN-20168,2026-02-01,897930.06,15366.48,160,90+ Days,2,Active,Y
LN-20168,2026-03-01,887599.47,15366.48,0,Current,1,Active,N
LN-20168,2026-04-01,877210.94,15366.48,0,Current,1,Active,N
LN-20168,2026-05-01,866764.16,15366.48,0,Current,1,Active,N
LN-20168,2026-06-01,856258.78,15366.48,0,Current,1,Active,N
LN-20168,2026-07-01,845694.48,15366.48,0,Current,1,Active,N
LN-20169,2025-07-01,526500.0,10393.07,0,Current,1,Active,N
LN-20169,2025-08-01,519121.14,10393.07,0,Current,1,Active,N
LN-20169,2025-09-01,511700.04,10393.07,0,Current,1,Active,N
LN-20169,2025-10-01,504236.46,10393.07,0,Current,1,Active,N
LN-20169,2025-11-01,496730.14,10393.07,0,Current,1,Active,N
LN-20169,2025-12-01,489180.85,10393.07,0,Current,1,Active,N
LN-20169,2026-01-01,481588.35,10393.07,0,Current,1,Active,N
LN-20169,2026-02-01,473952.37,10393.07,0,Current,1,Active,N
LN-20169,2026-03-01,466272.68,10393.07,0,Current,1,Active,N
LN-20169,2026-04-01,458549.02,10393.07,0,Current,1,Active,N
LN-20169,2026-05-01,450781.14,10393.07,0,Current,1,Active,N
LN-20169,2026-06-01,442968.8,10393.07,0,Current,1,Active,N
LN-20169,2026-07-01,435111.73,10393.07,0,Current,1,Active,N
LN-20170,2024-08-01,200518.27,1243.21,0,Current,2,Active,N
LN-20170,2024-09-01,158616.27,983.42,0,Current,2,Active,N
LN-20170,2024-10-01,96860.62,600.54,0,Current,2,Active,N
LN-20170,2024-11-01,153180.67,949.72,0,Current,2,Active,N
LN-20170,2024-12-01,77599.02,481.11,0,Current,2,Active,N
LN-20170,2025-01-01,176145.9,1092.1,0,Current,2,Active,N
LN-20170,2025-02-01,90390.08,560.42,0,Current,2,Active,N
LN-20170,2025-03-01,195933.97,1214.79,73,60-89 Days,3,Active,Y
LN-20170,2025-04-01,293510.0,1819.76,0,Current,2,Active,N
LN-20170,2025-05-01,254194.81,1576.01,0,Current,2,Active,N
LN-20170,2025-06-01,221249.05,1371.74,0,Current,2,Active,N
LN-20170,2025-07-01,206441.16,1279.94,0,Current,2,Active,N
LN-20170,2025-08-01,142865.47,885.77,0,Current,2,Active,N
LN-20170,2025-09-01,152045.92,942.68,0,Current,2,Active,N
LN-20170,2025-10-01,134007.94,830.85,0,Current,2,Active,N
LN-20170,2025-11-01,101147.84,627.12,0,Current,2,Active,N
LN-20170,2025-12-01,144478.97,895.77,0,Current,2,Active,N
LN-20170,2026-01-01,168086.43,1042.14,0,Current,2,Active,N
LN-20170,2026-02-01,146554.44,908.64,0,Current,2,Active,N
LN-20170,2026-03-01,199232.19,1235.24,0,Current,2,Active,N
LN-20170,2026-04-01,211760.34,1312.91,0,Current,2,Active,N
LN-20170,2026-05-01,259503.06,1608.92,0,Current,2,Active,N
LN-20170,2026-06-01,201165.25,1247.22,0,Current,2,Active,N
LN-20170,2026-07-01,183210.43,1135.9,0,Current,2,Active,N
LN-20171,2024-08-01,306145.44,3705.78,0,Current,2,Active,N
LN-20171,2024-09-01,304401.55,3705.78,0,Current,2,Active,N
LN-20171,2024-10-01,302646.47,3705.78,0,Current,2,Active,N
LN-20171,2024-11-01,300880.15,3705.78,0,Current,2,Active,N
LN-20171,2024-12-01,299102.51,3705.78,0,Current,2,Active,N
LN-20171,2025-01-01,297313.48,3705.78,0,Current,2,Active,N
LN-20171,2025-02-01,295512.98,3705.78,0,Current,2,Active,N
LN-20171,2025-03-01,293700.95,3705.78,0,Current,2,Active,N
LN-20171,2025-04-01,291877.3,3705.78,0,Current,2,Active,N
LN-20171,2025-05-01,290041.96,3705.78,0,Current,2,Active,N
LN-20171,2025-06-01,288194.87,3705.78,0,Current,2,Active,N
LN-20171,2025-07-01,286335.94,3705.78,0,Current,2,Active,N
LN-20171,2025-08-01,284465.09,3705.78,0,Current,2,Active,N
LN-20171,2025-09-01,282582.26,3705.78,0,Current,2,Active,N
LN-20171,2025-10-01,280687.36,3705.78,0,Current,2,Active,N
LN-20171,2025-11-01,278780.32,3705.78,0,Current,2,Active,N
LN-20171,2025-12-01,276861.05,3705.78,0,Current,2,Active,N
LN-20171,2026-01-01,274929.49,3705.78,0,Current,2,Active,N
LN-20171,2026-02-01,272985.55,3705.78,0,Current,2,Active,N
LN-20171,2026-03-01,271029.15,3705.78,0,Current,2,Active,N
LN-20171,2026-04-01,269060.21,3705.78,0,Current,2,Active,N
LN-20171,2026-05-01,267078.66,3705.78,0,Current,2,Active,N
LN-20171,2026-06-01,265084.41,3705.78,0,Current,2,Active,N
LN-20171,2026-07-01,263077.38,3705.78,0,Current,2,Active,N
LN-20172,2024-08-01,592529.76,10315.89,0,Current,1,Active,N
LN-20172,2024-09-01,586410.96,10315.89,0,Current,1,Active,N
LN-20172,2024-10-01,580248.82,10315.89,0,Current,1,Active,N
LN-20172,2024-11-01,574043.02,10315.89,0,Current,1,Active,N
LN-20172,2024-12-01,567793.28,10315.89,0,Current,1,Active,N
LN-20172,2025-01-01,561499.26,10315.89,0,Current,1,Active,N
LN-20172,2025-02-01,555160.66,10315.89,0,Current,1,Active,N
LN-20172,2025-03-01,548777.16,10315.89,0,Current,1,Active,N
LN-20172,2025-04-01,542348.44,10315.89,0,Current,1,Active,N
LN-20172,2025-05-01,535874.19,10315.89,0,Current,1,Active,N
LN-20172,2025-06-01,529354.08,10315.89,0,Current,1,Active,N
LN-20172,2025-07-01,522787.79,10315.89,0,Current,1,Active,N
LN-20172,2025-08-01,516174.98,10315.89,0,Current,1,Active,N
LN-20172,2025-09-01,509515.33,10315.89,0,Current,1,Active,N
LN-20172,2025-10-01,502808.51,10315.89,0,Current,1,Active,N
LN-20172,2025-11-01,496054.19,10315.89,0,Current,1,Active,N
LN-20172,2025-12-01,489252.02,10315.89,0,Current,1,Active,N
LN-20172,2026-01-01,482401.67,10315.89,0,Current,1,Active,N
LN-20172,2026-02-01,475502.79,10315.89,0,Current,1,Active,N
LN-20172,2026-03-01,468555.05,10315.89,0,Current,1,Active,N
LN-20172,2026-04-01,461558.09,10315.89,0,Current,1,Active,N
LN-20172,2026-05-01,454511.58,10315.89,0,Current,1,Active,N
LN-20172,2026-06-01,447415.15,10315.89,0,Current,1,Active,N
LN-20172,2026-07-01,440268.45,10315.89,0,Current,1,Active,N
LN-20173,2025-02-01,150780.02,947.4,0,Current,1,Active,N
LN-20173,2025-03-01,173674.38,1091.25,0,Current,1,Active,N
LN-20173,2025-04-01,219256.06,1377.66,0,Current,1,Active,N
LN-20173,2025-05-01,180740.78,1135.65,0,Current,1,Active,N
LN-20173,2025-06-01,153580.7,965.0,0,Current,1,Active,N
LN-20173,2025-07-01,151190.56,949.98,0,Current,1,Active,N
LN-20173,2025-08-01,175513.42,1102.81,0,Current,1,Active,N
LN-20173,2025-09-01,185481.92,1165.44,0,Current,1,Active,N
LN-20173,2025-10-01,117123.94,735.93,0,Current,1,Active,N
LN-20173,2025-11-01,106160.51,667.04,0,Current,1,Active,N
LN-20173,2025-12-01,130506.77,820.02,0,Current,1,Active,N
LN-20173,2026-01-01,132079.82,829.9,0,Current,1,Active,N
LN-20173,2026-02-01,144461.31,907.7,0,Current,1,Active,N
LN-20173,2026-03-01,200870.74,1262.14,0,Current,1,Active,N
LN-20173,2026-04-01,179959.75,1130.75,0,Current,1,Active,N
LN-20173,2026-05-01,187724.33,1179.53,0,Current,1,Active,N
LN-20173,2026-06-01,209597.36,1316.97,0,Current,1,Active,N
LN-20173,2026-07-01,153845.88,966.66,0,Current,1,Active,N
LN-20174,2024-08-01,293215.51,2096.49,0,Current,3,Active,N
LN-20174,2024-09-01,166301.89,1189.06,0,Current,3,Active,N
LN-20174,2024-10-01,202009.26,1444.37,0,Current,3,Active,N
LN-20174,2024-11-01,163875.17,1171.71,0,Current,3,Active,N
LN-20174,2024-12-01,135288.23,967.31,0,Current,3,Active,N
LN-20174,2025-01-01,176143.91,1259.43,0,Current,3,Active,N
LN-20174,2025-02-01,216314.65,1546.65,0,Current,3,Active,N
LN-20174,2025-03-01,347957.95,2487.9,0,Current,3,Active,N
LN-20174,2025-04-01,360864.17,2580.18,0,Current,3,Active,N
LN-20174,2025-05-01,354596.55,2535.37,0,Current,3,Active,N
LN-20174,2025-06-01,291410.39,2083.58,0,Current,3,Active,N
LN-20174,2025-07-01,183955.51,1315.28,0,Current,3,Active,N
LN-20174,2025-08-01,251348.97,1797.15,0,Current,3,Active,N
LN-20174,2025-09-01,290833.95,2079.46,0,Current,3,Active,N
LN-20174,2025-10-01,247350.71,1768.56,0,Current,3,Active,N
LN-20174,2025-11-01,234824.42,1678.99,0,Current,3,Active,N
LN-20174,2025-12-01,183384.14,1311.2,0,Current,3,Active,N
LN-20174,2026-01-01,166021.48,1187.05,0,Current,3,Active,N
LN-20174,2026-02-01,252046.5,1802.13,0,Current,3,Active,N
LN-20174,2026-03-01,355149.53,2539.32,0,Current,3,Active,N
LN-20174,2026-04-01,379285.93,2711.89,0,Current,3,Active,N
LN-20174,2026-05-01,310735.34,2221.76,0,Current,3,Active,N
LN-20174,2026-06-01,355810.53,2544.05,0,Current,3,Active,N
LN-20174,2026-07-01,219189.1,1567.2,0,Current,3,Active,N
LN-20175,2025-08-01,1329700.0,16076.78,0,Current,2,Active,N
LN-20175,2025-09-01,1322399.24,16076.78,0,Current,2,Active,N
LN-20175,2025-10-01,1315050.3,16076.78,0,Current,2,Active,N
LN-20175,2025-11-01,1307652.86,16076.78,22,1-29 Days,2,Active,Y
LN-20175,2025-12-01,1300206.59,16076.78,48,30-59 Days,2,Active,Y
LN-20175,2026-01-01,1292711.18,16076.78,47,30-59 Days,2,Active,N
LN-20175,2026-02-01,1285166.3,16076.78,0,Current,2,Active,N
LN-20175,2026-03-01,1277571.62,16076.78,22,1-29 Days,2,Active,Y
LN-20175,2026-04-01,1269926.82,16076.78,1,1-29 Days,2,Active,N
LN-20175,2026-05-01,1262231.56,16076.78,0,Current,2,Active,N
LN-20175,2026-06-01,1254485.51,16076.78,0,Current,2,Active,N
LN-20175,2026-07-01,1246688.34,16076.78,0,Current,2,Active,N
LN-20176,2025-02-01,642400.0,7923.67,0,Current,3,Active,N
LN-20176,2025-03-01,638962.42,7923.67,0,Current,3,Active,N
LN-20176,2025-04-01,635500.84,7923.67,0,Current,3,Active,N
LN-20176,2025-05-01,632015.08,7923.67,0,Current,3,Active,N
LN-20176,2025-06-01,628504.98,7923.67,0,Current,3,Active,N
LN-20176,2025-07-01,624970.37,7923.67,0,Current,3,Active,N
LN-20176,2025-08-01,621411.08,7923.67,0,Current,3,Active,N
LN-20176,2025-09-01,617826.93,7923.67,0,Current,3,Active,N
LN-20176,2025-10-01,614217.75,7923.67,0,Current,3,Active,N
LN-20176,2025-11-01,610583.36,7923.67,0,Current,3,Active,N
LN-20176,2025-12-01,606923.6,7923.67,0,Current,3,Active,N
LN-20176,2026-01-01,603238.28,7923.67,0,Current,3,Active,N
LN-20176,2026-02-01,599527.22,7923.67,0,Current,3,Active,N
LN-20176,2026-03-01,595790.25,7923.67,0,Current,3,Active,N
LN-20176,2026-04-01,592027.18,7923.67,0,Current,3,Active,N
LN-20176,2026-05-01,588237.83,7923.67,0,Current,3,Active,N
LN-20176,2026-06-01,584422.02,7923.67,0,Current,3,Active,N
LN-20176,2026-07-01,580579.56,7923.67,0,Current,3,Active,N
LN-20177,2024-08-01,133465.1,927.58,0,Current,3,Active,N
LN-20177,2024-09-01,233174.62,1620.56,0,Current,3,Active,N
LN-20177,2024-10-01,198310.23,1378.26,0,Current,3,Active,N
LN-20177,2024-11-01,137831.33,957.93,0,Current,3,Active,N
LN-20177,2024-12-01,162765.06,1131.22,0,Current,3,Active,N
LN-20177,2025-01-01,268563.82,1866.52,0,Current,3,Active,N
LN-20177,2025-02-01,181431.22,1260.95,0,Current,3,Active,N
LN-20177,2025-03-01,229435.38,1594.58,0,Current,3,Active,N
LN-20177,2025-04-01,223089.63,1550.47,0,Current,3,Active,N
LN-20177,2025-05-01,283645.96,1971.34,0,Current,3,Active,N
LN-20177,2025-06-01,338858.0,2355.06,0,Current,3,Active,N
LN-20177,2025-07-01,266286.45,1850.69,0,Current,3,Active,N
LN-20177,2025-08-01,142365.76,989.44,0,Current,3,Active,N
LN-20177,2025-09-01,161287.01,1120.94,0,Current,3,Active,N
LN-20177,2025-10-01,115836.78,805.07,0,Current,3,Active,N
LN-20177,2025-11-01,133149.91,925.39,0,Current,3,Active,N
LN-20177,2025-12-01,173386.58,1205.04,0,Current,3,Active,N
LN-20177,2026-01-01,169707.6,1179.47,0,Current,3,Active,N
LN-20177,2026-02-01,260409.25,1809.84,0,Current,3,Active,N
LN-20177,2026-03-01,249962.41,1737.24,0,Current,3,Active,N
LN-20177,2026-04-01,305260.73,2121.56,0,Current,3,Active,N
LN-20177,2026-05-01,307035.14,2133.89,0,Current,3,Active,N
LN-20177,2026-06-01,292751.1,2034.62,0,Current,3,Active,N
LN-20177,2026-07-01,154744.88,1075.48,0,Current,3,Active,N
LN-20178,2024-08-01,433137.94,5964.73,0,Current,2,Active,N
LN-20178,2024-09-01,430154.64,5964.73,0,Current,2,Active,N
LN-20178,2024-10-01,427150.81,5964.73,0,Current,2,Active,N
LN-20178,2024-11-01,424126.3,5964.73,0,Current,2,Active,N
LN-20178,2024-12-01,421080.98,5964.73,0,Current,2,Active,N
LN-20178,2025-01-01,418014.69,5964.73,0,Current,2,Active,N
LN-20178,2025-02-01,414927.29,5964.73,0,Current,2,Active,N
LN-20178,2025-03-01,411818.65,5964.73,0,Current,2,Active,N
LN-20178,2025-04-01,408688.6,5964.73,0,Current,2,Active,N
LN-20178,2025-05-01,405537.02,5964.73,0,Current,2,Active,N
LN-20178,2025-06-01,402363.73,5964.73,0,Current,2,Active,N
LN-20178,2025-07-01,399168.61,5964.73,0,Current,2,Active,N
LN-20178,2025-08-01,395951.49,5964.73,0,Current,2,Active,N
LN-20178,2025-09-01,392712.23,5964.73,0,Current,2,Active,N
LN-20178,2025-10-01,389450.67,5964.73,0,Current,2,Active,N
LN-20178,2025-11-01,386166.66,5964.73,0,Current,2,Active,N
LN-20178,2025-12-01,382860.04,5964.73,0,Current,2,Active,N
LN-20178,2026-01-01,379530.67,5964.73,0,Current,2,Active,N
LN-20178,2026-02-01,376178.38,5964.73,0,Current,2,Active,N
LN-20178,2026-03-01,372803.01,5964.73,0,Current,2,Active,N
LN-20178,2026-04-01,369404.41,5964.73,0,Current,2,Active,N
LN-20178,2026-05-01,365982.41,5964.73,0,Current,2,Active,N
LN-20178,2026-06-01,362536.86,5964.73,0,Current,2,Active,N
LN-20178,2026-07-01,359067.6,5964.73,0,Current,2,Active,N
LN-20179,2025-07-01,239726.76,1512.28,0,Current,1,Active,N
LN-20179,2025-08-01,229115.69,1445.34,0,Current,1,Active,N
LN-20179,2025-09-01,210955.52,1330.78,0,Current,1,Active,N
LN-20179,2025-10-01,124087.53,782.79,0,Current,1,Active,N
LN-20179,2025-11-01,171510.47,1081.95,0,Current,1,Active,N
LN-20179,2025-12-01,143660.81,906.26,0,Current,1,Active,N
LN-20179,2026-01-01,157394.44,992.9,0,Current,1,Active,N
LN-20179,2026-02-01,254357.99,1604.57,0,Current,1,Active,N
LN-20179,2026-03-01,276519.09,1744.37,0,Current,1,Active,N
LN-20179,2026-04-01,265413.49,1674.32,0,Current,1,Active,N
LN-20179,2026-05-01,307772.56,1941.53,0,Current,1,Active,N
LN-20179,2026-06-01,274064.04,1728.89,0,Current,1,Active,N
LN-20179,2026-07-01,197331.41,1244.83,0,Current,1,Active,N
LN-20180,2026-03-01,315200.0,3697.21,3,1-29 Days,4,Active,N
LN-20180,2026-04-01,313401.87,3697.21,24,1-29 Days,4,Active,N
LN-20180,2026-05-01,311592.9,3697.21,20,1-29 Days,4,Active,N
LN-20180,2026-06-01,309773.04,3697.21,10,1-29 Days,4,Active,N
LN-20180,2026-07-01,307942.21,3697.21,17,1-29 Days,4,Active,N
LN-20181,2025-03-01,77806.02,565.39,0,Current,4,Active,N
LN-20181,2025-04-01,116828.45,848.95,0,Current,4,Active,N
LN-20181,2025-05-01,102849.11,747.37,0,Current,4,Active,N
LN-20181,2025-06-01,113804.6,826.98,0,Current,4,Active,N
LN-20181,2025-07-01,67770.62,492.47,0,Current,4,Active,N
LN-20181,2025-08-01,94082.97,683.67,0,Current,4,Active,N
LN-20181,2025-09-01,81615.55,593.07,0,Current,4,Active,N
LN-20181,2025-10-01,62321.28,452.87,0,Current,4,Active,N
LN-20181,2025-11-01,64380.42,467.83,0,Current,4,Active,N
LN-20181,2025-12-01,53441.87,388.34,0,Current,4,Active,N
LN-20181,2026-01-01,65351.42,474.89,0,Current,4,Active,N
LN-20181,2026-02-01,96175.93,698.88,0,Current,4,Active,N
LN-20181,2026-03-01,89542.86,650.68,0,Current,4,Active,N
LN-20181,2026-04-01,107920.17,784.22,24,1-29 Days,4,Active,Y
LN-20181,2026-05-01,108320.88,787.13,20,1-29 Days,4,Active,N
LN-20181,2026-06-01,86793.99,630.7,3,1-29 Days,4,Active,N
LN-20181,2026-07-01,79200.68,575.52,0,Current,4,Active,N
LN-20182,2024-08-01,179292.27,1252.06,0,Current,3,Active,N
LN-20182,2024-09-01,201744.49,1408.85,0,Current,3,Active,N
LN-20182,2024-10-01,162907.75,1137.64,0,Current,3,Active,N
LN-20182,2024-11-01,226303.73,1580.35,0,Current,3,Active,N
LN-20182,2024-12-01,104796.76,731.83,0,Current,3,Active,N
LN-20182,2025-01-01,181776.85,1269.41,0,Current,3,Active,N
LN-20182,2025-02-01,137522.48,960.37,0,Current,3,Active,N
LN-20182,2025-03-01,219238.66,1531.02,0,Current,3,Active,N
LN-20182,2025-04-01,309871.69,2163.94,0,Current,3,Active,N
LN-20182,2025-05-01,203172.16,1418.82,0,Current,3,Active,N
LN-20182,2025-06-01,269525.34,1882.19,0,Current,3,Active,N
LN-20182,2025-07-01,218759.13,1527.67,0,Current,3,Active,N
LN-20182,2025-08-01,208533.32,1456.26,0,Current,3,Active,N
LN-20182,2025-09-01,177974.4,1242.85,0,Current,3,Active,N
LN-20182,2025-10-01,162842.64,1137.18,0,Current,3,Active,N
LN-20182,2025-11-01,121544.26,848.78,0,Current,3,Active,N
LN-20182,2025-12-01,117565.62,821.0,0,Current,3,Active,N
LN-20182,2026-01-01,154188.61,1076.75,0,Current,3,Active,N
LN-20182,2026-02-01,223860.94,1563.3,0,Current,3,Active,N
LN-20182,2026-03-01,267139.86,1865.53,0,Current,3,Active,N
LN-20182,2026-04-01,259052.01,1809.05,0,Current,3,Active,N
LN-20182,2026-05-01,287025.77,2004.4,0,Current,3,Active,N
LN-20182,2026-06-01,271113.54,1893.28,0,Current,3,Active,N
LN-20182,2026-07-01,190884.51,1333.01,0,Current,3,Active,N
LN-20183,2026-04-01,606400.0,8998.83,0,Current,3,Active,N
LN-20183,2026-05-01,600675.73,8998.83,0,Current,3,Active,N
LN-20183,2026-06-01,594920.55,8998.83,0,Current,3,Active,N
LN-20183,2026-07-01,589134.3,8998.83,0,Current,3,Active,N
LN-20184,2024-08-01,204757.29,6771.27,44,30-59 Days,3,Active,N
LN-20184,2024-09-01,199388.61,6771.27,51,30-59 Days,3,Active,N
LN-20184,2024-10-01,193983.14,6771.27,0,Current,3,Active,N
LN-20184,2024-11-01,188540.65,6771.27,0,Current,3,Active,N
LN-20184,2024-12-01,183060.88,6771.27,0,Current,3,Active,N
LN-20184,2025-01-01,177543.57,6771.27,0,Current,3,Active,N
LN-20184,2025-02-01,171988.47,6771.27,0,Current,3,Active,N
LN-20184,2025-03-01,166395.32,6771.27,0,Current,3,Active,N
LN-20184,2025-04-01,160763.85,6771.27,0,Current,3,Active,N
LN-20184,2025-05-01,155093.81,6771.27,54,30-59 Days,3,Active,Y
LN-20184,2025-06-01,149384.93,6771.27,37,30-59 Days,3,Active,N
LN-20184,2025-07-01,143636.94,6771.27,51,30-59 Days,3,Active,N
LN-20184,2025-08-01,137849.58,6771.27,37,30-59 Days,3,Active,N
LN-20184,2025-09-01,132022.57,6771.27,0,Current,3,Active,N
LN-20184,2025-10-01,126155.65,6771.27,0,Current,3,Active,N
LN-20184,2025-11-01,120248.55,6771.27,0,Current,3,Active,N
LN-20184,2025-12-01,114300.97,6771.27,0,Current,3,Active,N
LN-20184,2026-01-01,108312.66,6771.27,0,Current,3,Active,N
LN-20184,2026-02-01,102283.33,6771.27,0,Current,3,Active,N
LN-20184,2026-03-01,96212.69,6771.27,0,Current,3,Active,N
LN-20184,2026-04-01,90100.48,6771.27,0,Current,3,Active,N
LN-20184,2026-05-01,83946.39,6771.27,0,Current,3,Active,N
LN-20184,2026-06-01,77750.15,6771.27,0,Current,3,Active,N
LN-20184,2026-07-01,71511.46,6771.27,0,Current,3,Active,N
LN-20185,2024-08-01,736863.17,11782.06,0,Current,3,Active,N
LN-20185,2024-09-01,729373.34,11782.06,0,Current,3,Active,N
LN-20185,2024-10-01,721839.89,11782.06,0,Current,3,Active,N
LN-20185,2024-11-01,714262.55,11782.06,0,Current,3,Active,N
LN-20185,2024-12-01,706641.07,11782.06,0,Current,3,Active,N
LN-20185,2025-01-01,698975.2,11782.06,0,Current,3,Active,N
LN-20185,2025-02-01,691264.67,11782.06,0,Current,3,Active,N
LN-20185,2025-03-01,683509.23,11782.06,0,Current,3,Active,N
LN-20185,2025-04-01,675708.62,11782.06,0,Current,3,Active,N
LN-20185,2025-05-01,667862.56,11782.06,0,Current,3,Active,N
LN-20185,2025-06-01,659970.8,11782.06,0,Current,3,Active,N
LN-20185,2025-07-01,652033.08,11782.06,0,Current,3,Active,N
LN-20185,2025-08-01,644049.11,11782.06,0,Current,3,Active,N
LN-20185,2025-09-01,636018.64,11782.06,0,Current,3,Active,N
LN-20185,2025-10-01,627941.39,11782.06,0,Current,3,Active,N
LN-20185,2025-11-01,619817.1,11782.06,0,Current,3,Active,N
LN-20185,2025-12-01,611645.47,11782.06,0,Current,3,Active,N
LN-20185,2026-01-01,603426.25,11782.06,0,Current,3,Active,N
LN-20185,2026-02-01,595159.15,11782.06,0,Current,3,Active,N
LN-20185,2026-03-01,586843.9,11782.06,0,Current,3,Active,N
LN-20185,2026-04-01,578480.21,11782.06,0,Current,3,Active,N
LN-20185,2026-05-01,570067.8,11782.06,0,Current,3,Active,N
LN-20185,2026-06-01,561606.39,11782.06,0,Current,3,Active,N
LN-20185,2026-07-01,553095.69,11782.06,0,Current,3,Active,N
LN-20186,2024-08-01,111642.61,2219.62,0,Current,1,Active,N
LN-20186,2024-09-01,110143.08,2219.62,0,Current,1,Active,N
LN-20186,2024-10-01,108633.88,2219.62,0,Current,1,Active,N
LN-20186,2024-11-01,107114.94,2219.62,0,Current,1,Active,N
LN-20186,2024-12-01,105586.21,2219.62,0,Current,1,Active,N
LN-20186,2025-01-01,104047.62,2219.62,0,Current,1,Active,N
LN-20186,2025-02-01,102499.1,2219.62,0,Current,1,Active,N
LN-20186,2025-03-01,100940.59,2219.62,0,Current,1,Active,N
LN-20186,2025-04-01,99372.04,2219.62,0,Current,1,Active,N
LN-20186,2025-05-01,97793.36,2219.62,0,Current,1,Active,N
LN-20186,2025-06-01,96204.51,2219.62,0,Current,1,Active,N
LN-20186,2025-07-01,94605.4,2219.62,0,Current,1,Active,N
LN-20186,2025-08-01,92995.98,2219.62,0,Current,1,Active,N
LN-20186,2025-09-01,91376.18,2219.62,0,Current,1,Active,N
LN-20186,2025-10-01,89745.93,2219.62,0,Current,1,Active,N
LN-20186,2025-11-01,88105.17,2219.62,0,Current,1,Active,N
LN-20186,2025-12-01,86453.82,2219.62,0,Current,1,Active,N
LN-20186,2026-01-01,84791.83,2219.62,0,Current,1,Active,N
LN-20186,2026-02-01,83119.11,2219.62,0,Current,1,Active,N
LN-20186,2026-03-01,81435.6,2219.62,0,Current,1,Active,N
LN-20186,2026-04-01,79741.24,2219.62,0,Current,1,Active,N
LN-20186,2026-05-01,78035.94,2219.62,0,Current,1,Active,N
LN-20186,2026-06-01,76319.65,2219.62,0,Current,1,Active,N
LN-20186,2026-07-01,74592.29,2219.62,0,Current,1,Active,N
LN-20187,2024-08-01,70334.74,505.24,0,Current,2,Active,N
LN-20187,2024-09-01,82298.29,591.18,0,Current,2,Active,N
LN-20187,2024-10-01,68984.34,495.54,0,Current,2,Active,N
LN-20187,2024-11-01,46419.41,333.45,0,Current,2,Active,N
LN-20187,2024-12-01,64972.64,466.72,0,Current,2,Active,N
LN-20187,2025-01-01,73621.84,528.85,0,Current,2,Active,N
LN-20187,2025-02-01,63637.63,457.13,0,Current,2,Active,N
LN-20187,2025-03-01,95035.09,682.67,0,Current,2,Active,N
LN-20187,2025-04-01,107773.32,774.17,0,Current,2,Active,N
LN-20187,2025-05-01,106426.44,764.5,0,Current,2,Active,N
LN-20187,2025-06-01,75135.31,539.72,0,Current,2,Active,N
LN-20187,2025-07-01,60907.0,437.52,0,Current,2,Active,N
LN-20187,2025-08-01,55839.06,401.11,0,Current,2,Active,N
LN-20187,2025-09-01,73543.56,528.29,0,Current,2,Active,N
LN-20187,2025-10-01,67120.66,482.15,0,Current,2,Active,N
LN-20187,2025-11-01,45937.3,329.98,0,Current,2,Active,N
LN-20187,2025-12-01,47529.93,341.42,0,Current,2,Active,N
LN-20187,2026-01-01,68207.57,489.96,0,Current,2,Active,N
LN-20187,2026-02-01,89265.89,641.23,0,Current,2,Active,N
LN-20187,2026-03-01,113526.16,815.5,0,Current,2,Active,N
LN-20187,2026-04-01,111263.92,799.25,0,Current,2,Active,N
LN-20187,2026-05-01,111054.5,797.74,0,Current,2,Active,N
LN-20187,2026-06-01,114058.78,819.32,0,Current,2,Active,N
LN-20187,2026-07-01,86753.21,623.18,0,Current,2,Active,N
LN-20188,2024-08-01,1003307.8,20717.34,0,Current,2,Active,N
LN-20188,2024-09-01,988401.29,20717.34,0,Current,2,Active,N
LN-20188,2024-10-01,973408.44,20717.34,0,Current,2,Active,N
LN-20188,2024-11-01,958328.76,20717.34,0,Current,2,Active,N
LN-20188,2024-12-01,943161.75,20717.34,0,Current,2,Active,N
LN-20188,2025-01-01,927906.89,20717.34,0,Current,2,Active,N
LN-20188,2025-02-01,912563.68,20717.34,0,Current,2,Active,N
LN-20188,2025-03-01,897131.61,20717.34,181,90+ Days,3,Active,Y
LN-20188,2025-04-01,881610.16,20717.34,0,Current,2,Active,N
LN-20188,2025-05-01,865998.81,20717.34,0,Current,2,Active,N
LN-20188,2025-06-01,850297.05,20717.34,0,Current,2,Active,N
LN-20188,2025-07-01,834504.36,20717.34,0,Current,2,Active,N
LN-20188,2025-08-01,818620.19,20717.34,0,Current,2,Active,N
LN-20188,2025-09-01,802644.03,20717.34,0,Current,2,Active,N
LN-20188,2025-10-01,786575.34,20717.34,0,Current,2,Active,N
LN-20188,2025-11-01,770413.58,20717.34,0,Current,2,Active,N
LN-20188,2025-12-01,754158.23,20717.34,0,Current,2,Active,N
LN-20188,2026-01-01,737808.72,20717.34,0,Current,2,Active,N
LN-20188,2026-02-01,721364.53,20717.34,0,Current,2,Active,N
LN-20188,2026-03-01,704825.1,20717.34,0,Current,2,Active,N
LN-20188,2026-04-01,688189.87,20717.34,0,Current,2,Active,N
LN-20188,2026-05-01,671458.3,20717.34,0,Current,2,Active,N
LN-20188,2026-06-01,654629.83,20717.34,0,Current,2,Active,N
LN-20188,2026-07-01,637703.89,20717.34,0,Current,2,Active,N
LN-20189,2024-08-01,60152.49,443.12,0,Current,3,Active,N
LN-20189,2024-09-01,101081.73,744.64,0,Current,3,Active,N
LN-20189,2024-10-01,61331.95,451.81,0,Current,3,Active,N
LN-20189,2024-11-01,54644.58,402.55,0,Current,3,Active,N
LN-20189,2024-12-01,60898.47,448.62,0,Current,3,Active,N
LN-20189,2025-01-01,72177.48,531.71,0,Current,3,Active,N
LN-20189,2025-02-01,49223.72,362.61,4,1-29 Days,3,Active,Y
LN-20189,2025-03-01,107011.66,788.32,23,1-29 Days,3,Active,N
LN-20189,2025-04-01,106768.75,786.53,23,1-29 Days,3,Active,N
LN-20189,2025-05-01,93687.7,690.17,15,1-29 Days,3,Active,N
LN-20189,2025-06-01,120600.56,888.42,0,Current,3,Active,N
LN-20189,2025-07-01,55025.89,405.36,0,Current,3,Active,N
LN-20189,2025-08-01,43637.89,321.47,0,Current,3,Active,N
LN-20189,2025-09-01,71279.96,525.1,0,Current,3,Active,N
LN-20189,2025-10-01,56735.71,417.95,0,Current,3,Active,N
LN-20189,2025-11-01,74348.41,547.7,16,1-29 Days,3,Active,Y
LN-20189,2025-12-01,65380.51,481.64,0,Current,3,Active,N
LN-20189,2026-01-01,73751.87,543.31,0,Current,3,Active,N
LN-20189,2026-02-01,54271.15,399.8,0,Current,3,Active,N
LN-20189,2026-03-01,105151.68,774.62,0,Current,3,Active,N
LN-20189,2026-04-01,81440.01,599.94,0,Current,3,Active,N
LN-20189,2026-05-01,114946.28,846.77,0,Current,3,Active,N
LN-20189,2026-06-01,86980.91,640.76,0,Current,3,Active,N
LN-20189,2026-07-01,60792.62,447.84,0,Current,3,Active,N
LN-20190,2025-08-01,577800.0,8638.87,23,1-29 Days,2,Active,N
LN-20190,2025-09-01,572392.0,8638.87,20,1-29 Days,2,Active,N
LN-20190,2025-10-01,566953.75,8638.87,19,1-29 Days,2,Active,N
LN-20190,2025-11-01,561485.1,8638.87,0,Current,2,Active,N
LN-20190,2025-12-01,555985.87,8638.87,0,Current,2,Active,N
LN-20190,2026-01-01,550455.89,8638.87,0,Current,2,Active,N
LN-20190,2026-02-01,544894.99,8638.87,0,Current,2,Active,N
LN-20190,2026-03-01,539302.99,8638.87,0,Current,2,Active,N
LN-20190,2026-04-01,533679.73,8638.87,0,Current,2,Active,N
LN-20190,2026-05-01,528025.02,8638.87,0,Current,2,Active,N
LN-20190,2026-06-01,522338.69,8638.87,3,1-29 Days,2,Active,Y
LN-20190,2026-07-01,516620.57,8638.87,17,1-29 Days,2,Active,N
LN-20191,2024-08-01,120563.76,826.87,0,Current,1,Active,N
LN-20191,2024-09-01,102926.15,705.9,0,Current,1,Active,N
LN-20191,2024-10-01,52427.91,359.57,0,Current,1,Active,N
LN-20191,2024-11-01,86544.87,593.55,0,Current,1,Active,N
LN-20191,2024-12-01,88037.59,603.79,0,Current,1,Active,N
LN-20191,2025-01-01,109332.95,749.84,0,Current,1,Active,N
LN-20191,2025-02-01,122861.74,842.63,0,Current,1,Active,N
LN-20191,2025-03-01,174305.16,1195.44,0,Current,1,Active,N
LN-20191,2025-04-01,189488.06,1299.57,0,Current,1,Active,N
LN-20191,2025-05-01,174175.49,1194.55,0,Current,1,Active,N
LN-20191,2025-06-01,134274.24,920.9,0,Current,1,Active,N
LN-20191,2025-07-01,140952.03,966.7,0,Current,1,Active,N
LN-20191,2025-08-01,89994.6,617.21,0,Current,1,Active,N
LN-20191,2025-09-01,110196.12,755.76,0,Current,1,Active,N
LN-20191,2025-10-01,53177.32,364.71,0,Current,1,Active,N
LN-20191,2025-11-01,50929.59,349.29,0,Current,1,Active,N
LN-20191,2025-12-01,102487.96,702.9,0,Current,1,Active,N
LN-20191,2026-01-01,137857.62,945.47,0,Current,1,Active,N
LN-20191,2026-02-01,96768.51,663.67,0,Current,1,Active,N
LN-20191,2026-03-01,177168.68,1215.08,0,Current,1,Active,N
LN-20191,2026-04-01,204722.0,1404.05,0,Current,1,Active,N
LN-20191,2026-05-01,155487.19,1066.38,0,Current,1,Active,N
LN-20191,2026-06-01,141720.69,971.97,0,Current,1,Active,N
LN-20191,2026-07-01,120704.93,827.83,0,Current,1,Active,N
LN-20192,2024-12-01,1183600.0,23886.01,0,Current,4,Active,N
LN-20192,2025-01-01,1167407.39,23886.01,0,Current,4,Active,N
LN-20192,2025-02-01,1151109.53,23886.01,2,1-29 Days,4,Active,Y
LN-20192,2025-03-01,1134705.73,23886.01,9,1-29 Days,4,Active,N
LN-20192,2025-04-01,1118195.31,23886.01,4,1-29 Days,4,Active,N
LN-20192,2025-05-01,1101577.57,23886.01,12,1-29 Days,4,Active,N
LN-20192,2025-06-01,1084851.81,23886.01,0,Current,4,Active,N
LN-20192,2025-07-01,1068017.34,23886.01,0,Current,4,Active,N
LN-20192,2025-08-01,1051073.44,23886.01,0,Current,4,Active,N
LN-20192,2025-09-01,1034019.41,23886.01,0,Current,4,Active,N
LN-20192,2025-10-01,1016854.52,23886.01,0,Current,4,Active,N
LN-20192,2025-11-01,999578.07,23886.01,0,Current,4,Active,N
LN-20192,2025-12-01,982189.32,23886.01,25,1-29 Days,4,Active,Y
LN-20192,2026-01-01,964687.54,23886.01,28,1-29 Days,4,Active,N
LN-20192,2026-02-01,947071.99,23886.01,24,1-29 Days,4,Active,N
LN-20192,2026-03-01,929341.95,23886.01,29,1-29 Days,4,Active,N
LN-20192,2026-04-01,911496.67,23886.01,18,1-29 Days,4,Active,N
LN-20192,2026-05-01,893535.38,23886.01,23,1-29 Days,4,Active,N
LN-20192,2026-06-01,875457.35,23886.01,7,1-29 Days,4,Active,N
LN-20192,2026-07-01,857261.82,23886.01,5,1-29 Days,4,Active,N
LN-20193,2024-08-01,64765.24,435.01,0,Current,4,Active,N
LN-20193,2024-09-01,76444.17,513.45,0,Current,4,Active,N
LN-20193,2024-10-01,74318.08,499.17,0,Current,4,Active,N
LN-20193,2024-11-01,77894.48,523.19,0,Current,4,Active,N
LN-20193,2024-12-01,87781.79,589.6,0,Current,4,Active,N
LN-20193,2025-01-01,90533.9,608.09,0,Current,4,Active,N
LN-20193,2025-02-01,112488.72,755.55,0,Current,4,Active,N
LN-20193,2025-03-01,137806.84,925.6,0,Current,4,Active,N
LN-20193,2025-04-01,102237.83,686.7,0,Current,4,Active,N
LN-20193,2025-05-01,112761.89,757.38,25,1-29 Days,4,Active,Y
LN-20193,2025-06-01,121447.34,815.72,5,1-29 Days,4,Active,N
LN-20193,2025-07-01,98914.34,664.37,0,Current,4,Active,N
LN-20193,2025-08-01,119459.71,802.37,62,60-89 Days,4,Active,Y
LN-20193,2025-09-01,104936.08,704.82,0,Current,4,Active,N
LN-20193,2025-10-01,73899.49,496.36,0,Current,4,Active,N
LN-20193,2025-11-01,68197.09,458.06,0,Current,4,Active,N
LN-20193,2025-12-01,65613.86,440.71,0,Current,4,Active,N
LN-20193,2026-01-01,75342.02,506.05,0,Current,4,Active,N
LN-20193,2026-02-01,83960.87,563.94,0,Current,4,Active,N
LN-20193,2026-03-01,97131.78,652.4,20,1-29 Days,4,Active,Y
LN-20193,2026-04-01,111508.51,748.97,0,Current,4,Active,N
LN-20193,2026-05-01,123945.78,832.5,0,Current,4,Active,N
LN-20193,2026-06-01,134883.77,905.97,0,Current,4,Active,N
LN-20193,2026-07-01,104570.44,702.36,0,Current,4,Active,N
LN-20194,2024-08-01,318038.61,16203.17,0,Current,2,Active,N
LN-20194,2024-09-01,303815.23,16203.17,0,Current,2,Active,N
LN-20194,2024-10-01,289503.3,16203.17,0,Current,2,Active,N
LN-20194,2024-11-01,275102.29,16203.17,0,Current,2,Active,N
LN-20194,2024-12-01,260611.63,16203.17,0,Current,2,Active,N
LN-20194,2025-01-01,246030.76,16203.17,0,Current,2,Active,N
LN-20194,2025-02-01,231359.12,16203.17,0,Current,2,Active,N
LN-20194,2025-03-01,216596.16,16203.17,0,Current,2,Active,N
LN-20194,2025-04-01,201741.3,16203.17,0,Current,2,Active,N
LN-20194,2025-05-01,186793.96,16203.17,0,Current,2,Active,N
LN-20194,2025-06-01,171753.58,16203.17,0,Current,2,Active,N
LN-20194,2025-07-01,156619.57,16203.17,0,Current,2,Active,N
LN-20194,2025-08-01,141391.35,16203.17,0,Current,2,Active,N
LN-20194,2025-09-01,126068.34,16203.17,0,Current,2,Active,N
LN-20194,2025-10-01,110649.94,16203.17,0,Current,2,Active,N
LN-20194,2025-11-01,95135.56,16203.17,0,Current,2,Active,N
LN-20194,2025-12-01,79524.61,16203.17,0,Current,2,Active,N
LN-20194,2026-01-01,63816.47,16203.17,0,Current,2,Active,N
LN-20194,2026-02-01,48010.56,16203.17,0,Current,2,Active,N
LN-20194,2026-03-01,32106.25,16203.17,0,Current,2,Active,N
LN-20194,2026-04-01,16102.93,16203.17,0,Current,2,Active,N
LN-20195,2024-08-01,501840.3,8000.0,0,Current,1,Active,N
LN-20195,2024-09-01,496859.71,8000.0,0,Current,1,Active,N
LN-20195,2024-10-01,491849.15,8000.0,0,Current,1,Active,N
LN-20195,2024-11-01,486808.44,8000.0,0,Current,1,Active,N
LN-20195,2024-12-01,481737.41,8000.0,0,Current,1,Active,N
LN-20195,2025-01-01,476635.86,8000.0,0,Current,1,Active,N
LN-20195,2025-02-01,471503.62,8000.0,0,Current,1,Active,N
LN-20195,2025-03-01,466340.51,8000.0,0,Current,1,Active,N
LN-20195,2025-04-01,461146.32,8000.0,0,Current,1,Active,N
LN-20195,2025-05-01,455920.89,8000.0,0,Current,1,Active,N
LN-20195,2025-06-01,450664.01,8000.0,0,Current,1,Active,N
LN-20195,2025-07-01,445375.51,8000.0,0,Current,1,Active,N
LN-20195,2025-08-01,440055.19,8000.0,0,Current,1,Active,N
LN-20195,2025-09-01,434702.86,8000.0,0,Current,1,Active,N
LN-20195,2025-10-01,429318.32,8000.0,0,Current,1,Active,N
LN-20195,2025-11-01,423901.39,8000.0,0,Current,1,Active,N
LN-20195,2025-12-01,418451.86,8000.0,0,Current,1,Active,N
LN-20195,2026-01-01,412969.55,8000.0,0,Current,1,Active,N
LN-20195,2026-02-01,407454.25,8000.0,0,Current,1,Active,N
LN-20195,2026-03-01,401905.77,8000.0,0,Current,1,Active,N
LN-20195,2026-04-01,396323.9,8000.0,0,Current,1,Active,N
LN-20195,2026-05-01,390708.45,8000.0,0,Current,1,Active,N
LN-20195,2026-06-01,385059.22,8000.0,0,Current,1,Active,N
LN-20195,2026-07-01,379375.99,8000.0,0,Current,1,Active,N
LN-20196,2024-08-01,130981.72,769.52,0,Current,1,Active,N
LN-20196,2024-09-01,216185.42,1270.09,0,Current,1,Active,N
LN-20196,2024-10-01,138447.55,813.38,0,Current,1,Active,N
LN-20196,2024-11-01,98994.91,581.6,0,Current,1,Active,N
LN-20196,2024-12-01,130978.53,769.5,0,Current,1,Active,N
LN-20196,2025-01-01,219132.78,1287.41,0,Current,1,Active,N
LN-20196,2025-02-01,176359.82,1036.11,0,Current,1,Active,N
LN-20196,2025-03-01,262902.38,1544.55,0,Current,1,Active,N
LN-20196,2025-04-01,303975.54,1785.86,0,Current,1,Active,N
LN-20196,2025-05-01,229135.38,1346.17,0,Current,1,Active,N
LN-20196,2025-06-01,253130.69,1487.14,0,Current,1,Active,N
LN-20196,2025-07-01,180300.57,1059.27,0,Current,1,Active,N
LN-20196,2025-08-01,193073.11,1134.3,0,Current,1,Active,N
LN-20196,2025-09-01,188177.5,1105.54,0,Current,1,Active,N
LN-20196,2025-10-01,131390.15,771.92,0,Current,1,Active,N
LN-20196,2025-11-01,125470.88,737.14,0,Current,1,Active,N
LN-20196,2025-12-01,144359.14,848.11,0,Current,1,Active,N
LN-20196,2026-01-01,142537.3,837.41,0,Current,1,Active,N
LN-20196,2026-02-01,217192.02,1276.0,0,Current,1,Active,N
LN-20196,2026-03-01,284735.34,1672.82,0,Current,1,Active,N
LN-20196,2026-04-01,226451.67,1330.4,0,Current,1,Active,N
LN-20196,2026-05-01,203526.73,1195.72,0,Current,1,Active,N
LN-20196,2026-06-01,269506.48,1583.35,0,Current,1,Active,N
LN-20196,2026-07-01,166812.43,980.02,0,Current,1,Active,N
LN-20197,2024-08-01,274073.66,1690.12,0,Current,2,Active,N
LN-20197,2024-09-01,124971.93,770.66,0,Current,2,Active,N
LN-20197,2024-10-01,84296.08,519.83,0,Current,2,Active,N
LN-20197,2024-11-01,117758.72,726.18,0,Current,2,Active,N
LN-20197,2024-12-01,135645.07,836.48,0,Current,2,Active,N
LN-20197,2025-01-01,176163.2,1086.34,0,Current,2,Active,N
LN-20197,2025-02-01,172684.82,1064.89,0,Current,2,Active,N
LN-20197,2025-03-01,310675.74,1915.83,30,30-59 Days,2,Active,Y
LN-20197,2025-04-01,240544.54,1483.36,0,Current,2,Active,N
LN-20197,2025-05-01,287689.6,1774.09,0,Current,2,Active,N
LN-20197,2025-06-01,241253.56,1487.73,0,Current,2,Active,N
LN-20197,2025-07-01,234872.31,1448.38,0,Current,2,Active,N
LN-20197,2025-08-01,168075.87,1036.47,0,Current,2,Active,N
LN-20197,2025-09-01,171676.78,1058.67,0,Current,2,Active,N
LN-20197,2025-10-01,119192.94,735.02,0,Current,2,Active,N
LN-20197,2025-11-01,103215.6,636.5,0,Current,2,Active,N
LN-20197,2025-12-01,161632.72,996.74,0,Current,2,Active,N
LN-20197,2026-01-01,159275.36,982.2,0,Current,2,Active,N
LN-20197,2026-02-01,195374.55,1204.81,0,Current,2,Active,N
LN-20197,2026-03-01,263903.4,1627.4,0,Current,2,Active,N
LN-20197,2026-04-01,283222.67,1746.54,0,Current,2,Active,N
LN-20197,2026-05-01,249099.11,1536.11,0,Current,2,Active,N
LN-20197,2026-06-01,301263.91,1857.79,0,Current,2,Active,N
LN-20197,2026-07-01,166413.33,1026.22,0,Current,2,Active,N
LN-20199,2025-01-01,1498400.0,17366.82,0,Current,3,Active,N
LN-20199,2025-02-01,1489723.9,17366.82,0,Current,3,Active,N
LN-20199,2025-03-01,1480997.48,17366.82,0,Current,3,Active,N
LN-20199,2025-04-01,1472220.44,17366.82,0,Current,3,Active,N
LN-20199,2025-05-01,1463392.5,17366.82,109,90+ Days,4,Active,Y
LN-20199,2025-06-01,1454513.36,17366.82,73,60-89 Days,4,Active,N
LN-20199,2025-07-01,1445582.72,17366.82,71,60-89 Days,4,Active,N
LN-20199,2025-08-01,1436600.28,17366.82,63,60-89 Days,4,Active,N
LN-20199,2025-09-01,1427565.74,17366.82,79,60-89 Days,4,Active,N
LN-20199,2025-10-01,1418478.8,17366.82,70,60-89 Days,4,Active,N
LN-20199,2025-11-01,1409339.16,17366.82,0,Current,3,Active,N
LN-20199,2025-12-01,1400146.5,17366.82,45,30-59 Days,3,Active,Y
LN-20199,2026-01-01,1390900.53,17366.82,51,30-59 Days,3,Active,N
LN-20199,2026-02-01,1381600.94,17366.82,31,30-59 Days,3,Active,N
LN-20199,2026-03-01,1372247.4,17366.82,45,30-59 Days,3,Active,N
LN-20199,2026-04-01,1362839.62,17366.82,58,30-59 Days,3,Active,N
LN-20199,2026-05-01,1353377.27,17366.82,7,1-29 Days,3,Active,N
LN-20199,2026-06-01,1343860.03,17366.82,22,1-29 Days,3,Active,N
LN-20199,2026-07-01,1334287.6,17366.82,21,1-29 Days,3,Active,N
LN-20200,2025-08-01,159822.19,964.26,0,Current,2,Active,N
LN-20200,2025-09-01,174003.11,1049.82,0,Current,2,Active,N
LN-20200,2025-10-01,141324.49,852.66,0,Current,2,Active,N
LN-20200,2025-11-01,107575.14,649.04,0,Current,2,Active,N
LN-20200,2025-12-01,127235.43,767.65,0,Current,2,Active,N
LN-20200,2026-01-01,227301.98,1371.39,61,60-89 Days,3,Active,Y
LN-20200,2026-02-01,183990.25,1110.07,79,60-89 Days,3,Active,N
LN-20200,2026-03-01,263599.17,1590.38,73,60-89 Days,3,Active,N
LN-20200,2026-04-01,188556.11,1137.62,60,60-89 Days,3,Active,N
LN-20200,2026-05-01,223767.95,1350.07,81,60-89 Days,3,Active,N
LN-20200,2026-06-01,193011.52,1164.5,0,Current,2,Active,N
LN-20200,2026-07-01,154770.96,933.78,0,Current,2,Active,N
LN-20201,2024-08-01,94769.56,648.38,0,Current,2,Active,N
LN-20201,2024-09-01,156623.96,1071.57,0,Current,2,Active,N
LN-20201,2024-10-01,95341.14,652.29,0,Current,2,Active,N
LN-20201,2024-11-01,72467.38,495.8,0,Current,2,Active,N
LN-20201,2024-12-01,101973.57,697.67,0,Current,2,Active,N
LN-20201,2025-01-01,204125.82,1396.56,0,Current,2,Active,N
LN-20201,2025-02-01,175100.81,1197.98,0,Current,2,Active,N
LN-20201,2025-03-01,210059.58,1437.16,0,Current,2,Active,N
LN-20201,2025-04-01,198312.72,1356.79,0,Current,2,Active,N
LN-20201,2025-05-01,195552.44,1337.9,0,Current,2,Active,N
LN-20201,2025-06-01,214934.17,1470.51,0,Current,2,Active,N
LN-20201,2025-07-01,165960.71,1135.45,0,Current,2,Active,N
LN-20201,2025-08-01,184549.85,1262.63,0,Current,2,Active,N
LN-20201,2025-09-01,165752.83,1134.03,0,Current,2,Active,N
LN-20201,2025-10-01,142487.12,974.85,0,Current,2,Active,N
LN-20201,2025-11-01,155987.07,1067.21,0,Current,2,Active,N
LN-20201,2025-12-01,137185.98,938.58,0,Current,2,Active,N
LN-20201,2026-01-01,165603.33,1133.0,0,Current,2,Active,N
LN-20201,2026-02-01,190443.72,1302.95,0,Current,2,Active,N
LN-20201,2026-03-01,195630.46,1338.44,0,Current,2,Active,N
LN-20201,2026-04-01,242450.14,1658.76,0,Current,2,Active,N
LN-20201,2026-05-01,261123.32,1786.52,0,Current,2,Active,N
LN-20201,2026-06-01,268217.79,1835.06,0,Current,2,Active,N
LN-20201,2026-07-01,108328.17,741.15,0,Current,2,Active,N
LN-20202,2025-10-01,302900.0,6191.13,0,Current,1,Active,N
LN-20202,2025-11-01,298814.03,6191.13,0,Current,1,Active,N
LN-20202,2025-12-01,294699.66,6191.13,0,Current,1,Active,N
LN-20202,2026-01-01,290556.7,6191.13,0,Current,1,Active,N
LN-20202,2026-02-01,286384.94,6191.13,0,Current,1,Active,N
LN-20202,2026-03-01,282184.19,6191.13,0,Current,1,Active,N
LN-20202,2026-04-01,277954.25,6191.13,0,Current,1,Active,N
LN-20202,2026-05-01,273694.9,6191.13,0,Current,1,Active,N
LN-20202,2026-06-01,269405.96,6191.13,0,Current,1,Active,N
LN-20202,2026-07-01,265087.2,6191.13,0,Current,1,Active,N
LN-20203,2024-08-01,303044.78,12175.97,0,Current,3,Active,N
LN-20203,2024-09-01,292659.3,12175.97,0,Current,3,Active,N
LN-20203,2024-10-01,282212.46,12175.97,0,Current,3,Active,N
LN-20203,2024-11-01,271703.89,12175.97,0,Current,3,Active,N
LN-20203,2024-12-01,261133.24,12175.97,0,Current,3,Active,N
LN-20203,2025-01-01,250500.12,12175.97,0,Current,3,Active,N
LN-20203,2025-02-01,239804.19,12175.97,0,Current,3,Active,N
LN-20203,2025-03-01,229045.06,12175.97,0,Current,3,Active,N
LN-20203,2025-04-01,218222.36,12175.97,0,Current,3,Active,N
LN-20203,2025-05-01,207335.72,12175.97,0,Current,3,Active,N
LN-20203,2025-06-01,196384.76,12175.97,0,Current,3,Active,N
LN-20203,2025-07-01,185369.09,12175.97,0,Current,3,Active,N
LN-20203,2025-08-01,174288.34,12175.97,0,Current,3,Active,N
LN-20203,2025-09-01,163142.12,12175.97,0,Current,3,Active,N
LN-20203,2025-10-01,151930.05,12175.97,21,1-29 Days,3,Active,Y
LN-20203,2025-11-01,140651.73,12175.97,23,1-29 Days,3,Active,N
LN-20203,2025-12-01,129306.77,12175.97,0,Current,3,Active,N
LN-20203,2026-01-01,117894.79,12175.97,0,Current,3,Active,N
LN-20203,2026-02-01,106415.38,12175.97,0,Current,3,Active,N
LN-20203,2026-03-01,94868.14,12175.97,0,Current,3,Active,N
LN-20203,2026-04-01,83252.68,12175.97,0,Current,3,Active,N
LN-20203,2026-05-01,71568.59,12175.97,0,Current,3,Active,N
LN-20203,2026-06-01,59815.47,12175.97,0,Current,3,Active,N
LN-20203,2026-07-01,47992.91,12175.97,0,Current,3,Active,N
LN-20204,2024-08-01,630766.14,16584.49,0,Current,1,Active,N
LN-20204,2024-09-01,617782.27,16584.49,0,Current,1,Active,N
LN-20204,2024-10-01,604724.29,16584.49,0,Current,1,Active,N
LN-20204,2024-11-01,591591.77,16584.49,0,Current,1,Active,N
LN-20204,2024-12-01,578384.29,16584.49,0,Current,1,Active,N
LN-20204,2025-01-01,565101.41,16584.49,0,Current,1,Active,N
LN-20204,2025-02-01,551742.71,16584.49,0,Current,1,Active,N
LN-20204,2025-03-01,538307.76,16584.49,0,Current,1,Active,N
LN-20204,2025-04-01,524796.11,16584.49,0,Current,1,Active,N
LN-20204,2025-05-01,511207.33,16584.49,0,Current,1,Active,N
LN-20204,2025-06-01,497540.99,16584.49,0,Current,1,Active,N
LN-20204,2025-07-01,483796.63,16584.49,0,Current,1,Active,N
LN-20204,2025-08-01,469973.81,16584.49,0,Current,1,Active,N
LN-20204,2025-09-01,456072.09,16584.49,0,Current,1,Active,N
LN-20204,2025-10-01,442091.02,16584.49,165,90+ Days,2,Active,Y
LN-20204,2025-11-01,428030.13,16584.49,183,90+ Days,2,Active,N
LN-20204,2025-12-01,413888.99,16584.49,180,90+ Days,2,Active,N
LN-20204,2026-01-01,399667.12,16584.49,175,90+ Days,2,Active,N
LN-20204,2026-02-01,385364.06,16584.49,0,Current,1,Active,N
LN-20204,2026-03-01,370979.36,16584.49,0,Current,1,Active,N
LN-20204,2026-04-01,356512.55,16584.49,0,Current,1,Active,N
LN-20204,2026-05-01,341963.15,16584.49,0,Current,1,Active,N
LN-20204,2026-06-01,327330.71,16584.49,0,Current,1,Active,N
LN-20204,2026-07-01,312614.73,16584.49,0,Current,1,Active,N
LN-20205,2024-08-01,39543.41,292.29,0,Current,1,Active,N
LN-20205,2024-09-01,42514.84,314.26,0,Current,1,Active,N
LN-20205,2024-10-01,25909.12,191.51,0,Current,1,Active,N
LN-20205,2024-11-01,27201.79,201.07,0,Current,1,Active,N
LN-20205,2024-12-01,32954.62,243.59,0,Current,1,Active,N
LN-20205,2025-01-01,37626.33,278.12,0,Current,1,Active,N
LN-20205,2025-02-01,37110.42,274.31,0,Current,1,Active,N
LN-20205,2025-03-01,49131.11,363.16,0,Current,1,Active,N
LN-20205,2025-04-01,54079.39,399.74,0,Current,1,Active,N
LN-20205,2025-05-01,62156.48,459.44,0,Current,1,Active,N
LN-20205,2025-06-01,47641.31,352.15,0,Current,1,Active,N
LN-20205,2025-07-01,36525.22,269.98,0,Current,1,Active,N
LN-20205,2025-08-01,44036.26,325.5,0,Current,1,Active,N
LN-20205,2025-09-01,33156.48,245.08,0,Current,1,Active,N
LN-20205,2025-10-01,35488.63,262.32,0,Current,1,Active,N
LN-20205,2025-11-01,26773.13,197.9,0,Current,1,Active,N
LN-20205,2025-12-01,31411.93,232.19,0,Current,1,Active,N
LN-20205,2026-01-01,44691.54,330.34,0,Current,1,Active,N
LN-20205,2026-02-01,39446.39,291.57,0,Current,1,Active,N
LN-20205,2026-03-01,49608.85,366.69,0,Current,1,Active,N
LN-20205,2026-04-01,54938.06,406.08,0,Current,1,Active,N
LN-20205,2026-05-01,56825.33,420.03,0,Current,1,Active,N
LN-20205,2026-06-01,52262.32,386.31,0,Current,1,Active,N
LN-20205,2026-07-01,43881.42,324.36,0,Current,1,Active,N
LN-20206,2024-11-01,362200.0,7321.6,0,Current,1,Active,N
LN-20206,2024-12-01,357253.83,7321.6,0,Current,1,Active,N
LN-20206,2025-01-01,352275.23,7321.6,0,Current,1,Active,N
LN-20206,2025-02-01,347263.97,7321.6,0,Current,1,Active,N
LN-20206,2025-03-01,342219.84,7321.6,0,Current,1,Active,N
LN-20206,2025-04-01,337142.64,7321.6,0,Current,1,Active,N
LN-20206,2025-05-01,332032.14,7321.6,0,Current,1,Active,N
LN-20206,2025-06-01,326888.12,7321.6,0,Current,1,Active,N
LN-20206,2025-07-01,321710.36,7321.6,0,Current,1,Active,N
LN-20206,2025-08-01,316498.65,7321.6,0,Current,1,Active,N
LN-20206,2025-09-01,311252.76,7321.6,0,Current,1,Active,N
LN-20206,2025-10-01,305972.46,7321.6,0,Current,1,Active,N
LN-20206,2025-11-01,300657.54,7321.6,0,Current,1,Active,N
LN-20206,2025-12-01,295307.75,7321.6,0,Current,1,Active,N
LN-20206,2026-01-01,289922.88,7321.6,0,Current,1,Active,N
LN-20206,2026-02-01,284502.7,7321.6,0,Current,1,Active,N
LN-20206,2026-03-01,279046.97,7321.6,0,Current,1,Active,N
LN-20206,2026-04-01,273555.45,7321.6,0,Current,1,Active,N
LN-20206,2026-05-01,268027.92,7321.6,0,Current,1,Active,N
LN-20206,2026-06-01,262464.14,7321.6,0,Current,1,Active,N
LN-20206,2026-07-01,256863.88,7321.6,0,Current,1,Active,N
LN-20207,2025-08-01,877900.0,17750.27,0,Current,4,Active,N
LN-20207,2025-09-01,865914.61,17750.27,28,1-29 Days,4,Active,Y
LN-20207,2025-10-01,853850.51,17750.27,5,1-29 Days,4,Active,N
LN-20207,2025-11-01,841707.19,17750.27,14,1-29 Days,4,Active,N
LN-20207,2025-12-01,829484.13,17750.27,0,Current,4,Active,N
LN-20207,2026-01-01,817180.8,17750.27,0,Current,4,Active,N
LN-20207,2026-02-01,804796.68,17750.27,0,Current,4,Active,N
LN-20207,2026-03-01,792331.24,17750.27,0,Current,4,Active,N
LN-20207,2026-04-01,779783.95,17750.27,46,30-59 Days,4,Active,Y
LN-20207,2026-05-01,767154.26,17750.27,34,30-59 Days,4,Active,N
LN-20207,2026-06-01,754441.63,17750.27,0,Current,4,Active,N
LN-20207,2026-07-01,741645.53,17750.27,0,Current,4,Active,N
LN-20208,2024-08-01,2427361.1,17383.48,19,1-29 Days,4,Active,N
LN-20208,2024-09-01,2422802.18,17383.48,0,Current,4,Active,N
LN-20208,2024-10-01,2418219.17,17383.48,0,Current,4,Active,N
LN-20208,2024-11-01,2413611.95,17383.48,0,Current,4,Active,N
LN-20208,2024-12-01,2408980.38,17383.48,0,Current,4,Active,N
LN-20208,2025-01-01,2404324.35,17383.48,0,Current,4,Active,N
LN-20208,2025-02-01,2399643.72,17383.48,0,Current,4,Active,N
LN-20208,2025-03-01,2394938.36,17383.48,0,Current,4,Active,N
LN-20208,2025-04-01,2390208.13,17383.48,0,Current,4,Active,N
LN-20208,2025-05-01,2385452.92,17383.48,0,Current,4,Active,N
LN-20208,2025-06-01,2380672.58,17383.48,0,Current,4,Active,N
LN-20208,2025-07-01,2375866.99,17383.48,0,Current,4,Active,N
LN-20208,2025-08-01,2371036.01,17383.48,0,Current,4,Active,N
LN-20208,2025-09-01,2366179.5,17383.48,0,Current,4,Active,N
LN-20208,2025-10-01,2361297.33,17383.48,0,Current,4,Active,N
LN-20208,2025-11-01,2356389.37,17383.48,0,Current,4,Active,N
LN-20208,2025-12-01,2351455.48,17383.48,0,Current,4,Active,N
LN-20208,2026-01-01,2346495.53,17383.48,0,Current,4,Active,N
LN-20208,2026-02-01,2341509.37,17383.48,0,Current,4,Active,N
LN-20208,2026-03-01,2336496.86,17383.48,28,1-29 Days,4,Active,Y
LN-20208,2026-04-01,2331457.87,17383.48,18,1-29 Days,4,Active,N
LN-20208,2026-05-01,2326392.26,17383.48,16,1-29 Days,4,Active,N
LN-20208,2026-06-01,2321299.89,17383.48,70,60-89 Days,4,Active,Y
LN-20208,2026-07-01,2316180.61,17383.48,87,60-89 Days,4,Active,N
LN-20209,2025-10-01,387900.0,5728.22,0,Current,3,Active,N
LN-20209,2025-11-01,384217.95,5728.22,0,Current,3,Active,N
LN-20209,2025-12-01,380516.47,5728.22,0,Current,3,Active,N
LN-20209,2026-01-01,376795.47,5728.22,0,Current,3,Active,N
LN-20209,2026-02-01,373054.84,5728.22,0,Current,3,Active,N
LN-20209,2026-03-01,369294.48,5728.22,0,Current,3,Active,N
LN-20209,2026-04-01,365514.29,5728.22,0,Current,3,Active,N
LN-20209,2026-05-01,361714.15,5728.22,0,Current,3,Active,N
LN-20209,2026-06-01,357893.97,5728.22,0,Current,3,Active,N
LN-20209,2026-07-01,354053.64,5728.22,0,Current,3,Active,N
LN-20211,2025-09-01,207423.2,1228.98,0,Current,1,Active,N
LN-20211,2025-10-01,164301.69,973.49,0,Current,1,Active,N
LN-20211,2025-11-01,109288.28,647.53,0,Current,1,Active,N
LN-20211,2025-12-01,197966.94,1172.95,0,Current,1,Active,N
LN-20211,2026-01-01,164035.9,971.91,0,Current,1,Active,N
LN-20211,2026-02-01,235927.37,1397.87,0,Current,1,Active,N
LN-20211,2026-03-01,330759.59,1959.75,0,Current,1,Active,N
LN-20211,2026-04-01,284624.62,1686.4,0,Current,1,Active,N
LN-20211,2026-05-01,309214.86,1832.1,0,Current,1,Active,N
LN-20211,2026-06-01,343718.13,2036.53,0,Current,1,Active,N
LN-20211,2026-07-01,208679.54,1236.43,0,Current,1,Active,N
LN-20213,2024-08-01,177551.89,1324.24,60,60-89 Days,4,Active,N
LN-20213,2024-09-01,282792.52,2109.16,60,60-89 Days,4,Active,N
LN-20213,2024-10-01,127525.82,951.13,71,60-89 Days,4,Active,N
LN-20213,2024-11-01,191830.41,1430.74,0,Current,3,Active,N
LN-20213,2024-12-01,166311.52,1240.41,0,Current,3,Active,N
LN-20213,2025-01-01,277588.95,2070.35,0,Current,3,Active,N
LN-20213,2025-02-01,241519.65,1801.33,0,Current,3,Active,N
LN-20213,2025-03-01,374519.46,2793.29,0,Current,3,Active,N
LN-20213,2025-04-01,375373.79,2799.66,0,Current,3,Active,N
LN-20213,2025-05-01,233635.19,1742.53,0,Current,3,Active,N
LN-20213,2025-06-01,431250.85,3216.41,0,Current,3,Active,N
LN-20213,2025-07-01,210808.44,1572.28,0,Current,3,Active,N
LN-20213,2025-08-01,260874.63,1945.69,0,Current,3,Active,N
LN-20213,2025-09-01,294550.9,2196.86,0,Current,3,Active,N
LN-20213,2025-10-01,132578.54,988.81,0,Current,3,Active,N
LN-20213,2025-11-01,201869.93,1505.61,0,Current,3,Active,N
LN-20213,2025-12-01,172621.82,1287.47,0,Current,3,Active,N
LN-20213,2026-01-01,235887.3,1759.33,0,Current,3,Active,N
LN-20213,2026-02-01,170584.64,1272.28,0,Current,3,Active,N
LN-20213,2026-03-01,344525.88,2569.59,0,Current,3,Active,N
LN-20213,2026-04-01,317790.71,2370.19,0,Current,3,Active,N
LN-20213,2026-05-01,314406.87,2344.95,0,Current,3,Active,N
LN-20213,2026-06-01,243633.52,1817.1,0,Current,3,Active,N
LN-20213,2026-07-01,261510.21,1950.43,0,Current,3,Active,N
LN-20214,2024-08-01,589618.17,9430.76,0,Current,3,Active,N
LN-20214,2024-09-01,584241.04,9430.76,0,Current,3,Active,N
LN-20214,2024-10-01,578826.94,9430.76,0,Current,3,Active,N
LN-20214,2024-11-01,573375.61,9430.76,0,Current,3,Active,N
LN-20214,2024-12-01,567886.81,9430.76,0,Current,3,Active,N
LN-20214,2025-01-01,562360.27,9430.76,0,Current,3,Active,N
LN-20214,2025-02-01,556795.74,9430.76,0,Current,3,Active,N
LN-20214,2025-03-01,551192.95,9430.76,0,Current,3,Active,N
LN-20214,2025-04-01,545551.64,9430.76,0,Current,3,Active,N
LN-20214,2025-05-01,539871.54,9430.76,0,Current,3,Active,N
LN-20214,2025-06-01,534152.4,9430.76,0,Current,3,Active,N
LN-20214,2025-07-01,528393.94,9430.76,0,Current,3,Active,N
LN-20214,2025-08-01,522595.89,9430.76,0,Current,3,Active,N
LN-20214,2025-09-01,516757.97,9430.76,0,Current,3,Active,N
LN-20214,2025-10-01,510879.92,9430.76,0,Current,3,Active,N
LN-20214,2025-11-01,504961.46,9430.76,0,Current,3,Active,N
LN-20214,2025-12-01,499002.31,9430.76,0,Current,3,Active,N
LN-20214,2026-01-01,493002.19,9430.76,0,Current,3,Active,N
LN-20214,2026-02-01,486960.82,9430.76,0,Current,3,Active,N
LN-20214,2026-03-01,480877.92,9430.76,0,Current,3,Active,N
LN-20214,2026-04-01,474753.19,9430.76,0,Current,3,Active,N
LN-20214,2026-05-01,468586.36,9430.76,0,Current,3,Active,N
LN-20214,2026-06-01,462377.13,9430.76,0,Current,3,Active,N
LN-20214,2026-07-01,456125.21,9430.76,0,Current,3,Active,N
LN-20215,2024-09-01,516100.0,10251.08,0,Current,1,Active,N
LN-20215,2024-10-01,508915.41,10251.08,0,Current,1,Active,N
LN-20215,2024-11-01,501688.13,10251.08,0,Current,1,Active,N
LN-20215,2024-12-01,494417.92,10251.08,0,Current,1,Active,N
LN-20215,2025-01-01,487104.5,10251.08,0,Current,1,Active,N
LN-20215,2025-02-01,479747.63,10251.08,0,Current,1,Active,N
LN-20215,2025-03-01,472347.05,10251.08,0,Current,1,Active,N
LN-20215,2025-04-01,464902.49,10251.08,0,Current,1,Active,N
LN-20215,2025-05-01,457413.7,10251.08,0,Current,1,Active,N
LN-20215,2025-06-01,449880.42,10251.08,0,Current,1,Active,N
LN-20215,2025-07-01,442302.38,10251.08,0,Current,1,Active,N
LN-20215,2025-08-01,434679.31,10251.08,0,Current,1,Active,N
LN-20215,2025-09-01,427010.95,10251.08,0,Current,1,Active,N
LN-20215,2025-10-01,419297.02,10251.08,0,Current,1,Active,N
LN-20215,2025-11-01,411537.26,10251.08,0,Current,1,Active,N
LN-20215,2025-12-01,403731.39,10251.08,0,Current,1,Active,N
LN-20215,2026-01-01,395879.15,10251.08,0,Current,1,Active,N
LN-20215,2026-02-01,387980.25,10251.08,0,Current,1,Active,N
LN-20215,2026-03-01,380034.41,10251.08,0,Current,1,Active,N
LN-20215,2026-04-01,372041.37,10251.08,0,Current,1,Active,N
LN-20215,2026-05-01,364000.83,10251.08,0,Current,1,Active,N
LN-20215,2026-06-01,355912.52,10251.08,0,Current,1,Active,N
LN-20215,2026-07-01,347776.15,10251.08,32,30-59 Days,1,Active,Y
LN-20216,2025-03-01,721900.0,14284.27,0,Current,1,Active,N
LN-20216,2025-04-01,711808.77,14284.27,0,Current,1,Active,N
LN-20216,2025-05-01,701658.92,14284.27,0,Current,1,Active,N
LN-20216,2025-06-01,691450.12,14284.27,0,Current,1,Active,N
LN-20216,2025-07-01,681182.02,14284.27,0,Current,1,Active,N
LN-20216,2025-08-01,670854.28,14284.27,0,Current,1,Active,N
LN-20216,2025-09-01,660466.56,14284.27,0,Current,1,Active,N
LN-20216,2025-10-01,650018.5,14284.27,0,Current,1,Active,N
LN-20216,2025-11-01,639509.75,14284.27,0,Current,1,Active,N
LN-20216,2025-12-01,628939.97,14284.27,0,Current,1,Active,N
LN-20216,2026-01-01,618308.79,14284.27,0,Current,1,Active,N
LN-20216,2026-02-01,607615.87,14284.27,0,Current,1,Active,N
LN-20216,2026-03-01,596860.83,14284.27,0,Current,1,Active,N
LN-20216,2026-04-01,586043.33,14284.27,0,Current,1,Active,N
LN-20216,2026-05-01,575163.0,14284.27,0,Current,1,Active,N
LN-20216,2026-06-01,564219.47,14284.27,0,Current,1,Active,N
LN-20216,2026-07-01,553212.37,14284.27,0,Current,1,Active,N
LN-20217,2024-08-01,251580.18,4617.53,0,Current,2,Active,N
LN-20217,2024-09-01,248352.63,4617.53,0,Current,2,Active,N
LN-20217,2024-10-01,245107.25,4617.53,0,Current,2,Active,N
LN-20217,2024-11-01,241843.93,4617.53,0,Current,2,Active,N
LN-20217,2024-12-01,238562.59,4617.53,0,Current,2,Active,N
LN-20217,2025-01-01,235263.12,4617.53,0,Current,2,Active,N
LN-20217,2025-02-01,231945.41,4617.53,0,Current,2,Active,N
LN-20217,2025-03-01,228609.38,4617.53,0,Current,2,Active,N
LN-20217,2025-04-01,225254.91,4617.53,0,Current,2,Active,N
LN-20217,2025-05-01,221881.91,4617.53,0,Current,2,Active,N
LN-20217,2025-06-01,218490.28,4617.53,0,Current,2,Active,N
LN-20217,2025-07-01,215079.91,4617.53,0,Current,2,Active,N
LN-20217,2025-08-01,211650.69,4617.53,0,Current,2,Active,N
LN-20217,2025-09-01,208202.53,4617.53,0,Current,2,Active,N
LN-20217,2025-10-01,204735.32,4617.53,13,1-29 Days,2,Active,Y
LN-20217,2025-11-01,201248.95,4617.53,22,1-29 Days,2,Active,N
LN-20217,2025-12-01,197743.31,4617.53,28,1-29 Days,2,Active,N
LN-20217,2026-01-01,194218.31,4617.53,20,1-29 Days,2,Active,N
LN-20217,2026-02-01,190673.84,4617.53,6,1-29 Days,2,Active,N
LN-20217,2026-03-01,187109.78,4617.53,0,Current,2,Active,N
LN-20217,2026-04-01,183526.03,4617.53,0,Current,2,Active,N
LN-20217,2026-05-01,179922.48,4617.53,0,Current,2,Active,N
LN-20217,2026-06-01,176299.02,4617.53,0,Current,2,Active,N
LN-20217,2026-07-01,172655.54,4617.53,0,Current,2,Active,N
LN-20218,2024-08-01,153089.1,1009.11,0,Current,2,Active,N
LN-20218,2024-09-01,149654.02,986.47,0,Current,2,Active,N
LN-20218,2024-10-01,107650.1,709.59,0,Current,2,Active,N
LN-20218,2024-11-01,106317.48,700.81,0,Current,2,Active,N
LN-20218,2024-12-01,75143.03,495.32,0,Current,2,Active,N
LN-20218,2025-01-01,178957.19,1179.63,0,Current,2,Active,N
LN-20218,2025-02-01,159074.21,1048.56,0,Current,2,Active,N
LN-20218,2025-03-01,193936.54,1278.37,0,Current,2,Active,N
LN-20218,2025-04-01,287910.63,1897.81,0,Current,2,Active,N
LN-20218,2025-05-01,253553.83,1671.34,0,Current,2,Active,N
LN-20218,2025-06-01,247418.49,1630.9,0,Current,2,Active,N
LN-20218,2025-07-01,144622.46,953.3,0,Current,2,Active,N
LN-20218,2025-08-01,180013.5,1186.59,0,Current,2,Active,N
LN-20218,2025-09-01,176871.96,1165.88,0,Current,2,Active,N
LN-20218,2025-10-01,162712.44,1072.55,0,Current,2,Active,N
LN-20218,2025-11-01,167408.73,1103.5,0,Current,2,Active,N
LN-20218,2025-12-01,128321.22,845.85,0,Current,2,Active,N
LN-20218,2026-01-01,186265.11,1227.8,0,Current,2,Active,N
LN-20218,2026-02-01,118655.23,782.14,0,Current,2,Active,N
LN-20218,2026-03-01,234606.53,1546.45,0,Current,2,Active,N
LN-20218,2026-04-01,173511.28,1143.73,0,Current,2,Active,N
LN-20218,2026-05-01,228897.93,1508.82,0,Current,2,Active,N
LN-20218,2026-06-01,219025.84,1443.75,0,Current,2,Active,N
LN-20218,2026-07-01,225521.42,1486.56,0,Current,2,Active,N
LN-20219,2025-09-01,612900.0,12424.47,0,Current,1,Active,N
LN-20219,2025-10-01,604556.42,12424.47,0,Current,1,Active,N
LN-20219,2025-11-01,596157.29,12424.47,0,Current,1,Active,N
LN-20219,2025-12-01,587702.24,12424.47,0,Current,1,Active,N
LN-20219,2026-01-01,579190.89,12424.47,0,Current,1,Active,N
LN-20219,2026-02-01,570622.86,12424.47,0,Current,1,Active,N
LN-20219,2026-03-01,561997.79,12424.47,0,Current,1,Active,N
LN-20219,2026-04-01,553315.29,12424.47,0,Current,1,Active,N
LN-20219,2026-05-01,544574.98,12424.47,0,Current,1,Active,N
LN-20219,2026-06-01,535776.47,12424.47,0,Current,1,Active,N
LN-20219,2026-07-01,526919.38,12424.47,0,Current,1,Active,N
LN-20220,2026-02-01,239241.09,1644.78,0,Current,1,Active,N
LN-20220,2026-03-01,240810.31,1655.57,0,Current,1,Active,N
LN-20220,2026-04-01,318504.34,2189.72,0,Current,1,Active,N
LN-20220,2026-05-01,317940.59,2185.84,0,Current,1,Active,N
LN-20220,2026-06-01,262693.16,1806.02,0,Current,1,Active,N
LN-20220,2026-07-01,197577.89,1358.35,0,Current,1,Active,N
LN-20221,2025-09-01,688300.0,4255.59,0,Current,1,Active,N
LN-20221,2025-10-01,687239.27,4255.59,0,Current,1,Active,N
LN-20221,2025-11-01,686173.62,4255.59,0,Current,1,Active,N
LN-20221,2025-12-01,685103.03,4255.59,0,Current,1,Active,N
LN-20221,2026-01-01,684027.46,4255.59,0,Current,1,Active,N
LN-20221,2026-02-01,682946.9,4255.59,0,Current,1,Active,N
LN-20221,2026-03-01,681861.33,4255.59,0,Current,1,Active,N
LN-20221,2026-04-01,680770.72,4255.59,0,Current,1,Active,N
LN-20221,2026-05-01,679675.04,4255.59,0,Current,1,Active,N
LN-20221,2026-06-01,678574.28,4255.59,0,Current,1,Active,N
LN-20221,2026-07-01,677468.41,4255.59,0,Current,1,Active,N
LN-20222,2024-08-01,192089.74,1243.78,0,Current,1,Active,N
LN-20222,2024-09-01,191171.29,1237.83,0,Current,1,Active,N
LN-20222,2024-10-01,157266.33,1018.3,0,Current,1,Active,N
LN-20222,2024-11-01,160485.14,1039.14,0,Current,1,Active,N
LN-20222,2024-12-01,163978.3,1061.76,0,Current,1,Active,N
LN-20222,2025-01-01,223140.65,1444.84,0,Current,1,Active,N
LN-20222,2025-02-01,186542.01,1207.86,0,Current,1,Active,N
LN-20222,2025-03-01,245823.44,1591.71,0,Current,1,Active,N
LN-20222,2025-04-01,224554.21,1453.99,0,Current,1,Active,N
LN-20222,2025-05-01,276400.43,1789.69,0,Current,1,Active,N
LN-20222,2025-06-01,230481.52,1492.37,0,Current,1,Active,N
LN-20222,2025-07-01,203554.34,1318.01,0,Current,1,Active,N
LN-20222,2025-08-01,260775.13,1688.52,0,Current,1,Active,N
LN-20222,2025-09-01,188742.49,1222.11,0,Current,1,Active,N
LN-20222,2025-10-01,148147.16,959.25,0,Current,1,Active,N
LN-20222,2025-11-01,167280.39,1083.14,0,Current,1,Active,N
LN-20222,2025-12-01,77225.54,500.04,0,Current,1,Active,N
LN-20222,2026-01-01,194973.23,1262.45,0,Current,1,Active,N
LN-20222,2026-02-01,163212.37,1056.8,0,Current,1,Active,N
LN-20222,2026-03-01,267855.03,1734.36,0,Current,1,Active,N
LN-20222,2026-04-01,244311.56,1581.92,0,Current,1,Active,N
LN-20222,2026-05-01,297109.76,1923.79,0,Current,1,Active,N
LN-20222,2026-06-01,315787.87,2044.73,0,Current,1,Active,N
LN-20222,2026-07-01,227081.2,1470.35,0,Current,1,Active,N
LN-20223,2025-05-01,131700.0,2023.95,0,Current,1,Active,N
LN-20223,2025-06-01,130505.76,2023.95,0,Current,1,Active,N
LN-20223,2025-07-01,129303.99,2023.95,0,Current,1,Active,N
LN-20223,2025-08-01,128094.65,2023.95,0,Current,1,Active,N
LN-20223,2025-09-01,126877.7,2023.95,0,Current,1,Active,N
LN-20223,2025-10-01,125653.07,2023.95,0,Current,1,Active,N
LN-20223,2025-11-01,124420.73,2023.95,0,Current,1,Active,N
LN-20223,2025-12-01,123180.63,2023.95,0,Current,1,Active,N
LN-20223,2026-01-01,121932.72,2023.95,25,1-29 Days,1,Active,Y
LN-20223,2026-02-01,120676.94,2023.95,3,1-29 Days,1,Active,N
LN-20223,2026-03-01,119413.25,2023.95,0,Current,1,Active,N
LN-20223,2026-04-01,118141.6,2023.95,0,Current,1,Active,N
LN-20223,2026-05-01,116861.94,2023.95,0,Current,1,Active,N
LN-20223,2026-06-01,115574.22,2023.95,0,Current,1,Active,N
LN-20223,2026-07-01,114278.38,2023.95,0,Current,1,Active,N
LN-20224,2024-08-01,48688.3,8263.04,0,Current,1,Active,N
LN-20224,2024-09-01,40678.44,8263.04,0,Current,1,Active,N
LN-20224,2024-10-01,32626.92,8263.04,0,Current,1,Active,N
LN-20224,2024-11-01,24533.54,8263.04,0,Current,1,Active,N
LN-20224,2024-12-01,16398.07,8263.04,0,Current,1,Active,N
LN-20224,2025-01-01,8220.3,8263.04,0,Current,1,Active,N
LN-20225,2024-08-01,118454.96,741.33,0,Current,2,Active,N
LN-20225,2024-09-01,167859.57,1050.52,0,Current,2,Active,N
LN-20225,2024-10-01,111932.94,700.51,19,1-29 Days,2,Active,Y
LN-20225,2024-11-01,129283.28,809.1,26,1-29 Days,2,Active,N
LN-20225,2024-12-01,161348.58,1009.77,23,1-29 Days,2,Active,N
LN-20225,2025-01-01,143343.23,897.09,26,1-29 Days,2,Active,N
LN-20225,2025-02-01,124678.31,780.28,23,1-29 Days,2,Active,N
LN-20225,2025-03-01,228690.47,1431.22,0,Current,2,Active,N
LN-20225,2025-04-01,260473.39,1630.13,0,Current,2,Active,N
LN-20225,2025-05-01,213292.23,1334.85,0,Current,2,Active,N
LN-20225,2025-06-01,266499.93,1667.85,0,Current,2,Active,N
LN-20225,2025-07-01,101843.7,637.37,0,Current,2,Active,N
LN-20225,2025-08-01,145991.75,913.67,0,Current,2,Active,N
LN-20225,2025-09-01,187204.35,1171.59,0,Current,2,Active,N
LN-20225,2025-10-01,168149.92,1052.34,0,Current,2,Active,N
LN-20225,2025-11-01,70855.26,443.44,0,Current,2,Active,N
LN-20225,2025-12-01,84462.79,528.6,0,Current,2,Active,N
LN-20225,2026-01-01,156816.88,981.41,0,Current,2,Active,N
LN-20225,2026-02-01,162830.52,1019.05,0,Current,2,Active,N
LN-20225,2026-03-01,273421.74,1711.16,0,Current,2,Active,N
LN-20225,2026-04-01,158554.42,992.29,0,Current,2,Active,N
LN-20225,2026-05-01,200840.71,1256.93,0,Current,2,Active,N
LN-20225,2026-06-01,184849.22,1156.85,0,Current,2,Active,N
LN-20225,2026-07-01,182797.56,1144.01,0,Current,2,Active,N
LN-20226,2024-08-01,83274.66,5175.59,0,Current,2,Active,N
LN-20226,2024-09-01,78613.98,5175.59,0,Current,2,Active,N
LN-20226,2024-10-01,73924.49,5175.59,0,Current,2,Active,N
LN-20226,2024-11-01,69206.0,5175.59,0,Current,2,Active,N
LN-20226,2024-12-01,64458.33,5175.59,0,Current,2,Active,N
LN-20226,2025-01-01,59681.3,5175.59,0,Current,2,Active,N
LN-20226,2025-02-01,54874.74,5175.59,0,Current,2,Active,N
LN-20226,2025-03-01,50038.46,5175.59,0,Current,2,Active,N
LN-20226,2025-04-01,45172.27,5175.59,0,Current,2,Active,N
LN-20226,2025-05-01,40276.0,5175.59,0,Current,2,Active,N
LN-20226,2025-06-01,35349.44,5175.59,0,Current,2,Active,N
LN-20226,2025-07-01,30392.43,5175.59,0,Current,2,Active,N
LN-20226,2025-08-01,25404.76,5175.59,0,Current,2,Active,N
LN-20226,2025-09-01,20386.26,5175.59,0,Current,2,Active,N
LN-20226,2025-10-01,15336.72,5175.59,0,Current,2,Active,N
LN-20226,2025-11-01,10255.96,5175.59,0,Current,2,Active,N
LN-20226,2025-12-01,5143.79,5175.59,0,Current,2,Active,N
LN-20227,2024-08-01,682547.44,14501.52,0,Current,2,Active,N
LN-20227,2024-09-01,671543.98,14501.52,0,Current,2,Active,N
LN-20227,2024-10-01,660484.12,14501.52,0,Current,2,Active,N
LN-20227,2024-11-01,649367.57,14501.52,0,Current,2,Active,N
LN-20227,2024-12-01,638194.06,14501.52,0,Current,2,Active,N
LN-20227,2025-01-01,626963.28,14501.52,0,Current,2,Active,N
LN-20227,2025-02-01,615674.95,14501.52,0,Current,2,Active,N
LN-20227,2025-03-01,604328.76,14501.52,0,Current,2,Active,N
LN-20227,2025-04-01,592924.42,14501.52,0,Current,2,Active,N
LN-20227,2025-05-01,581461.63,14501.52,0,Current,2,Active,N
LN-20227,2025-06-01,569940.1,14501.52,23,1-29 Days,2,Active,Y
LN-20227,2025-07-01,558359.52,14501.52,5,1-29 Days,2,Active,N
LN-20227,2025-08-01,546719.59,14501.52,25,1-29 Days,2,Active,N
LN-20227,2025-09-01,535020.01,14501.52,8,1-29 Days,2,Active,N
LN-20227,2025-10-01,523260.46,14501.52,13,1-29 Days,2,Active,N
LN-20227,2025-11-01,511440.65,14501.52,16,1-29 Days,2,Active,N
LN-20227,2025-12-01,499560.26,14501.52,7,1-29 Days,2,Active,N
LN-20227,2026-01-01,487618.98,14501.52,0,Current,2,Active,N
LN-20227,2026-02-01,475616.51,14501.52,0,Current,2,Active,N
LN-20227,2026-03-01,463552.52,14501.52,0,Current,2,Active,N
LN-20227,2026-04-01,451426.7,14501.52,0,Current,2,Active,N
LN-20227,2026-05-01,439238.74,14501.52,0,Current,2,Active,N
LN-20227,2026-06-01,426988.31,14501.52,0,Current,2,Active,N
LN-20227,2026-07-01,414675.11,14501.52,0,Current,2,Active,N
LN-20228,2025-08-01,2750800.0,23376.61,0,Current,2,Active,N
LN-20228,2025-09-01,2741429.55,23376.61,0,Current,2,Active,N
LN-20228,2025-10-01,2732011.39,23376.61,0,Current,2,Active,N
LN-20228,2025-11-01,2722545.27,23376.61,0,Current,2,Active,N
LN-20228,2025-12-01,2713030.96,23376.61,0,Current,2,Active,N
LN-20228,2026-01-01,2703468.2,23376.61,0,Current,2,Active,N
LN-20228,2026-02-01,2693856.75,23376.61,0,Current,2,Active,N
LN-20228,2026-03-01,2684196.36,23376.61,0,Current,2,Active,N
LN-20228,2026-04-01,2674486.79,23376.61,0,Current,2,Active,N
LN-20228,2026-05-01,2664727.78,23376.61,0,Current,2,Active,N
LN-20228,2026-06-01,2654919.07,23376.61,0,Current,2,Active,N
LN-20228,2026-07-01,2645060.43,23376.61,0,Current,2,Active,N
LN-20229,2024-08-01,128782.54,4060.95,0,Current,3,Active,N
LN-20229,2024-09-01,125440.62,4060.95,0,Current,3,Active,N
LN-20229,2024-10-01,122080.05,4060.95,0,Current,3,Active,N
LN-20229,2024-11-01,118700.71,4060.95,0,Current,3,Active,N
LN-20229,2024-12-01,115302.51,4060.95,0,Current,3,Active,N
LN-20229,2025-01-01,111885.33,4060.95,0,Current,3,Active,N
LN-20229,2025-02-01,108449.07,4060.95,0,Current,3,Active,N
LN-20229,2025-03-01,104993.63,4060.95,0,Current,3,Active,N
LN-20229,2025-04-01,101518.89,4060.95,0,Current,3,Active,N
LN-20229,2025-05-01,98024.75,4060.95,0,Current,3,Active,N
LN-20229,2025-06-01,94511.11,4060.95,0,Current,3,Active,N
LN-20229,2025-07-01,90977.84,4060.95,0,Current,3,Active,N
LN-20229,2025-08-01,87424.85,4060.95,0,Current,3,Active,N
LN-20229,2025-09-01,83852.02,4060.95,0,Current,3,Active,N
LN-20229,2025-10-01,80259.25,4060.95,0,Current,3,Active,N
LN-20229,2025-11-01,76646.41,4060.95,0,Current,3,Active,N
LN-20229,2025-12-01,73013.4,4060.95,0,Current,3,Active,N
LN-20229,2026-01-01,69360.11,4060.95,0,Current,3,Active,N
LN-20229,2026-02-01,65686.42,4060.95,0,Current,3,Active,N
LN-20229,2026-03-01,61992.22,4060.95,0,Current,3,Active,N
LN-20229,2026-04-01,58277.39,4060.95,0,Current,3,Active,N
LN-20229,2026-05-01,54541.82,4060.95,0,Current,3,Active,N
LN-20229,2026-06-01,50785.4,4060.95,0,Current,3,Active,N
LN-20229,2026-07-01,47008.0,4060.95,0,Current,3,Active,N
LN-20230,2024-08-01,164787.39,999.71,0,Current,2,Active,N
LN-20230,2024-09-01,153119.43,928.92,0,Current,2,Active,N
LN-20230,2024-10-01,110008.72,667.39,0,Current,2,Active,N
LN-20230,2024-11-01,98081.2,595.03,0,Current,2,Active,N
LN-20230,2024-12-01,79792.43,484.07,0,Current,2,Active,N
LN-20230,2025-01-01,131577.16,798.23,0,Current,2,Active,N
LN-20230,2025-02-01,161667.85,980.78,0,Current,2,Active,N
LN-20230,2025-03-01,155316.71,942.25,0,Current,2,Active,N
LN-20230,2025-04-01,178863.99,1085.11,0,Current,2,Active,N
LN-20230,2025-05-01,174824.95,1060.6,0,Current,2,Active,N
LN-20230,2025-06-01,207923.94,1261.41,0,Current,2,Active,N
LN-20230,2025-07-01,134050.27,813.24,0,Current,2,Active,N
LN-20230,2025-08-01,87156.74,528.75,0,Current,2,Active,N
LN-20230,2025-09-01,133030.17,807.05,0,Current,2,Active,N
LN-20230,2025-10-01,80235.12,486.76,0,Current,2,Active,N
LN-20230,2025-11-01,73222.67,444.22,0,Current,2,Active,N
LN-20230,2025-12-01,79846.56,484.4,0,Current,2,Active,N
LN-20230,2026-01-01,115494.37,700.67,0,Current,2,Active,N
LN-20230,2026-02-01,131045.66,795.01,0,Current,2,Active,N
LN-20230,2026-03-01,202649.38,1229.41,0,Current,2,Active,N
LN-20230,2026-04-01,148141.22,898.72,0,Current,2,Active,N
LN-20230,2026-05-01,212541.94,1289.42,0,Current,2,Active,N
LN-20230,2026-06-01,195167.11,1184.01,43,30-59 Days,2,Active,Y
LN-20230,2026-07-01,113918.15,691.1,54,30-59 Days,2,Active,N
LN-20231,2024-08-01,14437.69,14519.62,0,Current,2,Active,N
LN-20232,2026-02-01,890800.0,13348.96,0,Current,2,Active,N
LN-20232,2026-03-01,882484.06,13348.96,0,Current,2,Active,N
LN-20232,2026-04-01,874121.13,13348.96,0,Current,2,Active,N
LN-20232,2026-05-01,865710.96,13348.96,0,Current,2,Active,N
LN-20232,2026-06-01,857253.26,13348.96,0,Current,2,Active,N
LN-20232,2026-07-01,848747.78,13348.96,0,Current,2,Active,N
LN-20233,2025-01-01,99164.22,654.48,0,Current,2,Active,N
LN-20233,2025-02-01,85951.11,567.28,0,Current,2,Active,N
LN-20233,2025-03-01,149254.44,985.08,0,Current,2,Active,N
LN-20233,2025-04-01,142026.22,937.37,0,Current,2,Active,N
LN-20233,2025-05-01,123586.2,815.67,0,Current,2,Active,N
LN-20233,2025-06-01,146618.91,967.68,0,Current,2,Active,N
LN-20233,2025-07-01,74062.94,488.82,0,Current,2,Active,N
LN-20233,2025-08-01,74662.9,492.78,0,Current,2,Active,N
LN-20233,2025-09-01,95226.34,628.49,0,Current,2,Active,N
LN-20233,2025-10-01,113567.77,749.55,0,Current,2,Active,N
LN-20233,2025-11-01,82171.74,542.33,0,Current,2,Active,N
LN-20233,2025-12-01,82993.04,547.75,0,Current,2,Active,N
LN-20233,2026-01-01,107045.72,706.5,0,Current,2,Active,N
LN-20233,2026-02-01,117703.74,776.84,0,Current,2,Active,N
LN-20233,2026-03-01,107632.59,710.38,0,Current,2,Active,N
LN-20233,2026-04-01,135367.4,893.42,0,Current,2,Active,N
LN-20233,2026-05-01,121459.84,801.63,0,Current,2,Active,N
LN-20233,2026-06-01,112017.76,739.32,0,Current,2,Active,N
LN-20233,2026-07-01,126243.13,833.2,0,Current,2,Active,N
LN-20234,2025-01-01,1250600.0,19157.37,0,Current,2,Active,N
LN-20234,2025-02-01,1239217.19,19157.37,0,Current,2,Active,N
LN-20234,2025-03-01,1227763.63,19157.37,0,Current,2,Active,N
LN-20234,2025-04-01,1216238.86,19157.37,0,Current,2,Active,N
LN-20234,2025-05-01,1204642.44,19157.37,0,Current,2,Active,N
LN-20234,2025-06-01,1192973.93,19157.37,0,Current,2,Active,N
LN-20234,2025-07-01,1181232.88,19157.37,0,Current,2,Active,N
LN-20234,2025-08-01,1169418.85,19157.37,0,Current,2,Active,N
LN-20234,2025-09-01,1157531.36,19157.37,0,Current,2,Active,N
LN-20234,2025-10-01,1145569.98,19157.37,0,Current,2,Active,N
LN-20234,2025-11-01,1133534.24,19157.37,0,Current,2,Active,N
LN-20234,2025-12-01,1121423.68,19157.37,0,Current,2,Active,N
LN-20234,2026-01-01,1109237.83,19157.37,0,Current,2,Active,N
LN-20234,2026-02-01,1096976.22,19157.37,0,Current,2,Active,N
LN-20234,2026-03-01,1084638.39,19157.37,0,Current,2,Active,N
LN-20234,2026-04-01,1072223.85,19157.37,0,Current,2,Active,N
LN-20234,2026-05-01,1059732.14,19157.37,0,Current,2,Active,N
LN-20234,2026-06-01,1047162.78,19157.37,0,Current,2,Active,N
LN-20234,2026-07-01,1034515.27,19157.37,0,Current,2,Active,N
LN-20235,2024-08-01,53458.74,5515.15,0,Current,2,Active,N
LN-20235,2024-09-01,48248.76,5515.15,0,Current,2,Active,N
LN-20235,2024-10-01,43009.03,5515.15,0,Current,2,Active,N
LN-20235,2024-11-01,37739.4,5515.15,0,Current,2,Active,N
LN-20235,2024-12-01,32439.68,5515.15,0,Current,2,Active,N
LN-20235,2025-01-01,27109.71,5515.15,0,Current,2,Active,N
LN-20235,2025-02-01,21749.32,5515.15,0,Current,2,Active,N
LN-20235,2025-03-01,16358.32,5515.15,0,Current,2,Active,N
LN-20235,2025-04-01,10936.56,5515.15,0,Current,2,Active,N
LN-20235,2025-05-01,5483.84,5515.15,0,Current,2,Active,N
LN-20236,2025-03-01,240336.86,1464.05,0,Current,2,Active,N
LN-20236,2025-04-01,250734.64,1527.39,0,Current,2,Active,N
LN-20236,2025-05-01,287113.18,1749.0,0,Current,2,Active,N
LN-20236,2025-06-01,243678.95,1484.41,0,Current,2,Active,N
LN-20236,2025-07-01,140627.56,856.66,0,Current,2,Active,N
LN-20236,2025-08-01,190932.96,1163.1,0,Current,2,Active,N
LN-20236,2025-09-01,159881.15,973.94,0,Current,2,Active,N
LN-20236,2025-10-01,93381.44,568.85,0,Current,2,Active,N
LN-20236,2025-11-01,130107.78,792.57,0,Current,2,Active,N
LN-20236,2025-12-01,171109.12,1042.34,0,Current,2,Active,N
LN-20236,2026-01-01,166576.03,1014.73,0,Current,2,Active,N
LN-20236,2026-02-01,182411.4,1111.19,0,Current,2,Active,N
LN-20236,2026-03-01,246154.11,1499.49,0,Current,2,Active,N
LN-20236,2026-04-01,231600.85,1410.84,0,Current,2,Active,N
LN-20236,2026-05-01,229930.81,1400.66,0,Current,2,Active,N
LN-20236,2026-06-01,239248.5,1457.42,0,Current,2,Active,N
LN-20236,2026-07-01,165370.63,1007.38,0,Current,2,Active,N
LN-20237,2024-10-01,1317800.0,16219.26,0,Current,4,Active,N
LN-20237,2024-11-01,1310728.47,16219.26,0,Current,4,Active,N
LN-20237,2024-12-01,1303607.84,16219.26,0,Current,4,Active,N
LN-20237,2025-01-01,1296437.79,16219.26,0,Current,4,Active,N
LN-20237,2025-02-01,1289217.97,16219.26,0,Current,4,Active,N
LN-20237,2025-03-01,1281948.03,16219.26,0,Current,4,Active,N
LN-20237,2025-04-01,1274627.62,16219.26,0,Current,4,Active,N
LN-20237,2025-05-01,1267256.4,16219.26,10,1-29 Days,4,Active,Y
LN-20237,2025-06-01,1259834.01,16219.26,25,1-29 Days,4,Active,N
LN-20237,2025-07-01,1252360.09,16219.26,0,Current,4,Active,N
LN-20237,2025-08-01,1244834.29,16219.26,0,Current,4,Active,N
LN-20237,2025-09-01,1237256.26,16219.26,29,1-29 Days,4,Active,Y
LN-20237,2025-10-01,1229625.61,16219.26,0,Current,4,Active,N
LN-20237,2025-11-01,1221942.0,16219.26,0,Current,4,Active,N
LN-20237,2025-12-01,1214205.05,16219.26,0,Current,4,Active,N
LN-20237,2026-01-01,1206414.4,16219.26,0,Current,4,Active,N
LN-20237,2026-02-01,1198569.66,16219.26,2,1-29 Days,4,Active,Y
LN-20237,2026-03-01,1190670.47,16219.26,16,1-29 Days,4,Active,N
LN-20237,2026-04-01,1182716.44,16219.26,0,Current,4,Active,N
LN-20237,2026-05-01,1174707.2,16219.26,0,Current,4,Active,N
LN-20237,2026-06-01,1166642.37,16219.26,0,Current,4,Active,N
LN-20237,2026-07-01,1158521.55,16219.26,58,30-59 Days,4,Active,Y
LN-20238,2024-08-01,546900.83,9363.56,0,Current,2,Active,N
LN-20238,2024-09-01,540795.89,9363.56,0,Current,2,Active,N
LN-20238,2024-10-01,534654.57,9363.56,0,Current,2,Active,N
LN-20238,2024-11-01,528476.66,9363.56,0,Current,2,Active,N
LN-20238,2024-12-01,522261.95,9363.56,0,Current,2,Active,N
LN-20238,2025-01-01,516010.2,9363.56,0,Current,2,Active,N
LN-20238,2025-02-01,509721.2,9363.56,0,Current,2,Active,N
LN-20238,2025-03-01,503394.73,9363.56,0,Current,2,Active,N
LN-20238,2025-04-01,497030.57,9363.56,0,Current,2,Active,N
LN-20238,2025-05-01,490628.48,9363.56,0,Current,2,Active,N
LN-20238,2025-06-01,484188.26,9363.56,0,Current,2,Active,N
LN-20238,2025-07-01,477709.65,9363.56,0,Current,2,Active,N
LN-20238,2025-08-01,471192.45,9363.56,0,Current,2,Active,N
LN-20238,2025-09-01,464636.41,9363.56,0,Current,2,Active,N
LN-20238,2025-10-01,458041.31,9363.56,0,Current,2,Active,N
LN-20238,2025-11-01,451406.92,9363.56,0,Current,2,Active,N
LN-20238,2025-12-01,444732.99,9363.56,0,Current,2,Active,N
LN-20238,2026-01-01,438019.3,9363.56,0,Current,2,Active,N
LN-20238,2026-02-01,431265.61,9363.56,0,Current,2,Active,N
LN-20238,2026-03-01,424471.68,9363.56,0,Current,2,Active,N
LN-20238,2026-04-01,417637.26,9363.56,0,Current,2,Active,N
LN-20238,2026-05-01,410762.13,9363.56,0,Current,2,Active,N
LN-20238,2026-06-01,403846.03,9363.56,0,Current,2,Active,N
LN-20238,2026-07-01,396888.72,9363.56,0,Current,2,Active,N
LN-20240,2026-04-01,1198900.0,14300.08,0,Current,2,Active,N
LN-20240,2026-05-01,1192202.94,14300.08,0,Current,2,Active,N
LN-20240,2026-06-01,1185463.42,14300.08,0,Current,2,Active,N
LN-20240,2026-07-01,1178681.15,14300.08,0,Current,2,Active,N
LN-20241,2026-04-01,268820.47,1868.3,0,Current,2,Active,N
LN-20241,2026-05-01,309289.41,2149.56,0,Current,2,Active,N
LN-20241,2026-06-01,336420.79,2338.12,0,Current,2,Active,N
LN-20241,2026-07-01,266233.83,1850.33,0,Current,2,Active,N
LN-20242,2024-08-01,451862.66,6473.49,0,Current,2,Active,N
LN-20242,2024-09-01,447844.29,6473.49,0,Current,2,Active,N
LN-20242,2024-10-01,443804.09,6473.49,0,Current,2,Active,N
LN-20242,2024-11-01,439741.94,6473.49,0,Current,2,Active,N
LN-20242,2024-12-01,435657.71,6473.49,0,Current,2,Active,N
LN-20242,2025-01-01,431551.29,6473.49,0,Current,2,Active,N
LN-20242,2025-02-01,427422.56,6473.49,0,Current,2,Active,N
LN-20242,2025-03-01,423271.4,6473.49,0,Current,2,Active,N
LN-20242,2025-04-01,419097.69,6473.49,0,Current,2,Active,N
LN-20242,2025-05-01,414901.29,6473.49,0,Current,2,Active,N
LN-20242,2025-06-01,410682.1,6473.49,0,Current,2,Active,N
LN-20242,2025-07-01,406439.98,6473.49,0,Current,2,Active,N
LN-20242,2025-08-01,402174.82,6473.49,0,Current,2,Active,N
LN-20242,2025-09-01,397886.48,6473.49,0,Current,2,Active,N
LN-20242,2025-10-01,393574.83,6473.49,0,Current,2,Active,N
LN-20242,2025-11-01,389239.77,6473.49,0,Current,2,Active,N
LN-20242,2025-12-01,384881.15,6473.49,0,Current,2,Active,N
LN-20242,2026-01-01,380498.84,6473.49,0,Current,2,Active,N
LN-20242,2026-02-01,376092.73,6473.49,0,Current,2,Active,N
LN-20242,2026-03-01,371662.68,6473.49,0,Current,2,Active,N
LN-20242,2026-04-01,367208.55,6473.49,0,Current,2,Active,N
LN-20242,2026-05-01,362730.23,6473.49,0,Current,2,Active,N
LN-20242,2026-06-01,358227.57,6473.49,0,Current,2,Active,N
LN-20242,2026-07-01,353700.45,6473.49,0,Current,2,Active,N
LN-20243,2024-08-01,163107.39,4005.68,0,Current,2,Active,N
LN-20243,2024-09-01,159967.54,4005.68,0,Current,2,Active,N
LN-20243,2024-10-01,156811.01,4005.68,0,Current,2,Active,N
LN-20243,2024-11-01,153637.73,4005.68,0,Current,2,Active,N
LN-20243,2024-12-01,150447.61,4005.68,0,Current,2,Active,N
LN-20243,2025-01-01,147240.55,4005.68,0,Current,2,Active,N
LN-20243,2025-02-01,144016.47,4005.68,0,Current,2,Active,N
LN-20243,2025-03-01,140775.27,4005.68,0,Current,2,Active,N
LN-20243,2025-04-01,137516.87,4005.68,0,Current,2,Active,N
LN-20243,2025-05-01,134241.17,4005.68,0,Current,2,Active,N
LN-20243,2025-06-01,130948.08,4005.68,0,Current,2,Active,N
LN-20243,2025-07-01,127637.51,4005.68,0,Current,2,Active,N
LN-20243,2025-08-01,124309.37,4005.68,0,Current,2,Active,N
LN-20243,2025-09-01,120963.56,4005.68,0,Current,2,Active,N
LN-20243,2025-10-01,117599.99,4005.68,8,1-29 Days,2,Active,Y
LN-20243,2025-11-01,114218.57,4005.68,23,1-29 Days,2,Active,N
LN-20243,2025-12-01,110819.2,4005.68,0,Current,2,Active,N
LN-20243,2026-01-01,107401.78,4005.68,0,Current,2,Active,N
LN-20243,2026-02-01,103966.22,4005.68,0,Current,2,Active,N
LN-20243,2026-03-01,100512.42,4005.68,0,Current,2,Active,N
LN-20243,2026-04-01,97040.29,4005.68,0,Current,2,Active,N
LN-20243,2026-05-01,93549.73,4005.68,0,Current,2,Active,N
LN-20243,2026-06-01,90040.63,4005.68,0,Current,2,Active,N
LN-20243,2026-07-01,86512.92,4005.68,0,Current,2,Active,N
LN-20244,2024-08-01,93100.94,596.62,0,Current,2,Active,N
LN-20244,2024-09-01,90067.15,577.18,0,Current,2,Active,N
LN-20244,2024-10-01,85097.15,545.33,0,Current,2,Active,N
LN-20244,2024-11-01,70950.21,454.67,0,Current,2,Active,N
LN-20244,2024-12-01,60635.7,388.57,0,Current,2,Active,N
LN-20244,2025-01-01,92291.04,591.43,0,Current,2,Active,N
LN-20244,2025-02-01,89016.54,570.45,0,Current,2,Active,N
LN-20244,2025-03-01,109462.56,701.47,0,Current,2,Active,N
LN-20244,2025-04-01,88612.14,567.86,0,Current,2,Active,N
LN-20244,2025-05-01,159642.0,1023.04,0,Current,2,Active,N
LN-20244,2025-06-01,118932.12,762.16,0,Current,2,Active,N
LN-20244,2025-07-01,93883.99,601.64,0,Current,2,Active,N
LN-20244,2025-08-01,95810.18,613.98,0,Current,2,Active,N
LN-20244,2025-09-01,83596.46,535.71,0,Current,2,Active,N
LN-20244,2025-10-01,36968.65,236.91,0,Current,2,Active,N
LN-20244,2025-11-01,48016.05,307.7,0,Current,2,Active,N
LN-20244,2025-12-01,64582.8,413.87,0,Current,2,Active,N
LN-20244,2026-01-01,81073.54,519.55,0,Current,2,Active,N
LN-20244,2026-02-01,73016.32,467.91,0,Current,2,Active,N
LN-20244,2026-03-01,140912.4,903.01,0,Current,2,Active,N
LN-20244,2026-04-01,119552.93,766.14,0,Current,2,Active,N
LN-20244,2026-05-01,129168.82,827.76,0,Current,2,Active,N
LN-20244,2026-06-01,132412.69,848.54,0,Current,2,Active,N
LN-20244,2026-07-01,82306.56,527.45,0,Current,2,Active,N
LN-20245,2025-04-01,1385100.0,21115.4,0,Current,3,Active,N
LN-20245,2025-05-01,1372422.17,21115.4,0,Current,3,Active,N
LN-20245,2025-06-01,1359667.11,21115.4,0,Current,3,Active,N
LN-20245,2025-07-01,1346834.36,21115.4,0,Current,3,Active,N
LN-20245,2025-08-01,1333923.42,21115.4,0,Current,3,Active,N
LN-20245,2025-09-01,1320933.85,21115.4,0,Current,3,Active,N
LN-20245,2025-10-01,1307865.14,21115.4,0,Current,3,Active,N
LN-20245,2025-11-01,1294716.82,21115.4,0,Current,3,Active,N
LN-20245,2025-12-01,1281488.41,21115.4,0,Current,3,Active,N
LN-20245,2026-01-01,1268179.41,21115.4,0,Current,3,Active,N
LN-20245,2026-02-01,1254789.34,21115.4,0,Current,3,Active,N
LN-20245,2026-03-01,1241317.7,21115.4,0,Current,3,Active,N
LN-20245,2026-04-01,1227764.0,21115.4,0,Current,3,Active,N
LN-20245,2026-05-01,1214127.73,21115.4,0,Current,3,Active,N
LN-20245,2026-06-01,1200408.4,21115.4,0,Current,3,Active,N
LN-20245,2026-07-01,1186605.49,21115.4,0,Current,3,Active,N
LN-20246,2024-08-01,155969.07,2344.93,0,Current,1,Active,N
LN-20246,2024-09-01,154441.68,2344.93,0,Current,1,Active,N
LN-20246,2024-10-01,152906.28,2344.93,0,Current,1,Active,N
LN-20246,2024-11-01,151362.84,2344.93,0,Current,1,Active,N
LN-20246,2024-12-01,149811.3,2344.93,0,Current,1,Active,N
LN-20246,2025-01-01,148251.64,2344.93,0,Current,1,Active,N
LN-20246,2025-02-01,146683.79,2344.93,0,Current,1,Active,N
LN-20246,2025-03-01,145107.73,2344.93,0,Current,1,Active,N
LN-20246,2025-04-01,143523.41,2344.93,0,Current,1,Active,N
LN-20246,2025-05-01,141930.78,2344.93,0,Current,1,Active,N
LN-20246,2025-06-01,140329.81,2344.93,0,Current,1,Active,N
LN-20246,2025-07-01,138720.44,2344.93,0,Current,1,Active,N
LN-20246,2025-08-01,137102.64,2344.93,0,Current,1,Active,N
LN-20246,2025-09-01,135476.36,2344.93,0,Current,1,Active,N
LN-20246,2025-10-01,133841.55,2344.93,0,Current,1,Active,N
LN-20246,2025-11-01,132198.18,2344.93,0,Current,1,Active,N
LN-20246,2025-12-01,130546.19,2344.93,0,Current,1,Active,N
LN-20246,2026-01-01,128885.54,2344.93,0,Current,1,Active,N
LN-20246,2026-02-01,127216.18,2344.93,0,Current,1,Active,N
LN-20246,2026-03-01,125538.08,2344.93,0,Current,1,Active,N
LN-20246,2026-04-01,123851.18,2344.93,0,Current,1,Active,N
LN-20246,2026-05-01,122155.44,2344.93,0,Current,1,Active,N
LN-20246,2026-06-01,120450.81,2344.93,0,Current,1,Active,N
LN-20246,2026-07-01,118737.24,2344.93,0,Current,1,Active,N
LN-20247,2025-04-01,712900.0,10825.91,0,Current,1,Active,N
LN-20247,2025-05-01,706345.55,10825.91,0,Current,1,Active,N
LN-20247,2025-06-01,699751.83,10825.91,0,Current,1,Active,N
LN-20247,2025-07-01,693118.61,10825.91,0,Current,1,Active,N
LN-20247,2025-08-01,686445.63,10825.91,0,Current,1,Active,N
LN-20247,2025-09-01,679732.68,10825.91,0,Current,1,Active,N
LN-20247,2025-10-01,672979.51,10825.91,0,Current,1,Active,N
LN-20247,2025-11-01,666185.87,10825.91,0,Current,1,Active,N
LN-20247,2025-12-01,659351.52,10825.91,0,Current,1,Active,N
LN-20247,2026-01-01,652476.23,10825.91,0,Current,1,Active,N
LN-20247,2026-02-01,645559.75,10825.91,0,Current,1,Active,N
LN-20247,2026-03-01,638601.82,10825.91,0,Current,1,Active,N
LN-20247,2026-04-01,631602.2,10825.91,0,Current,1,Active,N
LN-20247,2026-05-01,624560.64,10825.91,0,Current,1,Active,N
LN-20247,2026-06-01,617476.9,10825.91,0,Current,1,Active,N
LN-20247,2026-07-01,610350.7,10825.91,0,Current,1,Active,N
LN-20248,2024-08-01,1172714.0,14318.2,0,Current,1,Active,N
LN-20248,2024-09-01,1166106.4,14318.2,0,Current,1,Active,N
LN-20248,2024-10-01,1159455.35,14318.2,0,Current,1,Active,N
LN-20248,2024-11-01,1152760.58,14318.2,0,Current,1,Active,N
LN-20248,2024-12-01,1146021.78,14318.2,0,Current,1,Active,N
LN-20248,2025-01-01,1139238.68,14318.2,0,Current,1,Active,N
LN-20248,2025-02-01,1132410.98,14318.2,0,Current,1,Active,N
LN-20248,2025-03-01,1125538.39,14318.2,0,Current,1,Active,N
LN-20248,2025-04-01,1118620.61,14318.2,0,Current,1,Active,N
LN-20248,2025-05-01,1111657.34,14318.2,0,Current,1,Active,N
LN-20248,2025-06-01,1104648.29,14318.2,0,Current,1,Active,N
LN-20248,2025-07-01,1097593.16,14318.2,0,Current,1,Active,N
LN-20248,2025-08-01,1090491.64,14318.2,0,Current,1,Active,N
LN-20248,2025-09-01,1083343.43,14318.2,0,Current,1,Active,N
LN-20248,2025-10-01,1076148.22,14318.2,0,Current,1,Active,N
LN-20248,2025-11-01,1068905.7,14318.2,0,Current,1,Active,N
LN-20248,2025-12-01,1061615.56,14318.2,0,Current,1,Active,N
LN-20248,2026-01-01,1054277.48,14318.2,0,Current,1,Active,N
LN-20248,2026-02-01,1046891.16,14318.2,0,Current,1,Active,N
LN-20248,2026-03-01,1039456.28,14318.2,0,Current,1,Active,N
LN-20248,2026-04-01,1031972.51,14318.2,0,Current,1,Active,N
LN-20248,2026-05-01,1024439.53,14318.2,0,Current,1,Active,N
LN-20248,2026-06-01,1016857.02,14318.2,0,Current,1,Active,N
LN-20248,2026-07-01,1009224.66,14318.2,0,Current,1,Active,N
LN-20249,2024-08-01,132875.21,1953.01,0,Current,4,Active,N
LN-20249,2024-09-01,131834.61,1953.01,0,Current,4,Active,N
LN-20249,2024-10-01,130786.86,1953.01,0,Current,4,Active,N
LN-20249,2024-11-01,129731.92,1953.01,0,Current,4,Active,N
LN-20249,2024-12-01,128669.74,1953.01,18,1-29 Days,4,Active,Y
LN-20249,2025-01-01,127600.26,1953.01,0,Current,4,Active,N
LN-20249,2025-02-01,126523.44,1953.01,0,Current,4,Active,N
LN-20249,2025-03-01,125439.22,1953.01,0,Current,4,Active,N
LN-20249,2025-04-01,124347.56,1953.01,0,Current,4,Active,N
LN-20249,2025-05-01,123248.41,1953.01,0,Current,4,Active,N
LN-20249,2025-06-01,122141.7,1953.01,0,Current,4,Active,N
LN-20249,2025-07-01,121027.4,1953.01,0,Current,4,Active,N
LN-20249,2025-08-01,119905.45,1953.01,0,Current,4,Active,N
LN-20249,2025-09-01,118775.79,1953.01,0,Current,4,Active,N
LN-20249,2025-10-01,117638.37,1953.01,0,Current,4,Active,N
LN-20249,2025-11-01,116493.14,1953.01,30,30-59 Days,4,Active,Y
LN-20249,2025-12-01,115340.05,1953.01,32,30-59 Days,4,Active,N
LN-20249,2026-01-01,114179.05,1953.01,45,30-59 Days,4,Active,N
LN-20249,2026-02-01,113010.07,1953.01,0,Current,4,Active,N
LN-20249,2026-03-01,111833.06,1953.01,0,Current,4,Active,N
LN-20249,2026-04-01,110647.97,1953.01,0,Current,4,Active,N
LN-20249,2026-05-01,109454.74,1953.01,0,Current,4,Active,N
LN-20249,2026-06-01,108253.32,1953.01,0,Current,4,Active,N
LN-20249,2026-07-01,107043.65,1953.01,0,Current,4,Active,N
LN-20250,2024-08-01,47124.38,4095.57,0,Current,3,Active,N
LN-20250,2024-09-01,43336.3,4095.57,0,Current,3,Active,N
LN-20250,2024-10-01,39523.49,4095.57,0,Current,3,Active,N
LN-20250,2024-11-01,35685.81,4095.57,0,Current,3,Active,N
LN-20250,2024-12-01,31823.09,4095.57,0,Current,3,Active,N
LN-20250,2025-01-01,27935.16,4095.57,0,Current,3,Active,N
LN-20250,2025-02-01,24021.86,4095.57,0,Current,3,Active,N
LN-20250,2025-03-01,20083.03,4095.57,0,Current,3,Active,N
LN-20250,2025-04-01,16118.5,4095.57,0,Current,3,Active,N
LN-20250,2025-05-01,12128.1,4095.57,39,30-59 Days,3,Active,Y
LN-20250,2025-06-01,8111.67,4095.57,0,Current,3,Active,N
LN-20250,2025-07-01,4069.02,4095.57,29,1-29 Days,3,Active,Y
LN-20251,2024-08-01,192022.63,1409.77,0,Current,3,Active,N
LN-20251,2024-09-01,134741.74,989.23,0,Current,3,Active,N
LN-20251,2024-10-01,155213.08,1139.52,0,Current,3,Active,N
LN-20251,2024-11-01,155363.14,1140.62,0,Current,3,Active,N
LN-20251,2024-12-01,86072.03,631.91,0,Current,3,Active,N
LN-20251,2025-01-01,227504.45,1670.26,0,Current,3,Active,N
LN-20251,2025-02-01,186522.31,1369.38,0,Current,3,Active,N
LN-20251,2025-03-01,241868.78,1775.72,0,Current,3,Active,N
LN-20251,2025-04-01,261209.89,1917.72,0,Current,3,Active,N
LN-20251,2025-05-01,222506.44,1633.57,12,1-29 Days,3,Active,Y
LN-20251,2025-06-01,266177.14,1954.18,18,1-29 Days,3,Active,N
LN-20251,2025-07-01,161115.62,1182.86,23,1-29 Days,3,Active,N
LN-20251,2025-08-01,142439.19,1045.74,1,1-29 Days,3,Active,N
LN-20251,2025-09-01,205436.98,1508.25,10,1-29 Days,3,Active,N
LN-20251,2025-10-01,182644.42,1340.91,0,Current,3,Active,N
LN-20251,2025-11-01,91696.55,673.21,0,Current,3,Active,N
LN-20251,2025-12-01,139914.69,1027.21,0,Current,3,Active,N
LN-20251,2026-01-01,134903.13,990.41,0,Current,3,Active,N
LN-20251,2026-02-01,208227.69,1528.74,0,Current,3,Active,N
LN-20251,2026-03-01,281857.99,2069.31,0,Current,3,Active,N
LN-20251,2026-04-01,254679.26,1869.77,0,Current,3,Active,N
LN-20251,2026-05-01,239877.59,1761.1,0,Current,3,Active,N
LN-20251,2026-06-01,306242.65,2248.33,0,Current,3,Active,N
LN-20251,2026-07-01,171243.98,1257.22,0,Current,3,Active,N
LN-20252,2024-08-01,100561.57,724.04,0,Current,1,Active,N
LN-20252,2024-09-01,117562.91,846.45,0,Current,1,Active,N
LN-20252,2024-10-01,90166.66,649.2,0,Current,1,Active,N
LN-20252,2024-11-01,125499.78,903.6,0,Current,1,Active,N
LN-20252,2024-12-01,110787.53,797.67,0,Current,1,Active,N
LN-20252,2025-01-01,127501.32,918.01,0,Current,1,Active,N
LN-20252,2025-02-01,157352.98,1132.94,0,Current,1,Active,N
LN-20252,2025-03-01,178057.3,1282.01,0,Current,1,Active,N
LN-20252,2025-04-01,114978.93,827.85,0,Current,1,Active,N
LN-20252,2025-05-01,149237.86,1074.51,0,Current,1,Active,N
LN-20252,2025-06-01,171177.32,1232.48,0,Current,1,Active,N
LN-20252,2025-07-01,132986.56,957.5,0,Current,1,Active,N
LN-20252,2025-08-01,113578.06,817.76,0,Current,1,Active,N
LN-20252,2025-09-01,107724.05,775.61,0,Current,1,Active,N
LN-20252,2025-10-01,96902.2,697.7,0,Current,1,Active,N
LN-20252,2025-11-01,72112.6,519.21,0,Current,1,Active,N
LN-20252,2025-12-01,111734.9,804.49,0,Current,1,Active,N
LN-20252,2026-01-01,122680.36,883.3,0,Current,1,Active,N
LN-20252,2026-02-01,108859.99,783.79,0,Current,1,Active,N
LN-20252,2026-03-01,188010.93,1353.68,0,Current,1,Active,N
LN-20252,2026-04-01,189354.93,1363.36,0,Current,1,Active,N
LN-20252,2026-05-01,205894.01,1482.44,0,Current,1,Active,N
LN-20252,2026-06-01,146367.92,1053.85,0,Current,1,Active,N
LN-20252,2026-07-01,144052.74,1037.18,0,Current,1,Active,N
LN-20253,2024-08-01,2306279.05,20639.34,16,1-29 Days,2,Active,N
LN-20253,2024-09-01,2298958.47,20639.34,0,Current,2,Active,N
LN-20253,2024-10-01,2291595.62,20639.34,0,Current,2,Active,N
LN-20253,2024-11-01,2284190.25,20639.34,0,Current,2,Active,N
LN-20253,2024-12-01,2276742.11,20639.34,0,Current,2,Active,N
LN-20253,2025-01-01,2269250.96,20639.34,0,Current,2,Active,N
LN-20253,2025-02-01,2261716.55,20639.34,0,Current,2,Active,N
LN-20253,2025-03-01,2254138.63,20639.34,0,Current,2,Active,N
LN-20253,2025-04-01,2246516.94,20639.34,0,Current,2,Active,N
LN-20253,2025-05-01,2238851.24,20639.34,0,Current,2,Active,N
LN-20253,2025-06-01,2231141.27,20639.34,0,Current,2,Active,N
LN-20253,2025-07-01,2223386.78,20639.34,0,Current,2,Active,N
LN-20253,2025-08-01,2215587.5,20639.34,0,Current,2,Active,N
LN-20253,2025-09-01,2207743.18,20639.34,0,Current,2,Active,N
LN-20253,2025-10-01,2199853.56,20639.34,0,Current,2,Active,N
LN-20253,2025-11-01,2191918.38,20639.34,0,Current,2,Active,N
LN-20253,2025-12-01,2183937.37,20639.34,0,Current,2,Active,N
LN-20253,2026-01-01,2175910.27,20639.34,0,Current,2,Active,N
LN-20253,2026-02-01,2167836.82,20639.34,0,Current,2,Active,N
LN-20253,2026-03-01,2159716.74,20639.34,0,Current,2,Active,N
LN-20253,2026-04-01,2151549.77,20639.34,0,Current,2,Active,N
LN-20253,2026-05-01,2143335.63,20639.34,0,Current,2,Active,N
LN-20253,2026-06-01,2135074.06,20639.34,0,Current,2,Active,N
LN-20253,2026-07-01,2126764.78,20639.34,0,Current,2,Active,N
LN-20255,2024-08-01,652150.94,8017.93,0,Current,1,Active,N
LN-20255,2024-09-01,647708.97,8017.93,0,Current,1,Active,N
LN-20255,2024-10-01,643242.64,8017.93,0,Current,1,Active,N
LN-20255,2024-11-01,638751.82,8017.93,0,Current,1,Active,N
LN-20255,2024-12-01,634236.38,8017.93,0,Current,1,Active,N
LN-20255,2025-01-01,629696.17,8017.93,0,Current,1,Active,N
LN-20255,2025-02-01,625131.07,8017.93,0,Current,1,Active,N
LN-20255,2025-03-01,620540.94,8017.93,0,Current,1,Active,N
LN-20255,2025-04-01,615925.64,8017.93,0,Current,1,Active,N
LN-20255,2025-05-01,611285.04,8017.93,0,Current,1,Active,N
LN-20255,2025-06-01,606618.99,8017.93,0,Current,1,Active,N
LN-20255,2025-07-01,601927.35,8017.93,0,Current,1,Active,N
LN-20255,2025-08-01,597209.98,8017.93,0,Current,1,Active,N
LN-20255,2025-09-01,592466.75,8017.93,0,Current,1,Active,N
LN-20255,2025-10-01,587697.51,8017.93,0,Current,1,Active,N
LN-20255,2025-11-01,582902.12,8017.93,0,Current,1,Active,N
LN-20255,2025-12-01,578080.44,8017.93,0,Current,1,Active,N
LN-20255,2026-01-01,573232.31,8017.93,0,Current,1,Active,N
LN-20255,2026-02-01,568357.6,8017.93,0,Current,1,Active,N
LN-20255,2026-03-01,563456.16,8017.93,0,Current,1,Active,N
LN-20255,2026-04-01,558527.85,8017.93,0,Current,1,Active,N
LN-20255,2026-05-01,553572.51,8017.93,0,Current,1,Active,N
LN-20255,2026-06-01,548590.0,8017.93,0,Current,1,Active,N
LN-20255,2026-07-01,543580.17,8017.93,0,Current,1,Active,N
LN-20256,2024-08-01,246781.58,1517.71,0,Current,1,Active,N
LN-20256,2024-09-01,175550.64,1079.64,0,Current,1,Active,N
LN-20256,2024-10-01,189731.16,1166.85,0,Current,1,Active,N
LN-20256,2024-11-01,165073.4,1015.2,0,Current,1,Active,N
LN-20256,2024-12-01,257668.44,1584.66,0,Current,1,Active,N
LN-20256,2025-01-01,210642.69,1295.45,0,Current,1,Active,N
LN-20256,2025-02-01,197133.8,1212.37,0,Current,1,Active,N
LN-20256,2025-03-01,341401.54,2099.62,0,Current,1,Active,N
LN-20256,2025-04-01,238873.49,1469.07,0,Current,1,Active,N
LN-20256,2025-05-01,267556.03,1645.47,0,Current,1,Active,N
LN-20256,2025-06-01,283611.88,1744.21,0,Current,1,Active,N
LN-20256,2025-07-01,260457.93,1601.82,0,Current,1,Active,N
LN-20256,2025-08-01,223819.03,1376.49,0,Current,1,Active,N
LN-20256,2025-09-01,241708.88,1486.51,0,Current,1,Active,N
LN-20256,2025-10-01,185896.38,1143.26,0,Current,1,Active,N
LN-20256,2025-11-01,172554.63,1061.21,0,Current,1,Active,N
LN-20256,2025-12-01,100010.24,615.06,0,Current,1,Active,N
LN-20256,2026-01-01,217857.24,1339.82,0,Current,1,Active,N
LN-20256,2026-02-01,307607.13,1891.78,0,Current,1,Active,N
LN-20256,2026-03-01,329244.72,2024.86,0,Current,1,Active,N
LN-20256,2026-04-01,307928.29,1893.76,0,Current,1,Active,N
LN-20256,2026-05-01,322047.36,1980.59,0,Current,1,Active,N
LN-20256,2026-06-01,284827.52,1751.69,0,Current,1,Active,N
LN-20256,2026-07-01,233351.71,1435.11,0,Current,1,Active,N
LN-20257,2024-08-01,227650.46,15085.32,0,Current,2,Active,N
LN-20257,2024-09-01,214151.1,15085.32,0,Current,2,Active,N
LN-20257,2024-10-01,200557.71,15085.32,0,Current,2,Active,N
LN-20257,2024-11-01,186869.61,15085.32,0,Current,2,Active,N
LN-20257,2024-12-01,173086.15,15085.32,0,Current,2,Active,N
LN-20257,2025-01-01,159206.66,15085.32,0,Current,2,Active,N
LN-20257,2025-02-01,145230.48,15085.32,0,Current,2,Active,N
LN-20257,2025-03-01,131156.94,15085.32,0,Current,2,Active,N
LN-20257,2025-04-01,116985.35,15085.32,0,Current,2,Active,N
LN-20257,2025-05-01,102715.03,15085.32,0,Current,2,Active,N
LN-20257,2025-06-01,88345.29,15085.32,0,Current,2,Active,N
LN-20257,2025-07-01,73875.45,15085.32,0,Current,2,Active,N
LN-20257,2025-08-01,59304.79,15085.32,0,Current,2,Active,N
LN-20257,2025-09-01,44632.63,15085.32,0,Current,2,Active,N
LN-20257,2025-10-01,29858.26,15085.32,0,Current,2,Active,N
LN-20257,2025-11-01,14980.95,15085.32,0,Current,2,Active,N
LN-20258,2024-12-01,16724.75,116.52,0,Current,1,Active,N
LN-20258,2025-01-01,40386.9,281.36,0,Current,1,Active,N
LN-20258,2025-02-01,35822.0,249.56,0,Current,1,Active,N
LN-20258,2025-03-01,43525.89,303.23,0,Current,1,Active,N
LN-20258,2025-04-01,50163.12,349.47,0,Current,1,Active,N
LN-20258,2025-05-01,49696.76,346.22,0,Current,1,Active,N
LN-20258,2025-06-01,58578.54,408.1,0,Current,1,Active,N
LN-20258,2025-07-01,47161.93,328.56,0,Current,1,Active,N
LN-20258,2025-08-01,35613.64,248.11,0,Current,1,Active,N
LN-20258,2025-09-01,44167.74,307.7,0,Current,1,Active,N
LN-20258,2025-10-01,19786.14,137.84,0,Current,1,Active,N
LN-20258,2025-11-01,29826.87,207.79,0,Current,1,Active,N
LN-20258,2025-12-01,29019.99,202.17,0,Current,1,Active,N
LN-20258,2026-01-01,39470.92,274.98,0,Current,1,Active,N
LN-20258,2026-02-01,38184.04,266.02,0,Current,1,Active,N
LN-20258,2026-03-01,45353.42,315.96,0,Current,1,Active,N
LN-20258,2026-04-01,63888.14,445.09,0,Current,1,Active,N
LN-20258,2026-05-01,53827.62,375.0,0,Current,1,Active,N
LN-20258,2026-06-01,43986.47,306.44,0,Current,1,Active,N
LN-20258,2026-07-01,29299.03,204.12,0,Current,1,Active,N
LN-20259,2025-04-01,305200.0,6131.55,0,Current,1,Active,N
LN-20259,2025-05-01,301003.93,6131.55,0,Current,1,Active,N
LN-20259,2025-06-01,296781.25,6131.55,0,Current,1,Active,N
LN-20259,2025-07-01,292531.79,6131.55,0,Current,1,Active,N
LN-20259,2025-08-01,288255.38,6131.55,0,Current,1,Active,N
LN-20259,2025-09-01,283951.85,6131.55,0,Current,1,Active,N
LN-20259,2025-10-01,279621.03,6131.55,0,Current,1,Active,N
LN-20259,2025-11-01,275262.75,6131.55,0,Current,1,Active,N
LN-20259,2025-12-01,270876.82,6131.55,0,Current,1,Active,N
LN-20259,2026-01-01,266463.09,6131.55,0,Current,1,Active,N
LN-20259,2026-02-01,262021.36,6131.55,0,Current,1,Active,N
LN-20259,2026-03-01,257551.46,6131.55,0,Current,1,Active,N
LN-20259,2026-04-01,253053.22,6131.55,0,Current,1,Active,N
LN-20259,2026-05-01,248526.45,6131.55,0,Current,1,Active,N
LN-20259,2026-06-01,243970.98,6131.55,0,Current,1,Active,N
LN-20259,2026-07-01,239386.61,6131.55,0,Current,1,Active,N
LN-20260,2026-01-01,657600.0,4650.75,0,Current,1,Active,N
LN-20260,2026-02-01,656149.57,4650.75,0,Current,1,Active,N
LN-20260,2026-03-01,654692.08,4650.75,0,Current,1,Active,N
LN-20260,2026-04-01,653227.49,4650.75,0,Current,1,Active,N
LN-20260,2026-05-01,651755.78,4650.75,0,Current,1,Active,N
LN-20260,2026-06-01,650276.9,4650.75,0,Current,1,Active,N
LN-20260,2026-07-01,648790.83,4650.75,0,Current,1,Active,N
LN-20261,2026-01-01,756000.0,14813.26,0,Current,1,Active,N
LN-20261,2026-02-01,745319.54,14813.26,0,Current,1,Active,N
LN-20261,2026-03-01,734580.69,14813.26,0,Current,1,Active,N
LN-20261,2026-04-01,723783.13,14813.26,0,Current,1,Active,N
LN-20261,2026-05-01,712926.55,14813.26,0,Current,1,Active,N
LN-20261,2026-06-01,702010.61,14813.26,0,Current,1,Active,N
LN-20261,2026-07-01,691035.01,14813.26,0,Current,1,Active,N
LN-20262,2024-08-01,304892.58,6701.49,0,Current,1,Active,N
LN-20262,2024-09-01,299964.55,6701.49,0,Current,1,Active,N
LN-20262,2024-10-01,295007.85,6701.49,0,Current,1,Active,N
LN-20262,2024-11-01,290022.32,6701.49,0,Current,1,Active,N
LN-20262,2024-12-01,285007.79,6701.49,0,Current,1,Active,N
LN-20262,2025-01-01,279964.1,6701.49,0,Current,1,Active,N
LN-20262,2025-02-01,274891.06,6701.49,0,Current,1,Active,N
LN-20262,2025-03-01,269788.52,6701.49,0,Current,1,Active,N
LN-20262,2025-04-01,264656.3,6701.49,0,Current,1,Active,N
LN-20262,2025-05-01,259494.23,6701.49,0,Current,1,Active,N
LN-20262,2025-06-01,254302.13,6701.49,0,Current,1,Active,N
LN-20262,2025-07-01,249079.82,6701.49,0,Current,1,Active,N
LN-20262,2025-08-01,243827.15,6701.49,0,Current,1,Active,N
LN-20262,2025-09-01,238543.92,6701.49,0,Current,1,Active,N
LN-20262,2025-10-01,233229.96,6701.49,0,Current,1,Active,N
LN-20262,2025-11-01,227885.09,6701.49,0,Current,1,Active,N
LN-20262,2025-12-01,222509.13,6701.49,0,Current,1,Active,N
LN-20262,2026-01-01,217101.9,6701.49,0,Current,1,Active,N
LN-20262,2026-02-01,211663.22,6701.49,0,Current,1,Active,N
LN-20262,2026-03-01,206192.9,6701.49,0,Current,1,Active,N
LN-20262,2026-04-01,200690.76,6701.49,0,Current,1,Active,N
LN-20262,2026-05-01,195156.62,6701.49,0,Current,1,Active,N
LN-20262,2026-06-01,189590.29,6701.49,0,Current,1,Active,N
LN-20262,2026-07-01,183991.58,6701.49,0,Current,1,Active,N
LN-20263,2024-08-01,302911.39,2069.89,0,Current,2,Active,N
LN-20263,2024-09-01,281141.78,1921.14,0,Current,2,Active,N
LN-20263,2024-10-01,249319.11,1703.68,0,Current,2,Active,N
LN-20263,2024-11-01,202227.28,1381.89,0,Current,2,Active,N
LN-20263,2024-12-01,214935.04,1468.72,0,Current,2,Active,N
LN-20263,2025-01-01,247201.83,1689.21,0,Current,2,Active,N
LN-20263,2025-02-01,362133.81,2474.58,0,Current,2,Active,N
LN-20263,2025-03-01,396816.02,2711.58,0,Current,2,Active,N
LN-20263,2025-04-01,258242.15,1764.65,0,Current,2,Active,N
LN-20263,2025-05-01,395721.18,2704.09,0,Current,2,Active,N
LN-20263,2025-06-01,335456.4,2292.29,0,Current,2,Active,N
LN-20263,2025-07-01,277947.36,1899.31,0,Current,2,Active,N
LN-20263,2025-08-01,261947.47,1789.97,0,Current,2,Active,N
LN-20263,2025-09-01,227405.71,1553.94,0,Current,2,Active,N
LN-20263,2025-10-01,130941.7,894.77,0,Current,2,Active,N
LN-20263,2025-11-01,209524.32,1431.75,0,Current,2,Active,N
LN-20263,2025-12-01,227115.37,1551.96,0,Current,2,Active,N
LN-20263,2026-01-01,346823.14,2369.96,0,Current,2,Active,N
LN-20263,2026-02-01,280110.78,1914.09,0,Current,2,Active,N
LN-20263,2026-03-01,358463.81,2449.5,0,Current,2,Active,N
LN-20263,2026-04-01,353421.2,2415.04,0,Current,2,Active,N
LN-20263,2026-05-01,308310.58,2106.79,0,Current,2,Active,N
LN-20263,2026-06-01,380286.75,2598.63,0,Current,2,Active,N
LN-20263,2026-07-01,296936.55,2029.07,0,Current,2,Active,N
LN-20264,2024-08-01,1186856.03,12537.77,0,Current,2,Active,N
LN-20264,2024-09-01,1180737.17,12537.77,0,Current,2,Active,N
LN-20264,2024-10-01,1174585.22,12537.77,0,Current,2,Active,N
LN-20264,2024-11-01,1168400.0,12537.77,0,Current,2,Active,N
LN-20264,2024-12-01,1162181.32,12537.77,0,Current,2,Active,N
LN-20264,2025-01-01,1155929.01,12537.77,0,Current,2,Active,N
LN-20264,2025-02-01,1149642.89,12537.77,0,Current,2,Active,N
LN-20264,2025-03-01,1143322.77,12537.77,0,Current,2,Active,N
LN-20264,2025-04-01,1136968.47,12537.77,0,Current,2,Active,N
LN-20264,2025-05-01,1130579.8,12537.77,0,Current,2,Active,N
LN-20264,2025-06-01,1124156.58,12537.77,0,Current,2,Active,N
LN-20264,2025-07-01,1117698.62,12537.77,0,Current,2,Active,N
LN-20264,2025-08-01,1111205.74,12537.77,0,Current,2,Active,N
LN-20264,2025-09-01,1104677.74,12537.77,0,Current,2,Active,N
LN-20264,2025-10-01,1098114.43,12537.77,0,Current,2,Active,N
LN-20264,2025-11-01,1091515.63,12537.77,0,Current,2,Active,N
LN-20264,2025-12-01,1084881.13,12537.77,0,Current,2,Active,N
LN-20264,2026-01-01,1078210.76,12537.77,0,Current,2,Active,N
LN-20264,2026-02-01,1071504.31,12537.77,0,Current,2,Active,N
LN-20264,2026-03-01,1064761.59,12537.77,0,Current,2,Active,N
LN-20264,2026-04-01,1057982.4,12537.77,0,Current,2,Active,N
LN-20264,2026-05-01,1051166.55,12537.77,0,Current,2,Active,N
LN-20264,2026-06-01,1044313.84,12537.77,0,Current,2,Active,N
LN-20264,2026-07-01,1037424.07,12537.77,0,Current,2,Active,N
LN-20266,2025-02-01,1236600.0,25156.73,0,Current,2,Active,N
LN-20266,2025-03-01,1219831.54,25156.73,0,Current,2,Active,N
LN-20266,2025-04-01,1202949.34,25156.73,0,Current,2,Active,N
LN-20266,2025-05-01,1185952.62,25156.73,0,Current,2,Active,N
LN-20266,2025-06-01,1168840.61,25156.73,0,Current,2,Active,N
LN-20266,2025-07-01,1151612.52,25156.73,0,Current,2,Active,N
LN-20266,2025-08-01,1134267.57,25156.73,0,Current,2,Active,N
LN-20266,2025-09-01,1116804.96,25156.73,0,Current,2,Active,N
LN-20266,2025-10-01,1099223.89,25156.73,0,Current,2,Active,N
LN-20266,2025-11-01,1081523.57,25156.73,0,Current,2,Active,N
LN-20266,2025-12-01,1063703.18,25156.73,0,Current,2,Active,N
LN-20266,2026-01-01,1045761.9,25156.73,0,Current,2,Active,N
LN-20266,2026-02-01,1027698.93,25156.73,0,Current,2,Active,N
LN-20266,2026-03-01,1009513.43,25156.73,0,Current,2,Active,N
LN-20266,2026-04-01,991204.57,25156.73,0,Current,2,Active,N
LN-20266,2026-05-01,972771.51,25156.73,0,Current,2,Active,N
LN-20266,2026-06-01,954213.42,25156.73,0,Current,2,Active,N
LN-20266,2026-07-01,935529.44,25156.73,0,Current,2,Active,N
LN-20267,2024-08-01,719504.33,8222.29,0,Current,2,Active,N
LN-20267,2024-09-01,715185.35,8222.29,0,Current,2,Active,N
LN-20267,2024-10-01,710842.95,8222.29,0,Current,2,Active,N
LN-20267,2024-11-01,706476.99,8222.29,0,Current,2,Active,N
LN-20267,2024-12-01,702087.34,8222.29,0,Current,2,Active,N
LN-20267,2025-01-01,697673.88,8222.29,0,Current,2,Active,N
LN-20267,2025-02-01,693236.47,8222.29,0,Current,2,Active,N
LN-20267,2025-03-01,688774.99,8222.29,0,Current,2,Active,N
LN-20267,2025-04-01,684289.31,8222.29,0,Current,2,Active,N
LN-20267,2025-05-01,679779.3,8222.29,0,Current,2,Active,N
LN-20267,2025-06-01,675244.81,8222.29,0,Current,2,Active,N
LN-20267,2025-07-01,670685.73,8222.29,0,Current,2,Active,N
LN-20267,2025-08-01,666101.91,8222.29,0,Current,2,Active,N
LN-20267,2025-09-01,661493.23,8222.29,0,Current,2,Active,N
LN-20267,2025-10-01,656859.55,8222.29,0,Current,2,Active,N
LN-20267,2025-11-01,652200.72,8222.29,0,Current,2,Active,N
LN-20267,2025-12-01,647516.63,8222.29,0,Current,2,Active,N
LN-20267,2026-01-01,642807.12,8222.29,0,Current,2,Active,N
LN-20267,2026-02-01,638072.06,8222.29,0,Current,2,Active,N
LN-20267,2026-03-01,633311.32,8222.29,0,Current,2,Active,N
LN-20267,2026-04-01,628524.74,8222.29,0,Current,2,Active,N
LN-20267,2026-05-01,623712.21,8222.29,0,Current,2,Active,N
LN-20267,2026-06-01,618873.56,8222.29,0,Current,2,Active,N
LN-20267,2026-07-01,614008.66,8222.29,0,Current,2,Active,N
LN-20268,2025-09-01,96823.91,714.88,0,Current,2,Active,N
LN-20268,2025-10-01,56403.44,416.45,0,Current,2,Active,N
LN-20268,2025-11-01,53799.15,397.22,0,Current,2,Active,N
LN-20268,2025-12-01,48174.61,355.69,0,Current,2,Active,N
LN-20268,2026-01-01,56651.39,418.28,0,Current,2,Active,N
LN-20268,2026-02-01,39690.14,293.05,0,Current,2,Active,N
LN-20268,2026-03-01,105665.17,780.16,0,Current,2,Active,N
LN-20268,2026-04-01,113753.12,839.88,0,Current,2,Active,N
LN-20268,2026-05-01,88302.68,651.97,0,Current,2,Active,N
LN-20268,2026-06-01,64695.36,477.67,0,Current,2,Active,N
LN-20268,2026-07-01,60697.47,448.15,0,Current,2,Active,N
LN-20269,2025-06-01,255000.0,3812.58,0,Current,1,Active,N
LN-20269,2025-07-01,252613.29,3812.58,0,Current,1,Active,N
LN-20269,2025-08-01,250213.24,3812.58,0,Current,1,Active,N
LN-20269,2025-09-01,247799.76,3812.58,0,Current,1,Active,N
LN-20269,2025-10-01,245372.79,3812.58,0,Current,1,Active,N
LN-20269,2025-11-01,242932.25,3812.58,0,Current,1,Active,N
LN-20269,2025-12-01,240478.06,3812.58,0,Current,1,Active,N
LN-20269,2026-01-01,238010.15,3812.58,0,Current,1,Active,N
LN-20269,2026-02-01,235528.44,3812.58,0,Current,1,Active,N
LN-20269,2026-03-01,233032.85,3812.58,0,Current,1,Active,N
LN-20269,2026-04-01,230523.31,3812.58,0,Current,1,Active,N
LN-20269,2026-05-01,227999.73,3812.58,0,Current,1,Active,N
LN-20269,2026-06-01,225462.05,3812.58,0,Current,1,Active,N
LN-20269,2026-07-01,222910.17,3812.58,0,Current,1,Active,N
LN-20270,2024-08-01,475369.88,13199.07,0,Current,1,Active,N
LN-20270,2024-09-01,465177.52,13199.07,0,Current,1,Active,N
LN-20270,2024-10-01,454920.69,13199.07,0,Current,1,Active,N
LN-20270,2024-11-01,444598.99,13199.07,0,Current,1,Active,N
LN-20270,2024-12-01,434212.01,13199.07,0,Current,1,Active,N
LN-20270,2025-01-01,423759.33,13199.07,0,Current,1,Active,N
LN-20270,2025-02-01,413240.53,13199.07,0,Current,1,Active,N
LN-20270,2025-03-01,402655.21,13199.07,0,Current,1,Active,N
LN-20270,2025-04-01,392002.93,13199.07,0,Current,1,Active,N
LN-20270,2025-05-01,381283.27,13199.07,0,Current,1,Active,N
LN-20270,2025-06-01,370495.82,13199.07,0,Current,1,Active,N
LN-20270,2025-07-01,359640.13,13199.07,0,Current,1,Active,N
LN-20270,2025-08-01,348715.78,13199.07,0,Current,1,Active,N
LN-20270,2025-09-01,337722.34,13199.07,0,Current,1,Active,N
LN-20270,2025-10-01,326659.36,13199.07,0,Current,1,Active,N
LN-20270,2025-11-01,315526.4,13199.07,0,Current,1,Active,N
LN-20270,2025-12-01,304323.04,13199.07,0,Current,1,Active,N
LN-20270,2026-01-01,293048.81,13199.07,0,Current,1,Active,N
LN-20270,2026-02-01,281703.27,13199.07,0,Current,1,Active,N
LN-20270,2026-03-01,270285.97,13199.07,0,Current,1,Active,N
LN-20270,2026-04-01,258796.45,13199.07,0,Current,1,Active,N
LN-20270,2026-05-01,247234.27,13199.07,0,Current,1,Active,N
LN-20270,2026-06-01,235598.95,13199.07,0,Current,1,Active,N
LN-20270,2026-07-01,223890.04,13199.07,0,Current,1,Active,N
LN-20271,2024-09-01,46740.96,346.27,0,Current,1,Active,N
LN-20271,2024-10-01,29726.96,220.23,0,Current,1,Active,N
LN-20271,2024-11-01,33234.81,246.21,0,Current,1,Active,N
LN-20271,2024-12-01,33457.06,247.86,0,Current,1,Active,N
LN-20271,2025-01-01,45198.42,334.84,0,Current,1,Active,N
LN-20271,2025-02-01,53914.28,399.41,0,Current,1,Active,N
LN-20271,2025-03-01,59592.22,441.48,0,Current,1,Active,N
LN-20271,2025-04-01,58680.85,434.73,0,Current,1,Active,N
LN-20271,2025-05-01,58940.57,436.65,0,Current,1,Active,N
LN-20271,2025-06-01,55247.35,409.29,0,Current,1,Active,N
LN-20271,2025-07-01,34515.57,255.7,0,Current,1,Active,N
LN-20271,2025-08-01,44996.24,333.35,0,Current,1,Active,N
LN-20271,2025-09-01,55864.16,413.86,0,Current,1,Active,N
LN-20271,2025-10-01,31399.9,232.62,0,Current,1,Active,N
LN-20271,2025-11-01,17803.9,131.9,0,Current,1,Active,N
LN-20271,2025-12-01,39385.94,291.78,0,Current,1,Active,N
LN-20271,2026-01-01,43711.33,323.83,0,Current,1,Active,N
LN-20271,2026-02-01,53739.02,398.12,0,Current,1,Active,N
LN-20271,2026-03-01,60604.66,448.98,0,Current,1,Active,N
LN-20271,2026-04-01,57120.61,423.17,0,Current,1,Active,N
LN-20271,2026-05-01,63129.93,467.69,0,Current,1,Active,N
LN-20271,2026-06-01,56756.19,420.47,0,Current,1,Active,N
LN-20271,2026-07-01,35783.86,265.1,0,Current,1,Active,N
LN-20272,2026-02-01,731300.0,14705.93,0,Current,1,Active,N
LN-20272,2026-03-01,721256.1,14705.93,0,Current,1,Active,N
LN-20272,2026-04-01,711148.18,14705.93,0,Current,1,Active,N
LN-20272,2026-05-01,700975.81,14705.93,0,Current,1,Active,N
LN-20272,2026-06-01,690738.6,14705.93,0,Current,1,Active,N
LN-20272,2026-07-01,680436.12,14705.93,0,Current,1,Active,N
LN-20273,2025-07-01,612600.0,12500.63,0,Current,1,Active,N
LN-20273,2025-08-01,604321.21,12500.63,0,Current,1,Active,N
LN-20273,2025-09-01,595985.36,12500.63,0,Current,1,Active,N
LN-20273,2025-10-01,587592.06,12500.63,0,Current,1,Active,N
LN-20273,2025-11-01,579140.92,12500.63,0,Current,1,Active,N
LN-20273,2025-12-01,570631.54,12500.63,0,Current,1,Active,N
LN-20273,2026-01-01,562063.51,12500.63,0,Current,1,Active,N
LN-20273,2026-02-01,553436.44,12500.63,0,Current,1,Active,N
LN-20273,2026-03-01,544749.91,12500.63,0,Current,1,Active,N
LN-20273,2026-04-01,536003.51,12500.63,0,Current,1,Active,N
LN-20273,2026-05-01,527196.84,12500.63,0,Current,1,Active,N
LN-20273,2026-06-01,518329.48,12500.63,0,Current,1,Active,N
LN-20273,2026-07-01,509401.0,12500.63,0,Current,1,Active,N
LN-20274,2025-04-01,284500.0,4339.91,16,1-29 Days,1,Active,N
LN-20274,2025-05-01,281897.91,4339.91,0,Current,1,Active,N
LN-20274,2025-06-01,279279.93,4339.91,0,Current,1,Active,N
LN-20274,2025-07-01,276645.96,4339.91,0,Current,1,Active,N
LN-20274,2025-08-01,273995.9,4339.91,0,Current,1,Active,N
LN-20274,2025-09-01,271329.65,4339.91,0,Current,1,Active,N
LN-20274,2025-10-01,268647.11,4339.91,0,Current,1,Active,N
LN-20274,2025-11-01,265948.19,4339.91,0,Current,1,Active,N
LN-20274,2025-12-01,263232.78,4339.91,0,Current,1,Active,N
LN-20274,2026-01-01,260500.79,4339.91,0,Current,1,Active,N
LN-20274,2026-02-01,257752.1,4339.91,0,Current,1,Active,N
LN-20274,2026-03-01,254986.63,4339.91,0,Current,1,Active,N
LN-20274,2026-04-01,252204.27,4339.91,0,Current,1,Active,N
LN-20274,2026-05-01,249404.91,4339.91,0,Current,1,Active,N
LN-20274,2026-06-01,246588.45,4339.91,0,Current,1,Active,N
LN-20274,2026-07-01,243754.78,4339.91,0,Current,1,Active,N
LN-20275,2024-08-01,491026.88,10358.97,0,Current,1,Active,N
LN-20275,2024-09-01,483348.1,10358.97,0,Current,1,Active,N
LN-20275,2024-10-01,475627.41,10358.97,0,Current,1,Active,N
LN-20275,2024-11-01,467864.57,10358.97,0,Current,1,Active,N
LN-20275,2024-12-01,460059.37,10358.97,0,Current,1,Active,N
LN-20275,2025-01-01,452211.55,10358.97,0,Current,1,Active,N
LN-20275,2025-02-01,444320.91,10358.97,0,Current,1,Active,N
LN-20275,2025-03-01,436387.19,10358.97,0,Current,1,Active,N
LN-20275,2025-04-01,428410.17,10358.97,0,Current,1,Active,N
LN-20275,2025-05-01,420389.61,10358.97,0,Current,1,Active,N
LN-20275,2025-06-01,412325.27,10358.97,0,Current,1,Active,N
LN-20275,2025-07-01,404216.91,10358.97,0,Current,1,Active,N
LN-20275,2025-08-01,396064.29,10358.97,0,Current,1,Active,N
LN-20275,2025-09-01,387867.17,10358.97,0,Current,1,Active,N
LN-20275,2025-10-01,379625.31,10358.97,0,Current,1,Active,N
LN-20275,2025-11-01,371338.47,10358.97,0,Current,1,Active,N
LN-20275,2025-12-01,363006.39,10358.97,0,Current,1,Active,N
LN-20275,2026-01-01,354628.83,10358.97,0,Current,1,Active,N
LN-20275,2026-02-01,346205.54,10358.97,0,Current,1,Active,N
LN-20275,2026-03-01,337736.28,10358.97,0,Current,1,Active,N
LN-20275,2026-04-01,329220.79,10358.97,0,Current,1,Active,N
LN-20275,2026-05-01,320658.82,10358.97,0,Current,1,Active,N
LN-20275,2026-06-01,312050.11,10358.97,0,Current,1,Active,N
LN-20275,2026-07-01,303394.42,10358.97,0,Current,1,Active,N
LN-20276,2024-08-01,1615456.63,11293.61,0,Current,1,Active,N
LN-20276,2024-09-01,1611796.05,11293.61,0,Current,1,Active,N
LN-20276,2024-10-01,1608118.17,11293.61,0,Current,1,Active,N
LN-20276,2024-11-01,1604422.92,11293.61,0,Current,1,Active,N
LN-20276,2024-12-01,1600710.2,11293.61,16,1-29 Days,1,Active,Y
LN-20276,2025-01-01,1596979.95,11293.61,4,1-29 Days,1,Active,N
LN-20276,2025-02-01,1593232.06,11293.61,0,Current,1,Active,N
LN-20276,2025-03-01,1589466.47,11293.61,0,Current,1,Active,N
LN-20276,2025-04-01,1585683.08,11293.61,0,Current,1,Active,N
LN-20276,2025-05-01,1581881.82,11293.61,0,Current,1,Active,N
LN-20276,2025-06-01,1578062.6,11293.61,0,Current,1,Active,N
LN-20276,2025-07-01,1574225.33,11293.61,0,Current,1,Active,N
LN-20276,2025-08-01,1570369.93,11293.61,0,Current,1,Active,N
LN-20276,2025-09-01,1566496.32,11293.61,0,Current,1,Active,N
LN-20276,2025-10-01,1562604.4,11293.61,0,Current,1,Active,N
LN-20276,2025-11-01,1558694.09,11293.61,0,Current,1,Active,N
LN-20276,2025-12-01,1554765.31,11293.61,0,Current,1,Active,N
LN-20276,2026-01-01,1550817.96,11293.61,0,Current,1,Active,N
LN-20276,2026-02-01,1546851.96,11293.61,0,Current,1,Active,N
LN-20276,2026-03-01,1542867.22,11293.61,0,Current,1,Active,N
LN-20276,2026-04-01,1538863.65,11293.61,0,Current,1,Active,N
LN-20276,2026-05-01,1534841.17,11293.61,0,Current,1,Active,N
LN-20276,2026-06-01,1530799.68,11293.61,0,Current,1,Active,N
LN-20276,2026-07-01,1526739.1,11293.61,0,Current,1,Active,N
LN-20277,2024-08-01,632920.58,13404.54,0,Current,2,Active,N
LN-20277,2024-09-01,623772.43,13404.54,0,Current,2,Active,N
LN-20277,2024-10-01,614562.76,13404.54,0,Current,2,Active,N
LN-20277,2024-11-01,605291.15,13404.54,0,Current,2,Active,N
LN-20277,2024-12-01,595957.19,13404.54,0,Current,2,Active,N
LN-20277,2025-01-01,586560.46,13404.54,0,Current,2,Active,N
LN-20277,2025-02-01,577100.54,13404.54,0,Current,2,Active,N
LN-20277,2025-03-01,567577.0,13404.54,0,Current,2,Active,N
LN-20277,2025-04-01,557989.41,13404.54,0,Current,2,Active,N
LN-20277,2025-05-01,548337.35,13404.54,0,Current,2,Active,N
LN-20277,2025-06-01,538620.37,13404.54,0,Current,2,Active,N
LN-20277,2025-07-01,528838.06,13404.54,0,Current,2,Active,N
LN-20277,2025-08-01,518989.95,13404.54,0,Current,2,Active,N
LN-20277,2025-09-01,509075.61,13404.54,0,Current,2,Active,N
LN-20277,2025-10-01,499094.61,13404.54,0,Current,2,Active,N
LN-20277,2025-11-01,489046.48,13404.54,0,Current,2,Active,N
LN-20277,2025-12-01,478930.77,13404.54,0,Current,2,Active,N
LN-20277,2026-01-01,468747.04,13404.54,0,Current,2,Active,N
LN-20277,2026-02-01,458494.82,13404.54,0,Current,2,Active,N
LN-20277,2026-03-01,448173.66,13404.54,0,Current,2,Active,N
LN-20277,2026-04-01,437783.08,13404.54,0,Current,2,Active,N
LN-20277,2026-05-01,427322.63,13404.54,0,Current,2,Active,N
LN-20277,2026-06-01,416791.84,13404.54,0,Current,2,Active,N
LN-20277,2026-07-01,406190.22,13404.54,0,Current,2,Active,N
LN-20278,2024-12-01,254200.0,5210.4,0,Current,1,Active,N
LN-20278,2025-01-01,250781.71,5210.4,0,Current,1,Active,N
LN-20278,2025-02-01,247339.31,5210.4,0,Current,1,Active,N
LN-20278,2025-03-01,243872.65,5210.4,0,Current,1,Active,N
LN-20278,2025-04-01,240381.55,5210.4,0,Current,1,Active,N
LN-20278,2025-05-01,236865.84,5210.4,0,Current,1,Active,N
LN-20278,2025-06-01,233325.34,5210.4,0,Current,1,Active,N
LN-20278,2025-07-01,229759.88,5210.4,0,Current,1,Active,N
LN-20278,2025-08-01,226169.29,5210.4,0,Current,1,Active,N
LN-20278,2025-09-01,222553.38,5210.4,0,Current,1,Active,N
LN-20278,2025-10-01,218911.97,5210.4,0,Current,1,Active,N
LN-20278,2025-11-01,215244.9,5210.4,0,Current,1,Active,N
LN-20278,2025-12-01,211551.97,5210.4,0,Current,1,Active,N
LN-20278,2026-01-01,207833.01,5210.4,0,Current,1,Active,N
LN-20278,2026-02-01,204087.83,5210.4,0,Current,1,Active,N
LN-20278,2026-03-01,200316.25,5210.4,0,Current,1,Active,N
LN-20278,2026-04-01,196518.08,5210.4,0,Current,1,Active,N
LN-20278,2026-05-01,192693.12,5210.4,0,Current,1,Active,N
LN-20278,2026-06-01,188841.21,5210.4,0,Current,1,Active,N
LN-20278,2026-07-01,184962.14,5210.4,0,Current,1,Active,N
LN-20279,2024-08-01,180218.36,1126.36,0,Current,2,Active,N
LN-20279,2024-09-01,182954.32,1143.46,0,Current,2,Active,N
LN-20279,2024-10-01,71655.43,447.85,0,Current,2,Active,N
LN-20279,2024-11-01,130137.28,813.36,0,Current,2,Active,N
LN-20279,2024-12-01,78942.16,493.39,0,Current,2,Active,N
LN-20279,2025-01-01,176765.52,1104.78,0,Current,2,Active,N
LN-20279,2025-02-01,122686.59,766.79,0,Current,2,Active,N
LN-20279,2025-03-01,161002.82,1006.27,0,Current,2,Active,N
LN-20279,2025-04-01,148053.8,925.34,0,Current,2,Active,N
LN-20279,2025-05-01,215403.83,1346.27,0,Current,2,Active,N
LN-20279,2025-06-01,199944.59,1249.65,0,Current,2,Active,N
LN-20279,2025-07-01,167524.9,1047.03,0,Current,2,Active,N
LN-20279,2025-08-01,163473.61,1021.71,0,Current,2,Active,N
LN-20279,2025-09-01,126504.67,790.65,0,Current,2,Active,N
LN-20279,2025-10-01,95469.25,596.68,0,Current,2,Active,N
LN-20279,2025-11-01,129566.06,809.79,0,Current,2,Active,N
LN-20279,2025-12-01,119099.32,744.37,0,Current,2,Active,N
LN-20279,2026-01-01,83819.69,523.87,0,Current,2,Active,N
LN-20279,2026-02-01,141854.69,886.59,0,Current,2,Active,N
LN-20279,2026-03-01,162245.6,1014.03,0,Current,2,Active,N
LN-20279,2026-04-01,197713.62,1235.71,0,Current,2,Active,N
LN-20279,2026-05-01,161125.77,1007.04,0,Current,2,Active,N
LN-20279,2026-06-01,192639.63,1204.0,0,Current,2,Active,N
LN-20279,2026-07-01,132933.81,830.84,0,Current,2,Active,N
LN-20280,2024-08-01,822601.16,7456.87,0,Current,3,Active,N
LN-20280,2024-09-01,819120.2,7456.87,0,Current,3,Active,N
LN-20280,2024-10-01,815622.42,7456.87,0,Current,3,Active,N
LN-20280,2024-11-01,812107.73,7456.87,0,Current,3,Active,N
LN-20280,2024-12-01,808576.05,7456.87,0,Current,3,Active,N
LN-20280,2025-01-01,805027.3,7456.87,0,Current,3,Active,N
LN-20280,2025-02-01,801461.4,7456.87,0,Current,3,Active,N
LN-20280,2025-03-01,797878.27,7456.87,0,Current,3,Active,N
LN-20280,2025-04-01,794277.81,7456.87,0,Current,3,Active,N
LN-20280,2025-05-01,790659.96,7456.87,0,Current,3,Active,N
LN-20280,2025-06-01,787024.61,7456.87,0,Current,3,Active,N
LN-20280,2025-07-01,783371.7,7456.87,0,Current,3,Active,N
LN-20280,2025-08-01,779701.13,7456.87,0,Current,3,Active,N
LN-20280,2025-09-01,776012.82,7456.87,0,Current,3,Active,N
LN-20280,2025-10-01,772306.69,7456.87,0,Current,3,Active,N
LN-20280,2025-11-01,768582.64,7456.87,0,Current,3,Active,N
LN-20280,2025-12-01,764840.59,7456.87,0,Current,3,Active,N
LN-20280,2026-01-01,761080.45,7456.87,0,Current,3,Active,N
LN-20280,2026-02-01,757302.14,7456.87,0,Current,3,Active,N
LN-20280,2026-03-01,753505.57,7456.87,0,Current,3,Active,N
LN-20280,2026-04-01,749690.65,7456.87,0,Current,3,Active,N
LN-20280,2026-05-01,745857.29,7456.87,0,Current,3,Active,N
LN-20280,2026-06-01,742005.4,7456.87,0,Current,3,Active,N
LN-20280,2026-07-01,738134.89,7456.87,0,Current,3,Active,N
LN-20281,2024-08-01,213461.32,6560.85,0,Current,1,Active,N
LN-20281,2024-09-01,208090.52,6560.85,0,Current,1,Active,N
LN-20281,2024-10-01,202689.77,6560.85,0,Current,1,Active,N
LN-20281,2024-11-01,197258.91,6560.85,0,Current,1,Active,N
LN-20281,2024-12-01,191797.78,6560.85,0,Current,1,Active,N
LN-20281,2025-01-01,186306.2,6560.85,0,Current,1,Active,N
LN-20281,2025-02-01,180784.0,6560.85,0,Current,1,Active,N
LN-20281,2025-03-01,175231.02,6560.85,0,Current,1,Active,N
LN-20281,2025-04-01,169647.08,6560.85,0,Current,1,Active,N
LN-20281,2025-05-01,164032.01,6560.85,0,Current,1,Active,N
LN-20281,2025-06-01,158385.63,6560.85,0,Current,1,Active,N
LN-20281,2025-07-01,152707.78,6560.85,0,Current,1,Active,N
LN-20281,2025-08-01,146998.27,6560.85,0,Current,1,Active,N
LN-20281,2025-09-01,141256.94,6560.85,0,Current,1,Active,N
LN-20281,2025-10-01,135483.59,6560.85,0,Current,1,Active,N
LN-20281,2025-11-01,129678.06,6560.85,0,Current,1,Active,N
LN-20281,2025-12-01,123840.16,6560.85,0,Current,1,Active,N
LN-20281,2026-01-01,117969.72,6560.85,0,Current,1,Active,N
LN-20281,2026-02-01,112066.55,6560.85,21,1-29 Days,1,Active,Y
LN-20281,2026-03-01,106130.47,6560.85,0,Current,1,Active,N
LN-20281,2026-04-01,100161.29,6560.85,0,Current,1,Active,N
LN-20281,2026-05-01,94158.84,6560.85,0,Current,1,Active,N
LN-20281,2026-06-01,88122.92,6560.85,0,Current,1,Active,N
LN-20281,2026-07-01,82053.35,6560.85,0,Current,1,Active,N
LN-20282,2026-02-01,136826.38,798.15,0,Current,3,Active,N
LN-20282,2026-03-01,159527.27,930.58,0,Current,3,Active,N
LN-20282,2026-04-01,164978.38,962.37,0,Current,3,Active,N
LN-20282,2026-05-01,142867.1,833.39,0,Current,3,Active,N
LN-20282,2026-06-01,126859.15,740.01,0,Current,3,Active,N
LN-20282,2026-07-01,83187.99,485.26,0,Current,3,Active,N
LN-20283,2025-08-01,116157.62,784.06,0,Current,2,Active,N
LN-20283,2025-09-01,192872.68,1301.89,0,Current,2,Active,N
LN-20283,2025-10-01,150422.06,1015.35,0,Current,2,Active,N
LN-20283,2025-11-01,73818.41,498.27,0,Current,2,Active,N
LN-20283,2025-12-01,154948.21,1045.9,0,Current,2,Active,N
LN-20283,2026-01-01,226548.22,1529.2,0,Current,2,Active,N
LN-20283,2026-02-01,195108.37,1316.98,0,Current,2,Active,N
LN-20283,2026-03-01,259328.06,1750.46,0,Current,2,Active,N
LN-20283,2026-04-01,241806.58,1632.19,0,Current,2,Active,N
LN-20283,2026-05-01,257083.22,1735.31,0,Current,2,Active,N
LN-20283,2026-06-01,252327.48,1703.21,0,Current,2,Active,N
LN-20283,2026-07-01,183721.9,1240.12,0,Current,2,Active,N
LN-20284,2024-08-01,47342.55,303.78,0,Current,1,Active,N
LN-20284,2024-09-01,39876.79,255.88,0,Current,1,Active,N
LN-20284,2024-10-01,27270.19,174.98,0,Current,1,Active,N
LN-20284,2024-11-01,35738.62,229.32,0,Current,1,Active,N
LN-20284,2024-12-01,52901.4,339.45,0,Current,1,Active,N
LN-20284,2025-01-01,41064.77,263.5,0,Current,1,Active,N
LN-20284,2025-02-01,35505.49,227.83,0,Current,1,Active,N
LN-20284,2025-03-01,49802.19,319.56,0,Current,1,Active,N
LN-20284,2025-04-01,57616.49,369.71,0,Current,1,Active,N
LN-20284,2025-05-01,63363.2,406.58,0,Current,1,Active,N
LN-20284,2025-06-01,61291.34,393.29,0,Current,1,Active,N
LN-20284,2025-07-01,38296.13,245.73,0,Current,1,Active,N
LN-20284,2025-08-01,48779.61,313.0,0,Current,1,Active,N
LN-20284,2025-09-01,55155.35,353.91,0,Current,1,Active,N
LN-20284,2025-10-01,33900.74,217.53,0,Current,1,Active,N
LN-20284,2025-11-01,24939.0,160.03,0,Current,1,Active,N
LN-20284,2025-12-01,34999.36,224.58,0,Current,1,Active,N
LN-20284,2026-01-01,54652.09,350.68,0,Current,1,Active,N
LN-20284,2026-02-01,40771.48,261.62,0,Current,1,Active,N
LN-20284,2026-03-01,47393.16,304.11,0,Current,1,Active,N
LN-20284,2026-04-01,70444.29,452.02,0,Current,1,Active,N
LN-20284,2026-05-01,52715.86,338.26,0,Current,1,Active,N
LN-20284,2026-06-01,55022.63,353.06,0,Current,1,Active,N
LN-20284,2026-07-01,34940.85,224.2,0,Current,1,Active,N
LN-20285,2024-08-01,609298.19,12600.66,0,Current,1,Active,N
LN-20285,2024-09-01,600891.54,12600.66,0,Current,1,Active,N
LN-20285,2024-10-01,592427.02,12600.66,0,Current,1,Active,N
LN-20285,2024-11-01,583904.23,12600.66,0,Current,1,Active,N
LN-20285,2024-12-01,575322.78,12600.66,0,Current,1,Active,N
LN-20285,2025-01-01,566682.26,12600.66,0,Current,1,Active,N
LN-20285,2025-02-01,557982.26,12600.66,0,Current,1,Active,N
LN-20285,2025-03-01,549222.38,12600.66,0,Current,1,Active,N
LN-20285,2025-04-01,540402.21,12600.66,0,Current,1,Active,N
LN-20285,2025-05-01,531521.32,12600.66,0,Current,1,Active,N
LN-20285,2025-06-01,522579.3,12600.66,0,Current,1,Active,N
LN-20285,2025-07-01,513575.73,12600.66,0,Current,1,Active,N
LN-20285,2025-08-01,504510.18,12600.66,0,Current,1,Active,N
LN-20285,2025-09-01,495382.24,12600.66,0,Current,1,Active,N
LN-20285,2025-10-01,486191.46,12600.66,0,Current,1,Active,N
LN-20285,2025-11-01,476937.42,12600.66,0,Current,1,Active,N
LN-20285,2025-12-01,467619.68,12600.66,0,Current,1,Active,N
LN-20285,2026-01-01,458237.81,12600.66,0,Current,1,Active,N
LN-20285,2026-02-01,448791.35,12600.66,0,Current,1,Active,N
LN-20285,2026-03-01,439279.87,12600.66,0,Current,1,Active,N
LN-20285,2026-04-01,429702.93,12600.66,0,Current,1,Active,N
LN-20285,2026-05-01,420060.06,12600.66,0,Current,1,Active,N
LN-20285,2026-06-01,410350.81,12600.66,0,Current,1,Active,N
LN-20285,2026-07-01,400574.73,12600.66,0,Current,1,Active,N
LN-20286,2025-01-01,1218800.0,10055.89,0,Current,1,Active,N
LN-20286,2025-02-01,1214482.62,10055.89,0,Current,1,Active,N
LN-20286,2025-03-01,1210144.92,10055.89,0,Current,1,Active,N
LN-20286,2025-04-01,1205786.8,10055.89,0,Current,1,Active,N
LN-20286,2025-05-01,1201408.15,10055.89,0,Current,1,Active,N
LN-20286,2025-06-01,1197008.89,10055.89,0,Current,1,Active,N
LN-20286,2025-07-01,1192588.91,10055.89,0,Current,1,Active,N
LN-20286,2025-08-01,1188148.13,10055.89,0,Current,1,Active,N
LN-20286,2025-09-01,1183686.43,10055.89,0,Current,1,Active,N
LN-20286,2025-10-01,1179203.73,10055.89,0,Current,1,Active,N
LN-20286,2025-11-01,1174699.92,10055.89,0,Current,1,Active,N
LN-20286,2025-12-01,1170174.91,10055.89,0,Current,1,Active,N
LN-20286,2026-01-01,1165628.59,10055.89,0,Current,1,Active,N
LN-20286,2026-02-01,1161060.87,10055.89,0,Current,1,Active,N
LN-20286,2026-03-01,1156471.64,10055.89,0,Current,1,Active,N
LN-20286,2026-04-01,1151860.8,10055.89,0,Current,1,Active,N
LN-20286,2026-05-01,1147228.25,10055.89,0,Current,1,Active,N
LN-20286,2026-06-01,1142573.89,10055.89,0,Current,1,Active,N
LN-20286,2026-07-01,1137897.62,10055.89,0,Current,1,Active,N
LN-20287,2024-08-01,69994.33,431.05,0,Current,2,Active,N
LN-20287,2024-09-01,77849.56,479.42,0,Current,2,Active,N
LN-20287,2024-10-01,51838.5,319.24,0,Current,2,Active,N
LN-20287,2024-11-01,53377.2,328.71,0,Current,2,Active,N
LN-20287,2024-12-01,63268.57,389.63,0,Current,2,Active,N
LN-20287,2025-01-01,38663.21,238.1,0,Current,2,Active,N
LN-20287,2025-02-01,68161.38,419.76,0,Current,2,Active,N
LN-20287,2025-03-01,66205.83,407.72,0,Current,2,Active,N
LN-20287,2025-04-01,63975.74,393.98,0,Current,2,Active,N
LN-20287,2025-05-01,90191.94,555.43,0,Current,2,Active,N
LN-20287,2025-06-01,78095.2,480.94,0,Current,2,Active,N
LN-20287,2025-07-01,66202.11,407.69,49,30-59 Days,2,Active,Y
LN-20287,2025-08-01,62294.49,383.63,54,30-59 Days,2,Active,N
LN-20287,2025-09-01,79192.07,487.69,0,Current,2,Active,N
LN-20287,2025-10-01,48160.46,296.59,0,Current,2,Active,N
LN-20287,2025-11-01,49233.02,303.19,0,Current,2,Active,N
LN-20287,2025-12-01,37555.63,231.28,0,Current,2,Active,N
LN-20287,2026-01-01,50685.6,312.14,0,Current,2,Active,N
LN-20287,2026-02-01,69189.98,426.09,0,Current,2,Active,N
LN-20287,2026-03-01,99133.21,610.5,0,Current,2,Active,N
LN-20287,2026-04-01,101977.5,628.01,0,Current,2,Active,N
LN-20287,2026-05-01,92228.76,567.98,0,Current,2,Active,N
LN-20287,2026-06-01,106734.21,657.3,0,Current,2,Active,N
LN-20287,2026-07-01,75764.87,466.59,0,Current,2,Active,N
LN-20288,2024-08-01,636678.37,9824.54,0,Current,3,Active,N
LN-20288,2024-09-01,631220.39,9824.54,0,Current,3,Active,N
LN-20288,2024-10-01,625724.97,9824.54,0,Current,3,Active,N
LN-20288,2024-11-01,620191.86,9824.54,0,Current,3,Active,N
LN-20288,2024-12-01,614620.8,9824.54,0,Current,3,Active,N
LN-20288,2025-01-01,609011.54,9824.54,0,Current,3,Active,N
LN-20288,2025-02-01,603363.8,9824.54,0,Current,3,Active,N
LN-20288,2025-03-01,597677.33,9824.54,20,1-29 Days,3,Active,Y
LN-20288,2025-04-01,591951.86,9824.54,5,1-29 Days,3,Active,N
LN-20288,2025-05-01,586187.13,9824.54,0,Current,3,Active,N
LN-20288,2025-06-01,580382.86,9824.54,0,Current,3,Active,N
LN-20288,2025-07-01,574538.78,9824.54,0,Current,3,Active,N
LN-20288,2025-08-01,568654.62,9824.54,0,Current,3,Active,N
LN-20288,2025-09-01,562730.1,9824.54,0,Current,3,Active,N
LN-20288,2025-10-01,556764.95,9824.54,0,Current,3,Active,N
LN-20288,2025-11-01,550758.89,9824.54,0,Current,3,Active,N
LN-20288,2025-12-01,544711.64,9824.54,74,60-89 Days,4,Active,Y
LN-20288,2026-01-01,538622.92,9824.54,85,60-89 Days,4,Active,N
LN-20288,2026-02-01,532492.43,9824.54,179,90+ Days,4,Active,Y
LN-20288,2026-03-01,526319.9,9824.54,135,90+ Days,4,Delinquent - Default Pending,N
LN-20289,2026-05-01,338400.0,6644.99,0,Current,1,Active,N
LN-20289,2026-06-01,333630.31,6644.99,0,Current,1,Active,N
LN-20289,2026-07-01,328834.2,6644.99,0,Current,1,Active,N
LN-20290,2026-02-01,261538.78,1774.1,0,Current,1,Active,N
LN-20290,2026-03-01,340759.6,2311.49,0,Current,1,Active,N
LN-20290,2026-04-01,373047.78,2530.51,0,Current,1,Active,N
LN-20290,2026-05-01,305878.93,2074.88,0,Current,1,Active,N
LN-20290,2026-06-01,384637.33,2609.12,0,Current,1,Active,N
LN-20290,2026-07-01,276389.13,1874.84,0,Current,1,Active,N
LN-20291,2024-08-01,139900.49,1000.29,0,Current,1,Active,N
LN-20291,2024-09-01,115565.17,826.29,0,Current,1,Active,N
LN-20291,2024-10-01,101833.76,728.11,0,Current,1,Active,N
LN-20291,2024-11-01,115840.66,828.26,0,Current,1,Active,N
LN-20291,2024-12-01,86062.87,615.35,0,Current,1,Active,N
LN-20291,2025-01-01,130508.46,933.14,0,Current,1,Active,N
LN-20291,2025-02-01,128904.43,921.67,0,Current,1,Active,N
LN-20291,2025-03-01,153626.0,1098.43,0,Current,1,Active,N
LN-20291,2025-04-01,186499.86,1333.47,0,Current,1,Active,N
LN-20291,2025-05-01,183467.32,1311.79,0,Current,1,Active,N
LN-20291,2025-06-01,203756.96,1456.86,0,Current,1,Active,N
LN-20291,2025-07-01,149196.84,1066.76,0,Current,1,Active,N
LN-20291,2025-08-01,136751.95,977.78,0,Current,1,Active,N
LN-20291,2025-09-01,129092.62,923.01,0,Current,1,Active,N
LN-20291,2025-10-01,87209.19,623.55,0,Current,1,Active,N
LN-20291,2025-11-01,106259.69,759.76,0,Current,1,Active,N
LN-20291,2025-12-01,128981.2,922.22,0,Current,1,Active,N
LN-20291,2026-01-01,88713.46,634.3,0,Current,1,Active,N
LN-20291,2026-02-01,124936.11,893.29,0,Current,1,Active,N
LN-20291,2026-03-01,180338.7,1289.42,0,Current,1,Active,N
LN-20291,2026-04-01,164041.22,1172.89,0,Current,1,Active,N
LN-20291,2026-05-01,208882.75,1493.51,0,Current,1,Active,N
LN-20291,2026-06-01,164749.89,1177.96,0,Current,1,Active,N
LN-20291,2026-07-01,143405.75,1025.35,0,Current,1,Active,N
LN-20292,2024-08-01,201293.79,1313.44,0,Current,2,Active,N
LN-20292,2024-09-01,277620.46,1811.47,0,Current,2,Active,N
LN-20292,2024-10-01,163111.56,1064.3,0,Current,2,Active,N
LN-20292,2024-11-01,256889.18,1676.2,0,Current,2,Active,N
LN-20292,2024-12-01,180500.06,1177.76,0,Current,2,Active,N
LN-20292,2025-01-01,157924.55,1030.46,0,Current,2,Active,N
LN-20292,2025-02-01,309655.22,2020.5,0,Current,2,Active,N
LN-20292,2025-03-01,360485.53,2352.17,0,Current,2,Active,N
LN-20292,2025-04-01,329730.36,2151.49,0,Current,2,Active,N
LN-20292,2025-05-01,355137.93,2317.27,0,Current,2,Active,N
LN-20292,2025-06-01,381643.18,2490.22,0,Current,2,Active,N
LN-20292,2025-07-01,165732.04,1081.4,0,Current,2,Active,N
LN-20292,2025-08-01,204629.13,1335.21,0,Current,2,Active,N
LN-20292,2025-09-01,206427.55,1346.94,0,Current,2,Active,N
LN-20292,2025-10-01,158158.98,1031.99,0,Current,2,Active,N
LN-20292,2025-11-01,193516.52,1262.7,0,Current,2,Active,N
LN-20292,2025-12-01,187743.33,1225.03,0,Current,2,Active,N
LN-20292,2026-01-01,293343.89,1914.07,0,Current,2,Active,N
LN-20292,2026-02-01,277065.24,1807.85,0,Current,2,Active,N
LN-20292,2026-03-01,304129.57,1984.45,0,Current,2,Active,N
LN-20292,2026-04-01,324524.52,2117.52,0,Current,2,Active,N
LN-20292,2026-05-01,293223.22,1913.28,0,Current,2,Active,N
LN-20292,2026-06-01,307830.02,2008.59,0,Current,2,Active,N
LN-20292,2026-07-01,355256.58,2318.05,0,Current,2,Active,N
LN-20293,2024-08-01,48883.24,358.07,12,1-29 Days,2,Active,N
LN-20293,2024-09-01,26543.49,194.43,27,1-29 Days,2,Active,N
LN-20293,2024-10-01,53487.95,391.8,0,Current,2,Active,N
LN-20293,2024-11-01,22934.75,168.0,0,Current,2,Active,N
LN-20293,2024-12-01,38960.87,285.39,0,Current,2,Active,N
LN-20293,2025-01-01,32887.33,240.9,27,1-29 Days,2,Active,Y
LN-20293,2025-02-01,59495.4,435.8,27,1-29 Days,2,Active,N
LN-20293,2025-03-01,59680.19,437.16,4,1-29 Days,2,Active,N
LN-20293,2025-04-01,62916.88,460.87,17,1-29 Days,2,Active,N
LN-20293,2025-05-01,61546.87,450.83,28,1-29 Days,2,Active,N
LN-20293,2025-06-01,66683.93,488.46,19,1-29 Days,2,Active,N
LN-20293,2025-07-01,38442.72,281.59,8,1-29 Days,2,Active,N
LN-20293,2025-08-01,44741.68,327.73,22,1-29 Days,2,Active,N
LN-20293,2025-09-01,43737.6,320.38,20,1-29 Days,2,Active,N
LN-20293,2025-10-01,36022.19,263.86,3,1-29 Days,2,Active,N
LN-20293,2025-11-01,47674.03,349.21,27,1-29 Days,2,Active,N
LN-20293,2025-12-01,49936.06,365.78,24,1-29 Days,2,Active,N
LN-20293,2026-01-01,40683.31,298.01,9,1-29 Days,2,Active,N
LN-20293,2026-02-01,43916.41,321.69,10,1-29 Days,2,Active,N
LN-20293,2026-03-01,62950.69,461.11,0,Current,2,Active,N
LN-20293,2026-04-01,66901.62,490.05,0,Current,2,Active,N
LN-20293,2026-05-01,49051.83,359.3,0,Current,2,Active,N
LN-20293,2026-06-01,58907.25,431.5,0,Current,2,Active,N
LN-20293,2026-07-01,34609.8,253.52,0,Current,2,Active,N
LN-20294,2024-08-01,871215.21,11055.19,0,Current,3,Active,N
LN-20294,2024-09-01,865503.48,11055.19,0,Current,3,Active,N
LN-20294,2024-10-01,859756.71,11055.19,0,Current,3,Active,N
LN-20294,2024-11-01,853974.69,11055.19,0,Current,3,Active,N
LN-20294,2024-12-01,848157.22,11055.19,0,Current,3,Active,N
LN-20294,2025-01-01,842304.06,11055.19,0,Current,3,Active,N
LN-20294,2025-02-01,836415.0,11055.19,0,Current,3,Active,N
LN-20294,2025-03-01,830489.82,11055.19,0,Current,3,Active,N
LN-20294,2025-04-01,824528.3,11055.19,0,Current,3,Active,N
LN-20294,2025-05-01,818530.22,11055.19,0,Current,3,Active,N
LN-20294,2025-06-01,812495.35,11055.19,0,Current,3,Active,N
LN-20294,2025-07-01,806423.46,11055.19,0,Current,3,Active,N
LN-20294,2025-08-01,800314.34,11055.19,0,Current,3,Active,N
LN-20294,2025-09-01,794167.74,11055.19,0,Current,3,Active,N
LN-20294,2025-10-01,787983.45,11055.19,0,Current,3,Active,N
LN-20294,2025-11-01,781761.22,11055.19,0,Current,3,Active,N
LN-20294,2025-12-01,775500.84,11055.19,0,Current,3,Active,N
LN-20294,2026-01-01,769202.05,11055.19,0,Current,3,Active,N
LN-20294,2026-02-01,762864.64,11055.19,0,Current,3,Active,N
LN-20294,2026-03-01,756488.35,11055.19,0,Current,3,Active,N
LN-20294,2026-04-01,750072.95,11055.19,0,Current,3,Active,N
LN-20294,2026-05-01,743618.21,11055.19,0,Current,3,Active,N
LN-20294,2026-06-01,737123.88,11055.19,0,Current,3,Active,N
LN-20294,2026-07-01,730589.72,11055.19,0,Current,3,Active,N
LN-20295,2025-11-01,978000.0,19342.51,0,Current,3,Active,N
LN-20295,2025-12-01,964321.74,19342.51,0,Current,3,Active,N
LN-20295,2026-01-01,950564.26,19342.51,0,Current,3,Active,N
LN-20295,2026-02-01,936727.1,19342.51,0,Current,3,Active,N
LN-20295,2026-03-01,922809.81,19342.51,0,Current,3,Active,N
LN-20295,2026-04-01,908811.9,19342.51,8,1-29 Days,3,Active,Y
LN-20295,2026-05-01,894732.93,19342.51,1,1-29 Days,3,Active,N
LN-20295,2026-06-01,880572.41,19342.51,11,1-29 Days,3,Active,N
LN-20295,2026-07-01,866329.89,19342.51,13,1-29 Days,3,Active,N
LN-20296,2026-04-01,64035.64,421.03,0,Current,3,Active,N
LN-20296,2026-05-01,57108.56,375.49,0,Current,3,Active,N
LN-20296,2026-06-01,65782.46,432.52,0,Current,3,Active,N
LN-20296,2026-07-01,55740.61,366.49,0,Current,3,Active,N
LN-20297,2024-08-01,240778.8,1699.5,0,Current,2,Active,N
LN-20297,2024-09-01,191399.61,1350.96,0,Current,2,Active,N
LN-20297,2024-10-01,165696.24,1169.54,0,Current,2,Active,N
LN-20297,2024-11-01,148978.02,1051.54,0,Current,2,Active,N
LN-20297,2024-12-01,134332.47,948.16,0,Current,2,Active,N
LN-20297,2025-01-01,200804.53,1417.35,0,Current,2,Active,N
LN-20297,2025-02-01,182451.58,1287.8,0,Current,2,Active,N
LN-20297,2025-03-01,260989.45,1842.15,0,Current,2,Active,N
LN-20297,2025-04-01,276281.06,1950.08,0,Current,2,Active,N
LN-20297,2025-05-01,242079.36,1708.68,0,Current,2,Active,N
LN-20297,2025-06-01,229793.4,1621.96,0,Current,2,Active,N
LN-20297,2025-07-01,225439.12,1591.22,0,Current,2,Active,N
LN-20297,2025-08-01,175414.91,1238.14,0,Current,2,Active,N
LN-20297,2025-09-01,164925.45,1164.1,0,Current,2,Active,N
LN-20297,2025-10-01,145025.38,1023.64,0,Current,2,Active,N
LN-20297,2025-11-01,121476.89,857.42,0,Current,2,Active,N
LN-20297,2025-12-01,160292.68,1131.4,0,Current,2,Active,N
LN-20297,2026-01-01,182252.2,1286.4,0,Current,2,Active,N
LN-20297,2026-02-01,163419.35,1153.47,0,Current,2,Active,N
LN-20297,2026-03-01,243666.97,1719.88,0,Current,2,Active,N
LN-20297,2026-04-01,238020.78,1680.03,0,Current,2,Active,N
LN-20297,2026-05-01,262145.32,1850.31,0,Current,2,Active,N
LN-20297,2026-06-01,277693.92,1960.06,0,Current,2,Active,N
LN-20297,2026-07-01,182886.86,1290.88,0,Current,2,Active,N
LN-20298,2024-08-01,491328.28,6189.27,0,Current,2,Active,N
LN-20298,2024-09-01,488144.3,6189.27,0,Current,2,Active,N
LN-20298,2024-10-01,484940.85,6189.27,0,Current,2,Active,N
LN-20298,2024-11-01,481717.8,6189.27,0,Current,2,Active,N
LN-20298,2024-12-01,478475.04,6189.27,0,Current,2,Active,N
LN-20298,2025-01-01,475212.45,6189.27,0,Current,2,Active,N
LN-20298,2025-02-01,471929.89,6189.27,0,Current,2,Active,N
LN-20298,2025-03-01,468627.26,6189.27,0,Current,2,Active,N
LN-20298,2025-04-01,465304.43,6189.27,0,Current,2,Active,N
LN-20298,2025-05-01,461961.28,6189.27,0,Current,2,Active,N
LN-20298,2025-06-01,458597.67,6189.27,0,Current,2,Active,N
LN-20298,2025-07-01,455213.49,6189.27,0,Current,2,Active,N
LN-20298,2025-08-01,451808.62,6189.27,0,Current,2,Active,N
LN-20298,2025-09-01,448382.91,6189.27,0,Current,2,Active,N
LN-20298,2025-10-01,444936.25,6189.27,0,Current,2,Active,N
LN-20298,2025-11-01,441468.51,6189.27,0,Current,2,Active,N
LN-20298,2025-12-01,437979.56,6189.27,0,Current,2,Active,N
LN-20298,2026-01-01,434469.27,6189.27,0,Current,2,Active,N
LN-20298,2026-02-01,430937.5,6189.27,0,Current,2,Active,N
LN-20298,2026-03-01,427384.13,6189.27,0,Current,2,Active,N
LN-20298,2026-04-01,423809.03,6189.27,0,Current,2,Active,N
LN-20298,2026-05-01,420212.06,6189.27,0,Current,2,Active,N
LN-20298,2026-06-01,416593.09,6189.27,0,Current,2,Active,N
LN-20298,2026-07-01,412951.99,6189.27,0,Current,2,Active,N
LN-20299,2024-09-01,1036200.0,20532.67,0,Current,3,Active,N
LN-20299,2024-10-01,1021737.73,20532.67,0,Current,3,Active,N
LN-20299,2024-11-01,1007190.74,20532.67,0,Current,3,Active,N
LN-20299,2024-12-01,992558.53,20532.67,0,Current,3,Active,N
LN-20299,2025-01-01,977840.6,20532.67,0,Current,3,Active,N
LN-20299,2025-02-01,963036.44,20532.67,0,Current,3,Active,N
LN-20299,2025-03-01,948145.56,20532.67,0,Current,3,Active,N
LN-20299,2025-04-01,933167.44,20532.67,0,Current,3,Active,N
LN-20299,2025-05-01,918101.57,20532.67,0,Current,3,Active,N
LN-20299,2025-06-01,902947.45,20532.67,0,Current,3,Active,N
LN-20299,2025-07-01,887704.54,20532.67,0,Current,3,Active,N
LN-20299,2025-08-01,872372.34,20532.67,0,Current,3,Active,N
LN-20299,2025-09-01,856950.32,20532.67,0,Current,3,Active,N
LN-20299,2025-10-01,841437.95,20532.67,0,Current,3,Active,N
LN-20299,2025-11-01,825834.7,20532.67,0,Current,3,Active,N
LN-20299,2025-12-01,810140.04,20532.67,0,Current,3,Active,N
LN-20299,2026-01-01,794353.44,20532.67,0,Current,3,Active,N
LN-20299,2026-02-01,778474.36,20532.67,0,Current,3,Active,N
LN-20299,2026-03-01,762502.25,20532.67,0,Current,3,Active,N
LN-20299,2026-04-01,746436.57,20532.67,0,Current,3,Active,N
LN-20299,2026-05-01,730276.77,20532.67,0,Current,3,Active,N
LN-20299,2026-06-01,714022.3,20532.67,0,Current,3,Active,N
LN-20299,2026-07-01,697672.61,20532.67,0,Current,3,Active,N
LN-20300,2024-08-01,145328.37,12558.05,0,Current,1,Active,N
LN-20300,2024-09-01,133587.79,12558.05,0,Current,1,Active,N
LN-20300,2024-10-01,121781.18,12558.05,0,Current,1,Active,N
LN-20300,2024-11-01,109908.15,12558.05,0,Current,1,Active,N
LN-20300,2024-12-01,97968.33,12558.05,0,Current,1,Active,N
LN-20300,2025-01-01,85961.36,12558.05,0,Current,1,Active,N
LN-20300,2025-02-01,73886.84,12558.05,0,Current,1,Active,N
LN-20300,2025-03-01,61744.41,12558.05,0,Current,1,Active,N
LN-20300,2025-04-01,49533.67,12558.05,0,Current,1,Active,N
LN-20300,2025-05-01,37254.25,12558.05,0,Current,1,Active,N
LN-20300,2025-06-01,24905.76,12558.05,0,Current,1,Active,N
LN-20300,2025-07-01,12487.8,12558.05,0,Current,1,Active,N
LN-20301,2026-05-01,708400.0,10646.69,0,Current,4,Active,N
LN-20301,2026-06-01,701808.9,10646.69,0,Current,4,Active,N
LN-20301,2026-07-01,695180.06,10646.69,0,Current,4,Active,N
LN-20302,2026-01-01,504200.0,5830.83,0,Current,2,Active,N
LN-20302,2026-02-01,501272.52,5830.83,0,Current,2,Active,N
LN-20302,2026-03-01,498328.19,5830.83,0,Current,2,Active,N
LN-20302,2026-04-01,495366.9,5830.83,0,Current,2,Active,N
LN-20302,2026-05-01,492388.56,5830.83,0,Current,2,Active,N
LN-20302,2026-06-01,489393.07,5830.83,0,Current,2,Active,N
LN-20302,2026-07-01,486380.32,5830.83,0,Current,2,Active,N
LN-20303,2025-06-01,242635.9,1467.95,0,Current,2,Active,N
LN-20303,2025-07-01,185915.36,1124.79,0,Current,2,Active,N
LN-20303,2025-08-01,120985.7,731.96,0,Current,2,Active,N
LN-20303,2025-09-01,165556.17,1001.61,0,Current,2,Active,N
LN-20303,2025-10-01,133622.6,808.42,0,Current,2,Active,N
LN-20303,2025-11-01,148671.38,899.46,0,Current,2,Active,N
LN-20303,2025-12-01,105405.33,637.7,0,Current,2,Active,N
LN-20303,2026-01-01,172748.92,1045.13,0,Current,2,Active,N
LN-20303,2026-02-01,172052.93,1040.92,0,Current,2,Active,N
LN-20303,2026-03-01,282044.0,1706.37,0,Current,2,Active,N
LN-20303,2026-04-01,224461.98,1357.99,0,Current,2,Active,N
LN-20303,2026-05-01,248833.55,1505.44,0,Current,2,Active,N
LN-20303,2026-06-01,282044.0,1706.37,0,Current,2,Active,N
LN-20303,2026-07-01,177856.35,1076.03,0,Current,2,Active,N
LN-20304,2025-11-01,1074500.0,16222.34,0,Current,2,Active,N
LN-20304,2025-12-01,1064554.53,16222.34,0,Current,2,Active,N
LN-20304,2026-01-01,1054550.97,16222.34,0,Current,2,Active,N
LN-20304,2026-02-01,1044488.97,16222.34,0,Current,2,Active,N
LN-20304,2026-03-01,1034368.18,16222.34,0,Current,2,Active,N
LN-20304,2026-04-01,1024188.28,16222.34,0,Current,2,Active,N
LN-20304,2026-05-01,1013948.91,16222.34,0,Current,2,Active,N
LN-20304,2026-06-01,1003649.72,16222.34,0,Current,2,Active,N
LN-20304,2026-07-01,993290.37,16222.34,0,Current,2,Active,N
LN-20305,2025-09-01,321300.0,4865.0,0,Current,2,Active,N
LN-20305,2025-10-01,318336.03,4865.0,0,Current,2,Active,N
LN-20305,2025-11-01,315354.51,4865.0,0,Current,2,Active,N
LN-20305,2025-12-01,312355.36,4865.0,0,Current,2,Active,N
LN-20305,2026-01-01,309338.46,4865.0,0,Current,2,Active,N
LN-20305,2026-02-01,306303.72,4865.0,0,Current,2,Active,N
LN-20305,2026-03-01,303251.01,4865.0,0,Current,2,Active,N
LN-20305,2026-04-01,300180.25,4865.0,0,Current,2,Active,N
LN-20305,2026-05-01,297091.32,4865.0,0,Current,2,Active,N
LN-20305,2026-06-01,293984.11,4865.0,0,Current,2,Active,N
LN-20305,2026-07-01,290858.51,4865.0,0,Current,2,Active,N
LN-20306,2024-08-01,200539.97,1293.48,0,Current,1,Active,N
LN-20306,2024-09-01,259386.45,1673.04,0,Current,1,Active,N
LN-20306,2024-10-01,189819.55,1224.34,0,Current,1,Active,N
LN-20306,2024-11-01,102572.2,661.59,0,Current,1,Active,N
LN-20306,2024-12-01,228205.93,1471.93,0,Current,1,Active,N
LN-20306,2025-01-01,244036.66,1574.04,0,Current,1,Active,N
LN-20306,2025-02-01,206108.83,1329.4,0,Current,1,Active,N
LN-20306,2025-03-01,247900.48,1598.96,0,Current,1,Active,N
LN-20306,2025-04-01,306517.73,1977.04,0,Current,1,Active,N
LN-20306,2025-05-01,313659.49,2023.1,0,Current,1,Active,N
LN-20306,2025-06-01,320959.05,2070.19,0,Current,1,Active,N
LN-20306,2025-07-01,196636.1,1268.3,0,Current,1,Active,N
LN-20306,2025-08-01,258114.59,1664.84,0,Current,1,Active,N
LN-20306,2025-09-01,218477.73,1409.18,0,Current,1,Active,N
LN-20306,2025-10-01,161414.13,1041.12,0,Current,1,Active,N
LN-20306,2025-11-01,105893.84,683.02,0,Current,1,Active,N
LN-20306,2025-12-01,130869.51,844.11,0,Current,1,Active,N
LN-20306,2026-01-01,197100.84,1271.3,0,Current,1,Active,N
LN-20306,2026-02-01,264298.86,1704.73,0,Current,1,Active,N
LN-20306,2026-03-01,301457.45,1944.4,0,Current,1,Active,N
LN-20306,2026-04-01,253821.22,1637.15,0,Current,1,Active,N
LN-20306,2026-05-01,265871.37,1714.87,0,Current,1,Active,N
LN-20306,2026-06-01,301800.64,1946.61,0,Current,1,Active,N
LN-20306,2026-07-01,203450.7,1312.26,0,Current,1,Active,N
LN-20307,2024-08-01,240764.13,10816.78,0,Current,2,Active,N
LN-20307,2024-09-01,231420.03,10816.78,0,Current,2,Active,N
LN-20307,2024-10-01,222018.77,10816.78,0,Current,2,Active,N
LN-20307,2024-11-01,212560.0,10816.78,0,Current,2,Active,N
LN-20307,2024-12-01,203043.38,10816.78,0,Current,2,Active,N
LN-20307,2025-01-01,193468.55,10816.78,0,Current,2,Active,N
LN-20307,2025-02-01,183835.15,10816.78,0,Current,2,Active,N
LN-20307,2025-03-01,174142.83,10816.78,0,Current,2,Active,N
LN-20307,2025-04-01,164391.22,10816.78,0,Current,2,Active,N
LN-20307,2025-05-01,154579.97,10816.78,0,Current,2,Active,N
LN-20307,2025-06-01,144708.71,10816.78,0,Current,2,Active,N
LN-20307,2025-07-01,134777.06,10816.78,0,Current,2,Active,N
LN-20307,2025-08-01,124784.67,10816.78,0,Current,2,Active,N
LN-20307,2025-09-01,114731.15,10816.78,0,Current,2,Active,N
LN-20307,2025-10-01,104616.15,10816.78,0,Current,2,Active,N
LN-20307,2025-11-01,94439.27,10816.78,0,Current,2,Active,N
LN-20307,2025-12-01,84200.14,10816.78,0,Current,2,Active,N
LN-20307,2026-01-01,73898.39,10816.78,0,Current,2,Active,N
LN-20307,2026-02-01,63533.62,10816.78,0,Current,2,Active,N
LN-20307,2026-03-01,53105.45,10816.78,0,Current,2,Active,N
LN-20307,2026-04-01,42613.5,10816.78,61,60-89 Days,3,Active,Y
LN-20307,2026-05-01,32057.37,10816.78,0,Current,2,Active,N
LN-20307,2026-06-01,21436.68,10816.78,0,Current,2,Active,N
LN-20307,2026-07-01,10751.02,10816.78,0,Current,2,Active,N
LN-20308,2024-08-01,99068.64,2562.58,0,Current,2,Active,N
LN-20308,2024-09-01,97089.73,2562.58,0,Current,2,Active,N
LN-20308,2024-10-01,95099.17,2562.58,0,Current,2,Active,N
LN-20308,2024-11-01,93096.88,2562.58,0,Current,2,Active,N
LN-20308,2024-12-01,91082.79,2562.58,0,Current,2,Active,N
LN-20308,2025-01-01,89056.83,2562.58,0,Current,2,Active,N
LN-20308,2025-02-01,87018.94,2562.58,0,Current,2,Active,N
LN-20308,2025-03-01,84969.05,2562.58,0,Current,2,Active,N
LN-20308,2025-04-01,82907.07,2562.58,0,Current,2,Active,N
LN-20308,2025-05-01,80832.95,2562.58,0,Current,2,Active,N
LN-20308,2025-06-01,78746.61,2562.58,0,Current,2,Active,N
LN-20308,2025-07-01,76647.97,2562.58,0,Current,2,Active,N
LN-20308,2025-08-01,74536.97,2562.58,0,Current,2,Active,N
LN-20308,2025-09-01,72413.53,2562.58,0,Current,2,Active,N
LN-20308,2025-10-01,70277.59,2562.58,0,Current,2,Active,N
LN-20308,2025-11-01,68129.05,2562.58,0,Current,2,Active,N
LN-20308,2025-12-01,65967.86,2562.58,0,Current,2,Active,N
LN-20308,2026-01-01,63793.94,2562.58,0,Current,2,Active,N
LN-20308,2026-02-01,61607.21,2562.58,0,Current,2,Active,N
LN-20308,2026-03-01,59407.59,2562.58,0,Current,2,Active,N
LN-20308,2026-04-01,57195.02,2562.58,0,Current,2,Active,N
LN-20308,2026-05-01,54969.41,2562.58,0,Current,2,Active,N
LN-20308,2026-06-01,52730.69,2562.58,0,Current,2,Active,N
LN-20308,2026-07-01,50478.78,2562.58,0,Current,2,Active,N
LN-20309,2025-06-01,173037.27,1045.43,0,Current,2,Active,N
LN-20309,2025-07-01,92305.5,557.68,0,Current,2,Active,N
LN-20309,2025-08-01,82128.58,496.19,0,Current,2,Active,N
LN-20309,2025-09-01,85853.54,518.7,0,Current,2,Active,N
LN-20309,2025-10-01,53577.08,323.69,0,Current,2,Active,N
LN-20309,2025-11-01,60965.89,368.34,0,Current,2,Active,N
LN-20309,2025-12-01,71154.73,429.89,0,Current,2,Active,N
LN-20309,2026-01-01,78631.54,475.07,0,Current,2,Active,N
LN-20309,2026-02-01,94990.29,573.9,0,Current,2,Active,N
LN-20309,2026-03-01,137693.88,831.9,0,Current,2,Active,N
LN-20309,2026-04-01,113753.47,687.26,0,Current,2,Active,N
LN-20309,2026-05-01,135662.7,819.63,0,Current,2,Active,N
LN-20309,2026-06-01,124391.96,751.53,0,Current,2,Active,N
LN-20309,2026-07-01,98527.61,595.27,0,Current,2,Active,N
LN-20310,2024-08-01,226192.58,2696.51,0,Current,1,Active,N
LN-20310,2024-09-01,224745.79,2696.51,0,Current,1,Active,N
LN-20310,2024-10-01,223291.0,2696.51,0,Current,1,Active,N
LN-20310,2024-11-01,221828.17,2696.51,0,Current,1,Active,N
LN-20310,2024-12-01,220357.26,2696.51,0,Current,1,Active,N
LN-20310,2025-01-01,218878.22,2696.51,0,Current,1,Active,N
LN-20310,2025-02-01,217391.01,2696.51,0,Current,1,Active,N
LN-20310,2025-03-01,215895.59,2696.51,0,Current,1,Active,N
LN-20310,2025-04-01,214391.9,2696.51,0,Current,1,Active,N
LN-20310,2025-05-01,212879.9,2696.51,0,Current,1,Active,N
LN-20310,2025-06-01,211359.55,2696.51,0,Current,1,Active,N
LN-20310,2025-07-01,209830.8,2696.51,0,Current,1,Active,N
LN-20310,2025-08-01,208293.61,2696.51,0,Current,1,Active,N
LN-20310,2025-09-01,206747.92,2696.51,0,Current,1,Active,N
LN-20310,2025-10-01,205193.69,2696.51,0,Current,1,Active,N
LN-20310,2025-11-01,203630.88,2696.51,0,Current,1,Active,N
LN-20310,2025-12-01,202059.42,2696.51,0,Current,1,Active,N
LN-20310,2026-01-01,200479.29,2696.51,0,Current,1,Active,N
LN-20310,2026-02-01,198890.43,2696.51,0,Current,1,Active,N
LN-20310,2026-03-01,197292.79,2696.51,0,Current,1,Active,N
LN-20310,2026-04-01,195686.32,2696.51,0,Current,1,Active,N
LN-20310,2026-05-01,194070.98,2696.51,0,Current,1,Active,N
LN-20310,2026-06-01,192446.71,2696.51,0,Current,1,Active,N
LN-20310,2026-07-01,190813.46,2696.51,0,Current,1,Active,N
LN-20311,2024-08-01,694622.03,11229.51,0,Current,1,Active,N
LN-20311,2024-09-01,687838.11,11229.51,0,Current,1,Active,N
LN-20311,2024-10-01,681010.76,11229.51,0,Current,1,Active,N
LN-20311,2024-11-01,674139.73,11229.51,0,Current,1,Active,N
LN-20311,2024-12-01,667224.72,11229.51,0,Current,1,Active,N
LN-20311,2025-01-01,660265.45,11229.51,0,Current,1,Active,N
LN-20311,2025-02-01,653261.64,11229.51,0,Current,1,Active,N
LN-20311,2025-03-01,646213.01,11229.51,0,Current,1,Active,N
LN-20311,2025-04-01,639119.27,11229.51,0,Current,1,Active,N
LN-20311,2025-05-01,631980.13,11229.51,0,Current,1,Active,N
LN-20311,2025-06-01,624795.29,11229.51,0,Current,1,Active,N
LN-20311,2025-07-01,617564.48,11229.51,0,Current,1,Active,N
LN-20311,2025-08-01,610287.38,11229.51,0,Current,1,Active,N
LN-20311,2025-09-01,602963.72,11229.51,0,Current,1,Active,N
LN-20311,2025-10-01,595593.18,11229.51,0,Current,1,Active,N
LN-20311,2025-11-01,588175.47,11229.51,0,Current,1,Active,N
LN-20311,2025-12-01,580710.29,11229.51,0,Current,1,Active,N
LN-20311,2026-01-01,573197.33,11229.51,0,Current,1,Active,N
LN-20311,2026-02-01,565636.28,11229.51,0,Current,1,Active,N
LN-20311,2026-03-01,558026.85,11229.51,0,Current,1,Active,N
LN-20311,2026-04-01,550368.72,11229.51,0,Current,1,Active,N
LN-20311,2026-05-01,542661.57,11229.51,0,Current,1,Active,N
LN-20311,2026-06-01,534905.1,11229.51,0,Current,1,Active,N
LN-20311,2026-07-01,527098.99,11229.51,0,Current,1,Active,N
LN-20312,2024-08-01,203199.42,1220.89,0,Current,1,Active,N
LN-20312,2024-09-01,154192.12,926.44,0,Current,1,Active,N
LN-20312,2024-10-01,174344.94,1047.52,0,Current,1,Active,N
LN-20312,2024-11-01,192578.12,1157.07,0,Current,1,Active,N
LN-20312,2024-12-01,161798.82,972.14,0,Current,1,Active,N
LN-20312,2025-01-01,160973.88,967.18,0,Current,1,Active,N
LN-20312,2025-02-01,186128.85,1118.32,0,Current,1,Active,N
LN-20312,2025-03-01,242924.31,1459.57,0,Current,1,Active,N
LN-20312,2025-04-01,313325.27,1882.56,0,Current,1,Active,N
LN-20312,2025-05-01,247308.87,1485.91,0,Current,1,Active,N
LN-20312,2025-06-01,288773.29,1735.05,0,Current,1,Active,N
LN-20312,2025-07-01,219780.74,1320.52,0,Current,1,Active,N
LN-20312,2025-08-01,171272.85,1029.06,0,Current,1,Active,N
LN-20312,2025-09-01,196576.62,1181.1,0,Current,1,Active,N
LN-20312,2025-10-01,70659.62,424.55,0,Current,1,Active,N
LN-20312,2025-11-01,106504.92,639.92,0,Current,1,Active,N
LN-20312,2025-12-01,178657.68,1073.43,0,Current,1,Active,N
LN-20312,2026-01-01,182556.44,1096.86,0,Current,1,Active,N
LN-20312,2026-02-01,204188.27,1226.83,0,Current,1,Active,N
LN-20312,2026-03-01,323488.82,1943.63,0,Current,1,Active,N
LN-20312,2026-04-01,345723.54,2077.22,0,Current,1,Active,N
LN-20312,2026-05-01,247354.62,1486.19,0,Current,1,Active,N
LN-20312,2026-06-01,202306.11,1215.52,0,Current,1,Active,N
LN-20312,2026-07-01,211187.15,1268.88,0,Current,1,Active,N
LN-20313,2024-08-01,1631144.84,22592.05,0,Current,1,Active,N
LN-20313,2024-09-01,1618067.81,22592.05,0,Current,1,Active,N
LN-20313,2024-10-01,1604914.49,22592.05,0,Current,1,Active,N
LN-20313,2024-11-01,1591684.44,22592.05,0,Current,1,Active,N
LN-20313,2024-12-01,1578377.22,22592.05,0,Current,1,Active,N
LN-20313,2025-01-01,1564992.37,22592.05,0,Current,1,Active,N
LN-20313,2025-02-01,1551529.44,22592.05,0,Current,1,Active,N
LN-20313,2025-03-01,1537987.98,22592.05,0,Current,1,Active,N
LN-20313,2025-04-01,1524367.53,22592.05,0,Current,1,Active,N
LN-20313,2025-05-01,1510667.62,22592.05,0,Current,1,Active,N
LN-20313,2025-06-01,1496887.8,22592.05,0,Current,1,Active,N
LN-20313,2025-07-01,1483027.6,22592.05,0,Current,1,Active,N
LN-20313,2025-08-01,1469086.55,22592.05,0,Current,1,Active,N
LN-20313,2025-09-01,1455064.17,22592.05,0,Current,1,Active,N
LN-20313,2025-10-01,1440959.99,22592.05,0,Current,1,Active,N
LN-20313,2025-11-01,1426773.55,22592.05,0,Current,1,Active,N
LN-20313,2025-12-01,1412504.34,22592.05,0,Current,1,Active,N
LN-20313,2026-01-01,1398151.9,22592.05,0,Current,1,Active,N
LN-20313,2026-02-01,1383715.74,22592.05,0,Current,1,Active,N
LN-20313,2026-03-01,1369195.37,22592.05,0,Current,1,Active,N
LN-20313,2026-04-01,1354590.29,22592.05,0,Current,1,Active,N
LN-20313,2026-05-01,1339900.02,22592.05,0,Current,1,Active,N
LN-20313,2026-06-01,1325124.05,22592.05,0,Current,1,Active,N
LN-20313,2026-07-01,1310261.9,22592.05,0,Current,1,Active,N
LN-20314,2024-08-01,1080120.87,14977.47,0,Current,2,Active,N
LN-20314,2024-09-01,1072578.23,14977.47,0,Current,2,Active,N
LN-20314,2024-10-01,1064983.67,14977.47,0,Current,2,Active,N
LN-20314,2024-11-01,1057336.84,14977.47,0,Current,2,Active,N
LN-20314,2024-12-01,1049637.38,14977.47,0,Current,2,Active,N
LN-20314,2025-01-01,1041884.91,14977.47,0,Current,2,Active,N
LN-20314,2025-02-01,1034079.08,14977.47,0,Current,2,Active,N
LN-20314,2025-03-01,1026219.52,14977.47,0,Current,2,Active,N
LN-20314,2025-04-01,1018305.87,14977.47,0,Current,2,Active,N
LN-20314,2025-05-01,1010337.74,14977.47,0,Current,2,Active,N
LN-20314,2025-06-01,1002314.76,14977.47,0,Current,2,Active,N
LN-20314,2025-07-01,994236.56,14977.47,0,Current,2,Active,N
LN-20314,2025-08-01,986102.75,14977.47,0,Current,2,Active,N
LN-20314,2025-09-01,977912.95,14977.47,0,Current,2,Active,N
LN-20314,2025-10-01,969666.78,14977.47,0,Current,2,Active,N
LN-20314,2025-11-01,961363.86,14977.47,0,Current,2,Active,N
LN-20314,2025-12-01,953003.77,14977.47,0,Current,2,Active,N
LN-20314,2026-01-01,944586.15,14977.47,0,Current,2,Active,N
LN-20314,2026-02-01,936110.58,14977.47,0,Current,2,Active,N
LN-20314,2026-03-01,927576.67,14977.47,0,Current,2,Active,N
LN-20314,2026-04-01,918984.02,14977.47,0,Current,2,Active,N
LN-20314,2026-05-01,910332.23,14977.47,0,Current,2,Active,N
LN-20314,2026-06-01,901620.88,14977.47,0,Current,2,Active,N
LN-20314,2026-07-01,892849.56,14977.47,0,Current,2,Active,N
LN-20315,2024-08-01,932968.56,8695.42,0,Current,2,Active,N
LN-20315,2024-09-01,928868.01,8695.42,0,Current,2,Active,N
LN-20315,2024-10-01,924747.27,8695.42,0,Current,2,Active,N
LN-20315,2024-11-01,920606.23,8695.42,0,Current,2,Active,N
LN-20315,2024-12-01,916444.8,8695.42,0,Current,2,Active,N
LN-20315,2025-01-01,912262.87,8695.42,0,Current,2,Active,N
LN-20315,2025-02-01,908060.34,8695.42,0,Current,2,Active,N
LN-20315,2025-03-01,903837.12,8695.42,0,Current,2,Active,N
LN-20315,2025-04-01,899593.1,8695.42,0,Current,2,Active,N
LN-20315,2025-05-01,895328.18,8695.42,29,1-29 Days,2,Active,Y
LN-20315,2025-06-01,891042.25,8695.42,0,Current,2,Active,N
LN-20315,2025-07-01,886735.22,8695.42,0,Current,2,Active,N
LN-20315,2025-08-01,882406.97,8695.42,0,Current,2,Active,N
LN-20315,2025-09-01,878057.4,8695.42,0,Current,2,Active,N
LN-20315,2025-10-01,873686.42,8695.42,0,Current,2,Active,N
LN-20315,2025-11-01,869293.9,8695.42,0,Current,2,Active,N
LN-20315,2025-12-01,864879.76,8695.42,0,Current,2,Active,N
LN-20315,2026-01-01,860443.87,8695.42,0,Current,2,Active,N
LN-20315,2026-02-01,855986.14,8695.42,0,Current,2,Active,N
LN-20315,2026-03-01,851506.45,8695.42,0,Current,2,Active,N
LN-20315,2026-04-01,847004.7,8695.42,0,Current,2,Active,N
LN-20315,2026-05-01,842480.78,8695.42,0,Current,2,Active,N
LN-20315,2026-06-01,837934.58,8695.42,0,Current,2,Active,N
LN-20315,2026-07-01,833365.99,8695.42,0,Current,2,Active,N
LN-20316,2024-08-01,897758.76,11539.94,0,Current,1,Active,N
LN-20316,2024-09-01,892084.18,11539.94,0,Current,1,Active,N
LN-20316,2024-10-01,886372.52,11539.94,0,Current,1,Active,N
LN-20316,2024-11-01,880623.55,11539.94,0,Current,1,Active,N
LN-20316,2024-12-01,874837.02,11539.94,0,Current,1,Active,N
LN-20316,2025-01-01,869012.68,11539.94,0,Current,1,Active,N
LN-20316,2025-02-01,863150.29,11539.94,0,Current,1,Active,N
LN-20316,2025-03-01,857249.6,11539.94,0,Current,1,Active,N
LN-20316,2025-04-01,851310.36,11539.94,0,Current,1,Active,N
LN-20316,2025-05-01,845332.32,11539.94,0,Current,1,Active,N
LN-20316,2025-06-01,839315.21,11539.94,0,Current,1,Active,N
LN-20316,2025-07-01,833258.8,11539.94,0,Current,1,Active,N
LN-20316,2025-08-01,827162.82,11539.94,0,Current,1,Active,N
LN-20316,2025-09-01,821027.01,11539.94,0,Current,1,Active,N
LN-20316,2025-10-01,814851.12,11539.94,0,Current,1,Active,N
LN-20316,2025-11-01,808634.87,11539.94,0,Current,1,Active,N
LN-20316,2025-12-01,802378.01,11539.94,0,Current,1,Active,N
LN-20316,2026-01-01,796080.28,11539.94,0,Current,1,Active,N
LN-20316,2026-02-01,789741.4,11539.94,0,Current,1,Active,N
LN-20316,2026-03-01,783361.1,11539.94,0,Current,1,Active,N
LN-20316,2026-04-01,776939.12,11539.94,0,Current,1,Active,N
LN-20316,2026-05-01,770475.18,11539.94,0,Current,1,Active,N
LN-20316,2026-06-01,763969.02,11539.94,0,Current,1,Active,N
LN-20316,2026-07-01,757420.34,11539.94,0,Current,1,Active,N
LN-20317,2025-10-01,2214800.0,14899.18,0,Current,1,Active,N
LN-20317,2025-11-01,2211823.83,14899.18,0,Current,1,Active,N
LN-20317,2025-12-01,2208831.64,14899.18,0,Current,1,Active,N
LN-20317,2026-01-01,2205823.34,14899.18,0,Current,1,Active,N
LN-20317,2026-02-01,2202798.84,14899.18,0,Current,1,Active,N
LN-20317,2026-03-01,2199758.06,14899.18,0,Current,1,Active,N
LN-20317,2026-04-01,2196700.92,14899.18,0,Current,1,Active,N
LN-20317,2026-05-01,2193627.31,14899.18,0,Current,1,Active,N
LN-20317,2026-06-01,2190537.16,14899.18,0,Current,1,Active,N
LN-20317,2026-07-01,2187430.38,14899.18,0,Current,1,Active,N
LN-20318,2024-08-01,369310.2,29825.02,0,Current,1,Active,N
LN-20318,2024-09-01,342079.59,29825.02,0,Current,1,Active,N
LN-20318,2024-10-01,314657.68,29825.02,0,Current,1,Active,N
LN-20318,2024-11-01,287043.13,29825.02,0,Current,1,Active,N
LN-20318,2024-12-01,259234.58,29825.02,0,Current,1,Active,N
LN-20318,2025-01-01,231230.69,29825.02,0,Current,1,Active,N
LN-20318,2025-02-01,203030.06,29825.02,0,Current,1,Active,N
LN-20318,2025-03-01,174631.33,29825.02,0,Current,1,Active,N
LN-20318,2025-04-01,146033.09,29825.02,0,Current,1,Active,N
LN-20318,2025-05-01,117233.95,29825.02,0,Current,1,Active,N
LN-20318,2025-06-01,88232.5,29825.02,0,Current,1,Active,N
LN-20318,2025-07-01,59027.31,29825.02,0,Current,1,Active,N
LN-20318,2025-08-01,29616.96,29825.02,0,Current,1,Active,N
LN-20319,2024-08-01,2164162.24,16047.07,0,Current,1,Active,N
LN-20319,2024-09-01,2158268.7,16047.07,0,Current,1,Active,N
LN-20319,2024-10-01,2152347.5,16047.07,0,Current,1,Active,N
LN-20319,2024-11-01,2146398.52,16047.07,0,Current,1,Active,N
LN-20319,2024-12-01,2140421.64,16047.07,0,Current,1,Active,N
LN-20319,2025-01-01,2134416.71,16047.07,0,Current,1,Active,N
LN-20319,2025-02-01,2128383.61,16047.07,0,Current,1,Active,N
LN-20319,2025-03-01,2122322.2,16047.07,0,Current,1,Active,N
LN-20319,2025-04-01,2116232.36,16047.07,0,Current,1,Active,N
LN-20319,2025-05-01,2110113.94,16047.07,0,Current,1,Active,N
LN-20319,2025-06-01,2103966.82,16047.07,0,Current,1,Active,N
LN-20319,2025-07-01,2097790.86,16047.07,0,Current,1,Active,N
LN-20319,2025-08-01,2091585.92,16047.07,0,Current,1,Active,N
LN-20319,2025-09-01,2085351.87,16047.07,0,Current,1,Active,N
LN-20319,2025-10-01,2079088.57,16047.07,0,Current,1,Active,N
LN-20319,2025-11-01,2072795.89,16047.07,0,Current,1,Active,N
LN-20319,2025-12-01,2066473.68,16047.07,0,Current,1,Active,N
LN-20319,2026-01-01,2060121.82,16047.07,0,Current,1,Active,N
LN-20319,2026-02-01,2053740.15,16047.07,0,Current,1,Active,N
LN-20319,2026-03-01,2047328.54,16047.07,0,Current,1,Active,N
LN-20319,2026-04-01,2040886.85,16047.07,0,Current,1,Active,N
LN-20319,2026-05-01,2034414.94,16047.07,0,Current,1,Active,N
LN-20319,2026-06-01,2027912.66,16047.07,0,Current,1,Active,N
LN-20319,2026-07-01,2021379.88,16047.07,0,Current,1,Active,N
LN-20320,2024-08-01,39751.15,2603.27,0,Current,4,Active,N
LN-20320,2024-09-01,37368.49,2603.27,0,Current,4,Active,N
LN-20320,2024-10-01,34972.62,2603.27,14,1-29 Days,4,Active,Y
LN-20320,2024-11-01,32563.44,2603.27,18,1-29 Days,4,Active,N
LN-20320,2024-12-01,30140.9,2603.27,17,1-29 Days,4,Active,N
LN-20320,2025-01-01,27704.91,2603.27,20,1-29 Days,4,Active,N
LN-20320,2025-02-01,25255.4,2603.27,11,1-29 Days,4,Active,N
LN-20320,2025-03-01,22792.29,2603.27,25,1-29 Days,4,Active,N
LN-20320,2025-04-01,20315.52,2603.27,0,Current,4,Active,N
LN-20320,2025-05-01,17825.0,2603.27,0,Current,4,Active,N
LN-20320,2025-06-01,15320.66,2603.27,0,Current,4,Active,N
LN-20320,2025-07-01,12802.41,2603.27,0,Current,4,Active,N
LN-20320,2025-08-01,10270.19,2603.27,0,Current,4,Active,N
LN-20320,2025-09-01,7723.92,2603.27,0,Current,4,Active,N
LN-20320,2025-10-01,5163.52,2603.27,0,Current,4,Active,N
LN-20320,2025-11-01,2588.9,2603.27,0,Current,4,Active,N
LN-20321,2026-03-01,158745.97,1123.13,0,Current,1,Active,N
LN-20321,2026-04-01,139509.59,987.03,0,Current,1,Active,N
LN-20321,2026-05-01,181061.75,1281.01,0,Current,1,Active,N
LN-20321,2026-06-01,163235.93,1154.89,0,Current,1,Active,N
LN-20321,2026-07-01,158326.57,1120.16,0,Current,1,Active,N
LN-20322,2025-10-01,439900.0,5233.18,0,Current,1,Active,N
LN-20322,2025-11-01,437434.53,5233.18,0,Current,1,Active,N
LN-20322,2025-12-01,434953.54,5233.18,0,Current,1,Active,N
LN-20322,2026-01-01,432456.95,5233.18,0,Current,1,Active,N
LN-20322,2026-02-01,429944.64,5233.18,0,Current,1,Active,N
LN-20322,2026-03-01,427416.53,5233.18,0,Current,1,Active,N
LN-20322,2026-04-01,424872.52,5233.18,0,Current,1,Active,N
LN-20322,2026-05-01,422312.5,5233.18,0,Current,1,Active,N
LN-20322,2026-06-01,419736.37,5233.18,0,Current,1,Active,N
LN-20322,2026-07-01,417144.03,5233.18,0,Current,1,Active,N
LN-20323,2026-02-01,580900.0,11529.94,0,Current,1,Active,N
LN-20323,2026-03-01,572807.05,11529.94,0,Current,1,Active,N
LN-20323,2026-04-01,564666.21,11529.94,0,Current,1,Active,N
LN-20323,2026-05-01,556477.21,11529.94,0,Current,1,Active,N
LN-20323,2026-06-01,548239.76,11529.94,0,Current,1,Active,N
LN-20323,2026-07-01,539953.57,11529.94,0,Current,1,Active,N
LN-20324,2026-03-01,882000.0,6016.09,0,Current,2,Active,N
LN-20324,2026-04-01,880842.26,6016.09,0,Current,2,Active,N
LN-20324,2026-05-01,879678.14,6016.09,0,Current,2,Active,N
LN-20324,2026-06-01,878507.6,6016.09,0,Current,2,Active,N
LN-20324,2026-07-01,877330.62,6016.09,0,Current,2,Active,N
LN-20325,2025-12-01,175698.32,1161.07,0,Current,2,Active,N
LN-20325,2026-01-01,170757.15,1128.42,0,Current,2,Active,N
LN-20325,2026-02-01,141076.89,932.28,0,Current,2,Active,N
LN-20325,2026-03-01,326838.91,2159.86,0,Current,2,Active,N
LN-20325,2026-04-01,273825.23,1809.53,0,Current,2,Active,N
LN-20325,2026-05-01,345794.18,2285.12,0,Current,2,Active,N
LN-20325,2026-06-01,338070.23,2234.08,0,Current,2,Active,N
LN-20325,2026-07-01,224831.62,1485.76,0,Current,2,Active,N
LN-20326,2026-03-01,149300.0,2197.56,0,Current,2,Active,N
LN-20326,2026-04-01,147877.56,2197.56,0,Current,2,Active,N
LN-20326,2026-05-01,146447.73,2197.56,25,1-29 Days,2,Active,Y
LN-20326,2026-06-01,145010.48,2197.56,9,1-29 Days,2,Active,N
LN-20326,2026-07-01,143565.77,2197.56,0,Current,2,Active,N
LN-20327,2026-03-01,2046900.0,13301.05,0,Current,1,Active,N
LN-20327,2026-04-01,2043986.97,13301.05,0,Current,1,Active,N
LN-20327,2026-05-01,2041059.16,13301.05,0,Current,1,Active,N
LN-20327,2026-06-01,2038116.49,13301.05,0,Current,1,Active,N
LN-20327,2026-07-01,2035158.89,13301.05,0,Current,1,Active,N
LN-20328,2024-08-01,193004.44,1392.85,0,Current,1,Active,N
LN-20328,2024-09-01,159239.42,1149.18,0,Current,1,Active,N
LN-20328,2024-10-01,179794.45,1297.52,0,Current,1,Active,N
LN-20328,2024-11-01,140581.55,1014.53,0,Current,1,Active,N
LN-20328,2024-12-01,207439.37,1497.02,0,Current,1,Active,N
LN-20328,2025-01-01,210744.74,1520.87,0,Current,1,Active,N
LN-20328,2025-02-01,164465.72,1186.89,0,Current,1,Active,N
LN-20328,2025-03-01,299742.26,2163.14,0,Current,1,Active,N
LN-20328,2025-04-01,260611.69,1880.75,0,Current,1,Active,N
LN-20328,2025-05-01,302802.51,2185.22,0,Current,1,Active,N
LN-20328,2025-06-01,239293.61,1726.9,0,Current,1,Active,N
LN-20328,2025-07-01,223924.58,1615.99,0,Current,1,Active,N
LN-20328,2025-08-01,235924.85,1702.59,0,Current,1,Active,N
LN-20328,2025-09-01,177349.45,1279.87,0,Current,1,Active,N
LN-20328,2025-10-01,149972.17,1082.3,0,Current,1,Active,N
LN-20328,2025-11-01,156185.77,1127.14,0,Current,1,Active,N
LN-20328,2025-12-01,149389.56,1078.09,0,Current,1,Active,N
LN-20328,2026-01-01,277292.59,2001.13,0,Current,1,Active,N
LN-20328,2026-02-01,227542.99,1642.1,0,Current,1,Active,N
LN-20328,2026-03-01,289204.0,2087.09,0,Current,1,Active,N
LN-20328,2026-04-01,330100.85,2382.23,0,Current,1,Active,N
LN-20328,2026-05-01,247954.54,1789.41,0,Current,1,Active,N
LN-20328,2026-06-01,277355.51,2001.58,0,Current,1,Active,N
LN-20328,2026-07-01,277871.22,2005.3,0,Current,1,Active,N
LN-20329,2024-08-01,247613.44,9309.15,0,Current,1,Active,N
LN-20329,2024-09-01,239754.89,9309.15,0,Current,1,Active,N
LN-20329,2024-10-01,231850.3,9309.15,0,Current,1,Active,N
LN-20329,2024-11-01,223899.41,9309.15,0,Current,1,Active,N
LN-20329,2024-12-01,215901.94,9309.15,0,Current,1,Active,N
LN-20329,2025-01-01,207857.62,9309.15,0,Current,1,Active,N
LN-20329,2025-02-01,199766.17,9309.15,0,Current,1,Active,N
LN-20329,2025-03-01,191627.32,9309.15,0,Current,1,Active,N
LN-20329,2025-04-01,183440.78,9309.15,0,Current,1,Active,N
LN-20329,2025-05-01,175206.29,9309.15,0,Current,1,Active,N
LN-20329,2025-06-01,166923.56,9309.15,0,Current,1,Active,N
LN-20329,2025-07-01,158592.3,9309.15,0,Current,1,Active,N
LN-20329,2025-08-01,150212.24,9309.15,0,Current,1,Active,N
LN-20329,2025-09-01,141783.09,9309.15,0,Current,1,Active,N
LN-20329,2025-10-01,133304.55,9309.15,0,Current,1,Active,N
LN-20329,2025-11-01,124776.34,9309.15,0,Current,1,Active,N
LN-20329,2025-12-01,116198.18,9309.15,0,Current,1,Active,N
LN-20329,2026-01-01,107569.76,9309.15,0,Current,1,Active,N
LN-20329,2026-02-01,98890.79,9309.15,0,Current,1,Active,N
LN-20329,2026-03-01,90160.97,9309.15,0,Current,1,Active,N
LN-20329,2026-04-01,81380.02,9309.15,0,Current,1,Active,N
LN-20329,2026-05-01,72547.62,9309.15,0,Current,1,Active,N
LN-20329,2026-06-01,63663.48,9309.15,0,Current,1,Active,N
LN-20329,2026-07-01,54727.29,9309.15,0,Current,1,Active,N
LN-20330,2024-08-01,95039.94,586.08,0,Current,2,Active,N
LN-20330,2024-09-01,117180.26,722.61,0,Current,2,Active,N
LN-20330,2024-10-01,84310.18,519.91,0,Current,2,Active,N
LN-20330,2024-11-01,81908.54,505.1,0,Current,2,Active,N
LN-20330,2024-12-01,66882.33,412.44,0,Current,2,Active,N
LN-20330,2025-01-01,71541.38,441.17,0,Current,2,Active,N
LN-20330,2025-02-01,91756.9,565.83,0,Current,2,Active,N
LN-20330,2025-03-01,149779.1,923.64,0,Current,2,Active,N
LN-20330,2025-04-01,139801.58,862.11,0,Current,2,Active,N
LN-20330,2025-05-01,140363.19,865.57,38,30-59 Days,2,Active,Y
LN-20330,2025-06-01,171638.47,1058.44,34,30-59 Days,2,Active,N
LN-20330,2025-07-01,111333.42,686.56,19,1-29 Days,2,Active,N
LN-20330,2025-08-01,94469.1,582.56,19,1-29 Days,2,Active,N
LN-20330,2025-09-01,109764.43,676.88,15,1-29 Days,2,Active,N
LN-20330,2025-10-01,48910.64,301.62,8,1-29 Days,2,Active,N
LN-20330,2025-11-01,96362.5,594.24,13,1-29 Days,2,Active,N
LN-20330,2025-12-01,95409.34,588.36,0,Current,2,Active,N
LN-20330,2026-01-01,113957.01,702.73,0,Current,2,Active,N
LN-20330,2026-02-01,97995.44,604.31,0,Current,2,Active,N
LN-20330,2026-03-01,165279.24,1019.22,0,Current,2,Active,N
LN-20330,2026-04-01,150324.32,927.0,0,Current,2,Active,N
LN-20330,2026-05-01,157822.92,973.24,0,Current,2,Active,N
LN-20330,2026-06-01,143938.37,887.62,0,Current,2,Active,N
LN-20330,2026-07-01,134271.79,828.01,0,Current,2,Active,N
LN-20331,2024-08-01,499531.48,11513.42,0,Current,2,Active,N
LN-20331,2024-09-01,491219.22,11513.42,0,Current,2,Active,N
LN-20331,2024-10-01,482853.7,11513.42,0,Current,2,Active,N
LN-20331,2024-11-01,474434.56,11513.42,0,Current,2,Active,N
LN-20331,2024-12-01,465961.48,11513.42,0,Current,2,Active,N
LN-20331,2025-01-01,457434.09,11513.42,0,Current,2,Active,N
LN-20331,2025-02-01,448852.06,11513.42,0,Current,2,Active,N
LN-20331,2025-03-01,440215.03,11513.42,0,Current,2,Active,N
LN-20331,2025-04-01,431522.66,11513.42,10,1-29 Days,2,Active,Y
LN-20331,2025-05-01,422774.58,11513.42,4,1-29 Days,2,Active,N
LN-20331,2025-06-01,413970.44,11513.42,7,1-29 Days,2,Active,N
LN-20331,2025-07-01,405109.88,11513.42,11,1-29 Days,2,Active,N
LN-20331,2025-08-01,396192.53,11513.42,1,1-29 Days,2,Active,N
LN-20331,2025-09-01,387218.05,11513.42,20,1-29 Days,2,Active,N
LN-20331,2025-10-01,378186.05,11513.42,20,1-29 Days,2,Active,N
LN-20331,2025-11-01,369096.17,11513.42,29,1-29 Days,2,Active,N
LN-20331,2025-12-01,359948.04,11513.42,16,1-29 Days,2,Active,N
LN-20331,2026-01-01,350741.28,11513.42,0,Current,2,Active,N
LN-20331,2026-02-01,341475.53,11513.42,0,Current,2,Active,N
LN-20331,2026-03-01,332150.4,11513.42,0,Current,2,Active,N
LN-20331,2026-04-01,322765.51,11513.42,0,Current,2,Active,N
LN-20331,2026-05-01,313320.48,11513.42,0,Current,2,Active,N
LN-20331,2026-06-01,303814.92,11513.42,0,Current,2,Active,N
LN-20331,2026-07-01,294248.44,11513.42,0,Current,2,Active,N
LN-20332,2025-02-01,1061400.0,12323.75,0,Current,1,Active,N
LN-20332,2025-03-01,1055267.75,12323.75,0,Current,1,Active,N
LN-20332,2025-04-01,1049099.72,12323.75,0,Current,1,Active,N
LN-20332,2025-05-01,1042895.71,12323.75,0,Current,1,Active,N
LN-20332,2025-06-01,1036655.52,12323.75,0,Current,1,Active,N
LN-20332,2025-07-01,1030378.92,12323.75,0,Current,1,Active,N
LN-20332,2025-08-01,1024065.71,12323.75,0,Current,1,Active,N
LN-20332,2025-09-01,1017715.67,12323.75,0,Current,1,Active,N
LN-20332,2025-10-01,1011328.6,12323.75,0,Current,1,Active,N
LN-20332,2025-11-01,1004904.26,12323.75,0,Current,1,Active,N
LN-20332,2025-12-01,998442.45,12323.75,0,Current,1,Active,N
LN-20332,2026-01-01,991942.94,12323.75,0,Current,1,Active,N
LN-20332,2026-02-01,985405.52,12323.75,0,Current,1,Active,N
LN-20332,2026-03-01,978829.96,12323.75,0,Current,1,Active,N
LN-20332,2026-04-01,972216.05,12323.75,0,Current,1,Active,N
LN-20332,2026-05-01,965563.56,12323.75,0,Current,1,Active,N
LN-20332,2026-06-01,958872.26,12323.75,0,Current,1,Active,N
LN-20332,2026-07-01,952141.93,12323.75,0,Current,1,Active,N
LN-20333,2025-12-01,869300.0,9954.97,0,Current,1,Active,N
LN-20333,2026-01-01,864191.38,9954.97,0,Current,1,Active,N
LN-20333,2026-02-01,859054.27,9954.97,0,Current,1,Active,N
LN-20333,2026-03-01,853888.53,9954.97,0,Current,1,Active,N
LN-20333,2026-04-01,848693.99,9954.97,0,Current,1,Active,N
LN-20333,2026-05-01,843470.49,9954.97,0,Current,1,Active,N
LN-20333,2026-06-01,838217.86,9954.97,0,Current,1,Active,N
LN-20333,2026-07-01,832935.96,9954.97,0,Current,1,Active,N
LN-20334,2026-03-01,198800.0,2976.19,0,Current,1,Active,N
LN-20334,2026-04-01,196942.06,2976.19,0,Current,1,Active,N
LN-20334,2026-05-01,195073.67,2976.19,0,Current,1,Active,N
LN-20334,2026-06-01,193194.78,2976.19,0,Current,1,Active,N
LN-20334,2026-07-01,191305.31,2976.19,0,Current,1,Active,N
LN-20335,2024-08-01,220477.35,1631.53,76,60-89 Days,4,Active,N
LN-20335,2024-09-01,238924.13,1768.04,80,60-89 Days,4,Active,N
LN-20335,2024-10-01,192141.5,1421.85,0,Current,4,Active,N
LN-20335,2024-11-01,154348.04,1142.18,0,Current,4,Active,N
LN-20335,2024-12-01,209933.19,1553.51,0,Current,4,Active,N
LN-20335,2025-01-01,247100.45,1828.54,0,Current,4,Active,N
LN-20335,2025-02-01,326897.92,2419.04,0,Current,4,Active,N
LN-20335,2025-03-01,265071.12,1961.53,0,Current,4,Active,N
LN-20335,2025-04-01,338978.97,2508.44,0,Current,4,Active,N
LN-20335,2025-05-01,350168.11,2591.24,0,Current,4,Active,N
LN-20335,2025-06-01,359223.0,2658.25,0,Current,4,Active,N
LN-20335,2025-07-01,314270.22,2325.6,0,Current,4,Active,N
LN-20335,2025-08-01,266873.42,1974.86,0,Current,4,Active,N
LN-20335,2025-09-01,367733.1,2721.22,0,Current,4,Active,N
LN-20335,2025-10-01,93893.1,694.81,0,Current,4,Active,N
LN-20335,2025-11-01,253909.77,1878.93,0,Current,4,Active,N
LN-20335,2025-12-01,246896.64,1827.04,0,Current,4,Active,N
LN-20335,2026-01-01,234002.89,1731.62,0,Current,4,Active,N
LN-20335,2026-02-01,184269.54,1363.59,0,Current,4,Active,N
LN-20335,2026-03-01,324311.61,2399.91,0,Current,4,Active,N
LN-20335,2026-04-01,351033.85,2597.65,0,Current,4,Active,N
LN-20335,2026-05-01,326382.92,2415.23,0,Current,4,Active,N
LN-20335,2026-06-01,267290.4,1977.95,152,90+ Days,4,Active,Y
LN-20335,2026-07-01,265956.83,1968.08,230,90+ Days,4,Active,N
LN-20337,2024-08-01,248076.14,9632.24,0,Current,1,Active,N
LN-20337,2024-09-01,239897.21,9632.24,0,Current,1,Active,N
LN-20337,2024-10-01,231670.36,9632.24,0,Current,1,Active,N
LN-20337,2024-11-01,223395.32,9632.24,0,Current,1,Active,N
LN-20337,2024-12-01,215071.8,9632.24,0,Current,1,Active,N
LN-20337,2025-01-01,206699.52,9632.24,0,Current,1,Active,N
LN-20337,2025-02-01,198278.19,9632.24,0,Current,1,Active,N
LN-20337,2025-03-01,189807.52,9632.24,0,Current,1,Active,N
LN-20337,2025-04-01,181287.23,9632.24,0,Current,1,Active,N
LN-20337,2025-05-01,172717.03,9632.24,0,Current,1,Active,N
LN-20337,2025-06-01,164096.62,9632.24,0,Current,1,Active,N
LN-20337,2025-07-01,155425.71,9632.24,0,Current,1,Active,N
LN-20337,2025-08-01,146704.0,9632.24,0,Current,1,Active,N
LN-20337,2025-09-01,137931.2,9632.24,0,Current,1,Active,N
LN-20337,2025-10-01,129107.0,9632.24,0,Current,1,Active,N
LN-20337,2025-11-01,120231.11,9632.24,0,Current,1,Active,N
LN-20337,2025-12-01,111303.21,9632.24,0,Current,1,Active,N
LN-20337,2026-01-01,102323.02,9632.24,0,Current,1,Active,N
LN-20337,2026-02-01,93290.22,9632.24,0,Current,1,Active,N
LN-20337,2026-03-01,84204.5,9632.24,0,Current,1,Active,N
LN-20337,2026-04-01,75065.55,9632.24,0,Current,1,Active,N
LN-20337,2026-05-01,65873.07,9632.24,0,Current,1,Active,N
LN-20337,2026-06-01,56626.73,9632.24,0,Current,1,Active,N
LN-20337,2026-07-01,47326.22,9632.24,0,Current,1,Active,N
LN-20338,2024-08-01,905775.03,12170.23,0,Current,1,Active,N
LN-20338,2024-09-01,899620.66,12170.23,0,Current,1,Active,N
LN-20338,2024-10-01,893425.41,12170.23,0,Current,1,Active,N
LN-20338,2024-11-01,887189.02,12170.23,0,Current,1,Active,N
LN-20338,2024-12-01,880911.21,12170.23,0,Current,1,Active,N
LN-20338,2025-01-01,874591.7,12170.23,0,Current,1,Active,N
LN-20338,2025-02-01,868230.22,12170.23,0,Current,1,Active,N
LN-20338,2025-03-01,861826.48,12170.23,0,Current,1,Active,N
LN-20338,2025-04-01,855380.22,12170.23,0,Current,1,Active,N
LN-20338,2025-05-01,848891.14,12170.23,0,Current,1,Active,N
LN-20338,2025-06-01,842358.97,12170.23,0,Current,1,Active,N
LN-20338,2025-07-01,835783.41,12170.23,0,Current,1,Active,N
LN-20338,2025-08-01,829164.17,12170.23,0,Current,1,Active,N
LN-20338,2025-09-01,822500.98,12170.23,0,Current,1,Active,N
LN-20338,2025-10-01,815793.53,12170.23,0,Current,1,Active,N
LN-20338,2025-11-01,809041.53,12170.23,0,Current,1,Active,N
LN-20338,2025-12-01,802244.69,12170.23,0,Current,1,Active,N
LN-20338,2026-01-01,795402.7,12170.23,0,Current,1,Active,N
LN-20338,2026-02-01,788515.27,12170.23,0,Current,1,Active,N
LN-20338,2026-03-01,781582.1,12170.23,0,Current,1,Active,N
LN-20338,2026-04-01,774602.88,12170.23,0,Current,1,Active,N
LN-20338,2026-05-01,767577.31,12170.23,0,Current,1,Active,N
LN-20338,2026-06-01,760505.07,12170.23,0,Current,1,Active,N
LN-20338,2026-07-01,753385.87,12170.23,0,Current,1,Active,N
LN-20339,2024-08-01,231277.42,9941.71,0,Current,1,Active,N
LN-20339,2024-09-01,222634.72,9941.71,0,Current,1,Active,N
LN-20339,2024-10-01,213943.47,9941.71,0,Current,1,Active,N
LN-20339,2024-11-01,205203.41,9941.71,0,Current,1,Active,N
LN-20339,2024-12-01,196414.26,9941.71,0,Current,1,Active,N
LN-20339,2025-01-01,187575.75,9941.71,0,Current,1,Active,N
LN-20339,2025-02-01,178687.59,9941.71,0,Current,1,Active,N
LN-20339,2025-03-01,169749.51,9941.71,0,Current,1,Active,N
LN-20339,2025-04-01,160761.22,9941.71,0,Current,1,Active,N
LN-20339,2025-05-01,151722.46,9941.71,0,Current,1,Active,N
LN-20339,2025-06-01,142632.92,9941.71,0,Current,1,Active,N
LN-20339,2025-07-01,133492.33,9941.71,0,Current,1,Active,N
LN-20339,2025-08-01,124300.41,9941.71,0,Current,1,Active,N
LN-20339,2025-09-01,115056.85,9941.71,0,Current,1,Active,N
LN-20339,2025-10-01,105761.38,9941.71,0,Current,1,Active,N
LN-20339,2025-11-01,96413.69,9941.71,0,Current,1,Active,N
LN-20339,2025-12-01,87013.51,9941.71,0,Current,1,Active,N
LN-20339,2026-01-01,77560.52,9941.71,0,Current,1,Active,N
LN-20339,2026-02-01,68054.45,9941.71,0,Current,1,Active,N
LN-20339,2026-03-01,58494.98,9941.71,0,Current,1,Active,N
LN-20339,2026-04-01,48881.81,9941.71,0,Current,1,Active,N
LN-20339,2026-05-01,39214.66,9941.71,0,Current,1,Active,N
LN-20339,2026-06-01,29493.2,9941.71,0,Current,1,Active,N
LN-20339,2026-07-01,19717.15,9941.71,0,Current,1,Active,N
LN-20341,2026-02-01,412900.0,5024.9,16,1-29 Days,3,Active,N
LN-20341,2026-03-01,410651.85,5024.9,17,1-29 Days,3,Active,N
LN-20341,2026-04-01,408388.58,5024.9,18,1-29 Days,3,Active,N
LN-20341,2026-05-01,406110.09,5024.9,7,1-29 Days,3,Active,N
LN-20341,2026-06-01,403816.28,5024.9,12,1-29 Days,3,Active,N
LN-20341,2026-07-01,401507.05,5024.9,54,30-59 Days,3,Active,Y
LN-20342,2024-09-01,1279900.0,19111.31,0,Current,2,Active,N
LN-20342,2024-10-01,1267902.8,19111.31,0,Current,2,Active,N
LN-20342,2024-11-01,1255838.92,19111.31,0,Current,2,Active,N
LN-20342,2024-12-01,1243707.99,19111.31,0,Current,2,Active,N
LN-20342,2025-01-01,1231509.63,19111.31,0,Current,2,Active,N
LN-20342,2025-02-01,1219243.46,19111.31,0,Current,2,Active,N
LN-20342,2025-03-01,1206909.12,19111.31,0,Current,2,Active,N
LN-20342,2025-04-01,1194506.21,19111.31,0,Current,2,Active,N
LN-20342,2025-05-01,1182034.37,19111.31,0,Current,2,Active,N
LN-20342,2025-06-01,1169493.2,19111.31,0,Current,2,Active,N
LN-20342,2025-07-01,1156882.33,19111.31,0,Current,2,Active,N
LN-20342,2025-08-01,1144201.36,19111.31,0,Current,2,Active,N
LN-20342,2025-09-01,1131449.91,19111.31,0,Current,2,Active,N
LN-20342,2025-10-01,1118627.58,19111.31,0,Current,2,Active,N
LN-20342,2025-11-01,1105733.98,19111.31,0,Current,2,Active,N
LN-20342,2025-12-01,1092768.71,19111.31,0,Current,2,Active,N
LN-20342,2026-01-01,1079731.37,19111.31,0,Current,2,Active,N
LN-20342,2026-02-01,1066621.57,19111.31,0,Current,2,Active,N
LN-20342,2026-03-01,1053438.91,19111.31,0,Current,2,Active,N
LN-20342,2026-04-01,1040182.96,19111.31,0,Current,2,Active,N
LN-20342,2026-05-01,1026853.34,19111.31,0,Current,2,Active,N
LN-20342,2026-06-01,1013449.63,19111.31,0,Current,2,Active,N
LN-20342,2026-07-01,999971.41,19111.31,0,Current,2,Active,N
LN-20344,2024-10-01,1266500.0,14413.09,0,Current,2,Active,N
LN-20344,2024-11-01,1258999.89,14413.09,0,Current,2,Active,N
LN-20344,2024-12-01,1251458.84,14413.09,0,Current,2,Active,N
LN-20344,2025-01-01,1243876.62,14413.09,0,Current,2,Active,N
LN-20344,2025-02-01,1236253.02,14413.09,0,Current,2,Active,N
LN-20344,2025-03-01,1228587.81,14413.09,0,Current,2,Active,N
LN-20344,2025-04-01,1220880.76,14413.09,0,Current,2,Active,N
LN-20344,2025-05-01,1213131.64,14413.09,0,Current,2,Active,N
LN-20344,2025-06-01,1205340.23,14413.09,0,Current,2,Active,N
LN-20344,2025-07-01,1197506.28,14413.09,0,Current,2,Active,N
LN-20344,2025-08-01,1189629.58,14413.09,0,Current,2,Active,N
LN-20344,2025-09-01,1181709.88,14413.09,0,Current,2,Active,N
LN-20344,2025-10-01,1173746.96,14413.09,0,Current,2,Active,N
LN-20344,2025-11-01,1165740.57,14413.09,0,Current,2,Active,N
LN-20344,2025-12-01,1157690.48,14413.09,0,Current,2,Active,N
LN-20344,2026-01-01,1149596.44,14413.09,0,Current,2,Active,N
LN-20344,2026-02-01,1141458.23,14413.09,0,Current,2,Active,N
LN-20344,2026-03-01,1133275.6,14413.09,0,Current,2,Active,N
LN-20344,2026-04-01,1125048.3,14413.09,0,Current,2,Active,N
LN-20344,2026-05-01,1116776.1,14413.09,0,Current,2,Active,N
LN-20344,2026-06-01,1108458.74,14413.09,0,Current,2,Active,N
LN-20344,2026-07-01,1100095.99,14413.09,0,Current,2,Active,N
LN-20345,2025-01-01,53533.61,397.93,0,Current,2,Active,N
LN-20345,2025-02-01,51896.1,385.76,0,Current,2,Active,N
LN-20345,2025-03-01,92826.96,690.01,0,Current,2,Active,N
LN-20345,2025-04-01,96458.43,717.01,0,Current,2,Active,N
LN-20345,2025-05-01,64984.57,483.05,0,Current,2,Active,N
LN-20345,2025-06-01,70418.0,523.44,0,Current,2,Active,N
LN-20345,2025-07-01,70511.84,524.14,0,Current,2,Active,N
LN-20345,2025-08-01,46584.36,346.28,0,Current,2,Active,N
LN-20345,2025-09-01,56738.38,421.76,0,Current,2,Active,N
LN-20345,2025-10-01,61919.93,460.27,0,Current,2,Active,N
LN-20345,2025-11-01,36071.45,268.13,0,Current,2,Active,N
LN-20345,2025-12-01,44882.14,333.62,0,Current,2,Active,N
LN-20345,2026-01-01,53832.45,400.15,0,Current,2,Active,N
LN-20345,2026-02-01,51559.69,383.26,0,Current,2,Active,N
LN-20345,2026-03-01,102589.71,762.58,0,Current,2,Active,N
LN-20345,2026-04-01,86179.36,640.6,0,Current,2,Active,N
LN-20345,2026-05-01,88373.38,656.91,0,Current,2,Active,N
LN-20345,2026-06-01,77712.54,577.66,0,Current,2,Active,N
LN-20345,2026-07-01,64400.44,478.71,0,Current,2,Active,N
LN-20346,2024-08-01,491441.74,12707.46,0,Current,2,Active,N
LN-20346,2024-09-01,481621.49,12707.46,0,Current,2,Active,N
LN-20346,2024-10-01,471743.56,12707.46,0,Current,2,Active,N
LN-20346,2024-11-01,461807.59,12707.46,0,Current,2,Active,N
LN-20346,2024-12-01,451813.24,12707.46,0,Current,2,Active,N
LN-20346,2025-01-01,441760.18,12707.46,0,Current,2,Active,N
LN-20346,2025-02-01,431648.06,12707.46,0,Current,2,Active,N
LN-20346,2025-03-01,421476.53,12707.46,0,Current,2,Active,N
LN-20346,2025-04-01,411245.24,12707.46,0,Current,2,Active,N
LN-20346,2025-05-01,400953.85,12707.46,0,Current,2,Active,N
LN-20346,2025-06-01,390601.99,12707.46,0,Current,2,Active,N
LN-20346,2025-07-01,380189.31,12707.46,0,Current,2,Active,N
LN-20346,2025-08-01,369715.46,12707.46,0,Current,2,Active,N
LN-20346,2025-09-01,359180.08,12707.46,0,Current,2,Active,N
LN-20346,2025-10-01,348582.8,12707.46,0,Current,2,Active,N
LN-20346,2025-11-01,337923.26,12707.46,0,Current,2,Active,N
LN-20346,2025-12-01,327201.09,12707.46,0,Current,2,Active,N
LN-20346,2026-01-01,316415.94,12707.46,0,Current,2,Active,N
LN-20346,2026-02-01,305567.42,12707.46,0,Current,2,Active,N
LN-20346,2026-03-01,294655.17,12707.46,0,Current,2,Active,N
LN-20346,2026-04-01,283678.8,12707.46,9,1-29 Days,2,Active,Y
LN-20346,2026-05-01,272637.95,12707.46,5,1-29 Days,2,Active,N
LN-20346,2026-06-01,261532.24,12707.46,26,1-29 Days,2,Active,N
LN-20346,2026-07-01,250361.28,12707.46,7,1-29 Days,2,Active,N
LN-20347,2024-08-01,17336.84,5837.03,0,Current,1,Active,N
LN-20347,2024-09-01,11586.79,5837.03,0,Current,1,Active,N
LN-20347,2024-10-01,5807.89,5837.03,0,Current,1,Active,N
LN-20348,2024-08-01,667657.71,10215.45,0,Current,1,Active,N
LN-20348,2024-09-01,661247.91,10215.45,0,Current,1,Active,N
LN-20348,2024-10-01,654801.57,10215.45,0,Current,1,Active,N
LN-20348,2024-11-01,648318.49,10215.45,0,Current,1,Active,N
LN-20348,2024-12-01,641798.45,10215.45,0,Current,1,Active,N
LN-20348,2025-01-01,635241.25,10215.45,0,Current,1,Active,N
LN-20348,2025-02-01,628646.67,10215.45,0,Current,1,Active,N
LN-20348,2025-03-01,622014.51,10215.45,0,Current,1,Active,N
LN-20348,2025-04-01,615344.54,10215.45,0,Current,1,Active,N
LN-20348,2025-05-01,608636.55,10215.45,0,Current,1,Active,N
LN-20348,2025-06-01,601890.33,10215.45,0,Current,1,Active,N
LN-20348,2025-07-01,595105.65,10215.45,0,Current,1,Active,N
LN-20348,2025-08-01,588282.3,10215.45,0,Current,1,Active,N
LN-20348,2025-09-01,581420.06,10215.45,0,Current,1,Active,N
LN-20348,2025-10-01,574518.7,10215.45,0,Current,1,Active,N
LN-20348,2025-11-01,567578.01,10215.45,0,Current,1,Active,N
LN-20348,2025-12-01,560597.75,10215.45,0,Current,1,Active,N
LN-20348,2026-01-01,553577.7,10215.45,0,Current,1,Active,N
LN-20348,2026-02-01,546517.65,10215.45,0,Current,1,Active,N
LN-20348,2026-03-01,539417.34,10215.45,0,Current,1,Active,N
LN-20348,2026-04-01,532276.57,10215.45,0,Current,1,Active,N
LN-20348,2026-05-01,525095.1,10215.45,0,Current,1,Active,N
LN-20348,2026-06-01,517872.69,10215.45,0,Current,1,Active,N
LN-20348,2026-07-01,510609.11,10215.45,0,Current,1,Active,N
LN-20349,2024-08-01,426056.33,6771.16,0,Current,3,Active,N
LN-20349,2024-09-01,421813.1,6771.16,0,Current,3,Active,N
LN-20349,2024-10-01,417544.69,6771.16,0,Current,3,Active,N
LN-20349,2024-11-01,413250.96,6771.16,0,Current,3,Active,N
LN-20349,2024-12-01,408931.75,6771.16,0,Current,3,Active,N
LN-20349,2025-01-01,404586.91,6771.16,0,Current,3,Active,N
LN-20349,2025-02-01,400216.3,6771.16,0,Current,3,Active,N
LN-20349,2025-03-01,395819.75,6771.16,0,Current,3,Active,N
LN-20349,2025-04-01,391397.12,6771.16,0,Current,3,Active,N
LN-20349,2025-05-01,386948.24,6771.16,0,Current,3,Active,N
LN-20349,2025-06-01,382472.97,6771.16,0,Current,3,Active,N
LN-20349,2025-07-01,377971.14,6771.16,1,1-29 Days,3,Active,Y
LN-20349,2025-08-01,373442.61,6771.16,4,1-29 Days,3,Active,N
LN-20349,2025-09-01,368887.2,6771.16,0,Current,3,Active,N
LN-20349,2025-10-01,364304.77,6771.16,0,Current,3,Active,N
LN-20349,2025-11-01,359695.15,6771.16,0,Current,3,Active,N
LN-20349,2025-12-01,355058.17,6771.16,0,Current,3,Active,N
LN-20349,2026-01-01,350393.69,6771.16,0,Current,3,Active,N
LN-20349,2026-02-01,345701.52,6771.16,0,Current,3,Active,N
LN-20349,2026-03-01,340981.52,6771.16,0,Current,3,Active,N
LN-20349,2026-04-01,336233.52,6771.16,0,Current,3,Active,N
LN-20349,2026-05-01,331457.34,6771.16,0,Current,3,Active,N
LN-20349,2026-06-01,326652.82,6771.16,0,Current,3,Active,N
LN-20349,2026-07-01,321819.79,6771.16,0,Current,3,Active,N
LN-20350,2025-05-01,871500.0,7396.65,32,30-59 Days,3,Active,N
LN-20350,2025-06-01,868526.21,7396.65,53,30-59 Days,3,Active,N
LN-20350,2025-07-01,865537.32,7396.65,49,30-59 Days,3,Active,N
LN-20350,2025-08-01,862533.27,7396.65,33,30-59 Days,3,Active,N
LN-20350,2025-09-01,859513.97,7396.65,44,30-59 Days,3,Active,N
LN-20350,2025-10-01,856479.35,7396.65,0,Current,3,Active,N
LN-20350,2025-11-01,853429.33,7396.65,0,Current,3,Active,N
LN-20350,2025-12-01,850363.83,7396.65,0,Current,3,Active,N
LN-20350,2026-01-01,847282.77,7396.65,0,Current,3,Active,N
LN-20350,2026-02-01,844186.07,7396.65,0,Current,3,Active,N
LN-20350,2026-03-01,841073.66,7396.65,0,Current,3,Active,N
LN-20350,2026-04-01,837945.46,7396.65,22,1-29 Days,3,Active,Y
LN-20350,2026-05-01,834801.37,7396.65,12,1-29 Days,3,Active,N
LN-20350,2026-06-01,831641.34,7396.65,0,Current,3,Active,N
LN-20350,2026-07-01,828465.26,7396.65,0,Current,3,Active,N
LN-20351,2025-05-01,353380.21,2082.0,0,Current,1,Active,N
LN-20351,2025-06-01,359328.08,2117.04,0,Current,1,Active,N
LN-20351,2025-07-01,292693.78,1724.45,0,Current,1,Active,N
LN-20351,2025-08-01,242250.83,1427.26,0,Current,1,Active,N
LN-20351,2025-09-01,189818.59,1118.35,0,Current,1,Active,N
LN-20351,2025-10-01,188870.27,1112.76,0,Current,1,Active,N
LN-20351,2025-11-01,154253.42,908.81,0,Current,1,Active,N
LN-20351,2025-12-01,250004.79,1472.94,0,Current,1,Active,N
LN-20351,2026-01-01,233784.2,1377.38,0,Current,1,Active,N
LN-20351,2026-02-01,256687.07,1512.31,0,Current,1,Active,N
LN-20351,2026-03-01,407348.63,2399.96,0,Current,1,Active,N
LN-20351,2026-04-01,236963.29,1396.11,0,Current,1,Active,N
LN-20351,2026-05-01,310353.28,1828.5,0,Current,1,Active,N
LN-20351,2026-06-01,260735.91,1536.17,0,Current,1,Active,N
LN-20351,2026-07-01,200237.19,1179.73,0,Current,1,Active,N
LN-20352,2024-08-01,178285.1,2788.75,0,Current,1,Active,N
LN-20352,2024-09-01,176659.66,2788.75,0,Current,1,Active,N
LN-20352,2024-10-01,175023.62,2788.75,0,Current,1,Active,N
LN-20352,2024-11-01,173376.9,2788.75,0,Current,1,Active,N
LN-20352,2024-12-01,171719.44,2788.75,0,Current,1,Active,N
LN-20352,2025-01-01,170051.16,2788.75,0,Current,1,Active,N
LN-20352,2025-02-01,168372.0,2788.75,0,Current,1,Active,N
LN-20352,2025-03-01,166681.88,2788.75,0,Current,1,Active,N
LN-20352,2025-04-01,164980.73,2788.75,0,Current,1,Active,N
LN-20352,2025-05-01,163268.48,2788.75,0,Current,1,Active,N
LN-20352,2025-06-01,161545.06,2788.75,0,Current,1,Active,N
LN-20352,2025-07-01,159810.39,2788.75,0,Current,1,Active,N
LN-20352,2025-08-01,158064.41,2788.75,0,Current,1,Active,N
LN-20352,2025-09-01,156307.03,2788.75,0,Current,1,Active,N
LN-20352,2025-10-01,154538.19,2788.75,0,Current,1,Active,N
LN-20352,2025-11-01,152757.8,2788.75,0,Current,1,Active,N
LN-20352,2025-12-01,150965.8,2788.75,0,Current,1,Active,N
LN-20352,2026-01-01,149162.1,2788.75,0,Current,1,Active,N
LN-20352,2026-02-01,147346.64,2788.75,0,Current,1,Active,N
LN-20352,2026-03-01,145519.33,2788.75,0,Current,1,Active,N
LN-20352,2026-04-01,143680.1,2788.75,0,Current,1,Active,N
LN-20352,2026-05-01,141828.86,2788.75,0,Current,1,Active,N
LN-20352,2026-06-01,139965.55,2788.75,0,Current,1,Active,N
LN-20352,2026-07-01,138090.07,2788.75,0,Current,1,Active,N
LN-20353,2024-08-01,36525.44,239.24,0,Current,2,Active,N
LN-20353,2024-09-01,46807.44,306.59,0,Current,2,Active,N
LN-20353,2024-10-01,27057.6,177.23,0,Current,2,Active,N
LN-20353,2024-11-01,10575.0,69.27,0,Current,2,Active,N
LN-20353,2024-12-01,32416.85,212.33,0,Current,2,Active,N
LN-20353,2025-01-01,40490.51,265.21,0,Current,2,Active,N
LN-20353,2025-02-01,44447.56,291.13,0,Current,2,Active,N
LN-20353,2025-03-01,43924.42,287.7,0,Current,2,Active,N
LN-20353,2025-04-01,52598.85,344.52,0,Current,2,Active,N
LN-20353,2025-05-01,43537.09,285.17,0,Current,2,Active,N
LN-20353,2025-06-01,48261.09,316.11,0,Current,2,Active,N
LN-20353,2025-07-01,36266.98,237.55,0,Current,2,Active,N
LN-20353,2025-08-01,33221.85,217.6,0,Current,2,Active,N
LN-20353,2025-09-01,39335.33,257.65,0,Current,2,Active,N
LN-20353,2025-10-01,31172.83,204.18,0,Current,2,Active,N
LN-20353,2025-11-01,20385.62,133.53,0,Current,2,Active,N
LN-20353,2025-12-01,26178.4,171.47,0,Current,2,Active,N
LN-20353,2026-01-01,48049.53,314.72,0,Current,2,Active,N
LN-20353,2026-02-01,36288.5,237.69,0,Current,2,Active,N
LN-20353,2026-03-01,43261.66,283.36,0,Current,2,Active,N
LN-20353,2026-04-01,50863.04,333.15,0,Current,2,Active,N
LN-20353,2026-05-01,54923.16,359.75,0,Current,2,Active,N
LN-20353,2026-06-01,54920.26,359.73,0,Current,2,Active,N
LN-20353,2026-07-01,39472.08,258.54,25,1-29 Days,2,Active,Y
LN-20354,2024-08-01,269588.38,12084.84,0,Current,3,Active,N
LN-20354,2024-09-01,259103.1,12084.84,0,Current,3,Active,N
LN-20354,2024-10-01,248555.61,12084.84,0,Current,3,Active,N
LN-20354,2024-11-01,237945.53,12084.84,0,Current,3,Active,N
LN-20354,2024-12-01,227272.5,12084.84,0,Current,3,Active,N
LN-20354,2025-01-01,216536.15,12084.84,0,Current,3,Active,N
LN-20354,2025-02-01,205736.09,12084.84,0,Current,3,Active,N
LN-20354,2025-03-01,194871.95,12084.84,0,Current,3,Active,N
LN-20354,2025-04-01,183943.36,12084.84,7,1-29 Days,3,Active,Y
LN-20354,2025-05-01,172949.91,12084.84,26,1-29 Days,3,Active,N
LN-20354,2025-06-01,161891.25,12084.84,27,1-29 Days,3,Active,N
LN-20354,2025-07-01,150766.96,12084.84,18,1-29 Days,3,Active,N
LN-20354,2025-08-01,139576.67,12084.84,29,1-29 Days,3,Active,N
LN-20354,2025-09-01,128319.99,12084.84,4,1-29 Days,3,Active,N
LN-20354,2025-10-01,116996.52,12084.84,0,Current,3,Active,N
LN-20354,2025-11-01,105605.86,12084.84,0,Current,3,Active,N
LN-20354,2025-12-01,94147.62,12084.84,0,Current,3,Active,N
LN-20354,2026-01-01,82621.39,12084.84,0,Current,3,Active,N
LN-20354,2026-02-01,71026.77,12084.84,0,Current,3,Active,N
LN-20354,2026-03-01,59363.36,12084.84,0,Current,3,Active,N
LN-20354,2026-04-01,47630.74,12084.84,0,Current,3,Active,N
LN-20354,2026-05-01,35828.51,12084.84,0,Current,3,Active,N
LN-20354,2026-06-01,23956.26,12084.84,0,Current,3,Active,N
LN-20354,2026-07-01,12013.56,12084.84,0,Current,3,Active,N
LN-20355,2024-08-01,107171.84,763.6,0,Current,2,Active,N
LN-20355,2024-09-01,67377.55,480.07,0,Current,2,Active,N
LN-20355,2024-10-01,43664.9,311.11,51,30-59 Days,2,Active,Y
LN-20355,2024-11-01,68985.82,491.52,43,30-59 Days,2,Active,N
LN-20355,2024-12-01,70305.06,500.92,43,30-59 Days,2,Active,N
LN-20355,2025-01-01,93747.44,667.95,0,Current,2,Active,N
LN-20355,2025-02-01,67823.3,483.24,0,Current,2,Active,N
LN-20355,2025-03-01,142778.77,1017.3,0,Current,2,Active,N
LN-20355,2025-04-01,94737.55,675.01,0,Current,2,Active,N
LN-20355,2025-05-01,121363.92,864.72,88,60-89 Days,3,Active,Y
LN-20355,2025-06-01,108111.94,770.3,66,60-89 Days,3,Active,N
LN-20355,2025-07-01,97810.8,696.9,0,Current,2,Active,N
LN-20355,2025-08-01,54710.58,389.81,0,Current,2,Active,N
LN-20355,2025-09-01,115364.34,821.97,0,Current,2,Active,N
LN-20355,2025-10-01,50390.45,359.03,0,Current,2,Active,N
LN-20355,2025-11-01,38989.43,277.8,0,Current,2,Active,N
LN-20355,2025-12-01,59760.29,425.79,0,Current,2,Active,N
LN-20355,2026-01-01,102727.66,731.93,0,Current,2,Active,N
LN-20355,2026-02-01,89754.25,639.5,0,Current,2,Active,N
LN-20355,2026-03-01,102102.37,727.48,0,Current,2,Active,N
LN-20355,2026-04-01,106625.77,759.71,0,Current,2,Active,N
LN-20355,2026-05-01,102981.1,733.74,0,Current,2,Active,N
LN-20355,2026-06-01,132286.52,942.54,0,Current,2,Active,N
LN-20355,2026-07-01,55464.25,395.18,0,Current,2,Active,N
LN-20356,2026-05-01,85100.0,1687.89,0,Current,1,Active,N
LN-20356,2026-06-01,83913.49,1687.89,0,Current,1,Active,N
LN-20356,2026-07-01,82719.98,1687.89,0,Current,1,Active,N
LN-20357,2024-08-01,162524.06,6383.04,0,Current,1,Active,N
LN-20357,2024-09-01,157225.87,6383.04,0,Current,1,Active,N
LN-20357,2024-10-01,151892.31,6383.04,0,Current,1,Active,N
LN-20357,2024-11-01,146523.16,6383.04,0,Current,1,Active,N
LN-20357,2024-12-01,141118.17,6383.04,0,Current,1,Active,N
LN-20357,2025-01-01,135677.09,6383.04,0,Current,1,Active,N
LN-20357,2025-02-01,130199.7,6383.04,0,Current,1,Active,N
LN-20357,2025-03-01,124685.75,6383.04,0,Current,1,Active,N
LN-20357,2025-04-01,119134.99,6383.04,0,Current,1,Active,N
LN-20357,2025-05-01,113547.18,6383.04,0,Current,1,Active,N
LN-20357,2025-06-01,107922.07,6383.04,0,Current,1,Active,N
LN-20357,2025-07-01,102259.42,6383.04,0,Current,1,Active,N
LN-20357,2025-08-01,96558.96,6383.04,0,Current,1,Active,N
LN-20357,2025-09-01,90820.46,6383.04,0,Current,1,Active,N
LN-20357,2025-10-01,85043.65,6383.04,0,Current,1,Active,N
LN-20357,2025-11-01,79228.28,6383.04,0,Current,1,Active,N
LN-20357,2025-12-01,73374.09,6383.04,0,Current,1,Active,N
LN-20357,2026-01-01,67480.83,6383.04,0,Current,1,Active,N
LN-20357,2026-02-01,61548.22,6383.04,0,Current,1,Active,N
LN-20357,2026-03-01,55576.02,6383.04,0,Current,1,Active,N
LN-20357,2026-04-01,49563.96,6383.04,0,Current,1,Active,N
LN-20357,2026-05-01,43511.76,6383.04,0,Current,1,Active,N
LN-20357,2026-06-01,37419.16,6383.04,0,Current,1,Active,N
LN-20357,2026-07-01,31285.9,6383.04,0,Current,1,Active,N
LN-20358,2024-08-01,179270.13,1145.83,0,Current,1,Active,N
LN-20358,2024-09-01,246523.53,1575.7,0,Current,1,Active,N
LN-20358,2024-10-01,194606.59,1243.86,0,Current,1,Active,N
LN-20358,2024-11-01,211700.34,1353.12,0,Current,1,Active,N
LN-20358,2024-12-01,140781.13,899.83,0,Current,1,Active,N
LN-20358,2025-01-01,195473.69,1249.4,0,Current,1,Active,N
LN-20358,2025-02-01,263137.05,1681.88,0,Current,1,Active,N
LN-20358,2025-03-01,401681.53,2567.41,0,Current,1,Active,N
LN-20358,2025-04-01,265796.7,1698.88,0,Current,1,Active,N
LN-20358,2025-05-01,314039.61,2007.24,0,Current,1,Active,N
LN-20358,2025-06-01,332541.46,2125.49,0,Current,1,Active,N
LN-20358,2025-07-01,292652.06,1870.53,0,Current,1,Active,N
LN-20358,2025-08-01,176990.31,1131.26,0,Current,1,Active,N
LN-20358,2025-09-01,200751.78,1283.14,0,Current,1,Active,N
LN-20358,2025-10-01,153999.18,984.31,0,Current,1,Active,N
LN-20358,2025-11-01,146186.86,934.38,0,Current,1,Active,N
LN-20358,2025-12-01,112286.82,717.7,0,Current,1,Active,N
LN-20358,2026-01-01,163042.52,1042.11,0,Current,1,Active,N
LN-20358,2026-02-01,243917.57,1559.04,0,Current,1,Active,N
LN-20358,2026-03-01,323639.73,2068.6,0,Current,1,Active,N
LN-20358,2026-04-01,327305.9,2092.03,0,Current,1,Active,N
LN-20358,2026-05-01,316735.54,2024.47,0,Current,1,Active,N
LN-20358,2026-06-01,306177.71,1956.99,0,Current,1,Active,N
LN-20358,2026-07-01,282577.94,1806.14,0,Current,1,Active,N
LN-20359,2024-08-01,474571.22,7767.57,0,Current,1,Active,N
LN-20359,2024-09-01,470125.65,7767.57,0,Current,1,Active,N
LN-20359,2024-10-01,465648.96,7767.57,0,Current,1,Active,N
LN-20359,2024-11-01,461140.94,7767.57,0,Current,1,Active,N
LN-20359,2024-12-01,456601.35,7767.57,0,Current,1,Active,N
LN-20359,2025-01-01,452030.0,7767.57,0,Current,1,Active,N
LN-20359,2025-02-01,447426.64,7767.57,0,Current,1,Active,N
LN-20359,2025-03-01,442791.06,7767.57,0,Current,1,Active,N
LN-20359,2025-04-01,438123.02,7767.57,0,Current,1,Active,N
LN-20359,2025-05-01,433422.32,7767.57,0,Current,1,Active,N
LN-20359,2025-06-01,428688.7,7767.57,0,Current,1,Active,N
LN-20359,2025-07-01,423921.96,7767.57,0,Current,1,Active,N
LN-20359,2025-08-01,419121.84,7767.57,0,Current,1,Active,N
LN-20359,2025-09-01,414288.13,7767.57,0,Current,1,Active,N
LN-20359,2025-10-01,409420.57,7767.57,0,Current,1,Active,N
LN-20359,2025-11-01,404518.95,7767.57,0,Current,1,Active,N
LN-20359,2025-12-01,399583.01,7767.57,0,Current,1,Active,N
LN-20359,2026-01-01,394612.53,7767.57,0,Current,1,Active,N
LN-20359,2026-02-01,389607.25,7767.57,0,Current,1,Active,N
LN-20359,2026-03-01,384566.93,7767.57,0,Current,1,Active,N
LN-20359,2026-04-01,379491.33,7767.57,0,Current,1,Active,N
LN-20359,2026-05-01,374380.2,7767.57,0,Current,1,Active,N
LN-20359,2026-06-01,369233.29,7767.57,0,Current,1,Active,N
LN-20359,2026-07-01,364050.36,7767.57,0,Current,1,Active,N
LN-20360,2024-08-01,1438943.6,16127.21,0,Current,2,Active,N
LN-20360,2024-09-01,1430874.48,16127.21,0,Current,2,Active,N
LN-20360,2024-10-01,1422760.17,16127.21,0,Current,2,Active,N
LN-20360,2024-11-01,1414600.42,16127.21,0,Current,2,Active,N
LN-20360,2024-12-01,1406394.97,16127.21,0,Current,2,Active,N
LN-20360,2025-01-01,1398143.58,16127.21,0,Current,2,Active,N
LN-20360,2025-02-01,1389845.97,16127.21,0,Current,2,Active,N
LN-20360,2025-03-01,1381501.9,16127.21,0,Current,2,Active,N
LN-20360,2025-04-01,1373111.11,16127.21,0,Current,2,Active,N
LN-20360,2025-05-01,1364673.32,16127.21,0,Current,2,Active,N
LN-20360,2025-06-01,1356188.29,16127.21,0,Current,2,Active,N
LN-20360,2025-07-01,1347655.73,16127.21,0,Current,2,Active,N
LN-20360,2025-08-01,1339075.4,16127.21,0,Current,2,Active,N
LN-20360,2025-09-01,1330447.01,16127.21,0,Current,2,Active,N
LN-20360,2025-10-01,1321770.31,16127.21,0,Current,2,Active,N
LN-20360,2025-11-01,1313045.01,16127.21,0,Current,2,Active,N
LN-20360,2025-12-01,1304270.86,16127.21,0,Current,2,Active,N
LN-20360,2026-01-01,1295447.57,16127.21,0,Current,2,Active,N
LN-20360,2026-02-01,1286574.87,16127.21,0,Current,2,Active,N
LN-20360,2026-03-01,1277652.48,16127.21,0,Current,2,Active,N
LN-20360,2026-04-01,1268680.12,16127.21,0,Current,2,Active,N
LN-20360,2026-05-01,1259657.53,16127.21,0,Current,2,Active,N
LN-20360,2026-06-01,1250584.4,16127.21,0,Current,2,Active,N
LN-20360,2026-07-01,1241460.46,16127.21,0,Current,2,Active,N
LN-20361,2025-06-01,227947.35,1375.28,0,Current,2,Active,N
LN-20361,2025-07-01,120659.29,727.98,0,Current,2,Active,N
LN-20361,2025-08-01,129129.31,779.08,0,Current,2,Active,N
LN-20361,2025-09-01,123157.59,743.05,0,Current,2,Active,N
LN-20361,2025-10-01,76326.36,460.5,0,Current,2,Active,N
LN-20361,2025-11-01,134025.88,808.62,0,Current,2,Active,N
LN-20361,2025-12-01,129608.86,781.97,0,Current,2,Active,N
LN-20361,2026-01-01,151553.14,914.37,0,Current,2,Active,N
LN-20361,2026-02-01,123708.86,746.38,0,Current,2,Active,N
LN-20361,2026-03-01,121698.97,734.25,0,Current,2,Active,N
LN-20361,2026-04-01,177686.92,1072.04,0,Current,2,Active,N
LN-20361,2026-05-01,204839.9,1235.87,0,Current,2,Active,N
LN-20361,2026-06-01,228121.47,1376.33,0,Current,2,Active,N
LN-20361,2026-07-01,80473.23,485.52,0,Current,2,Active,N
LN-20362,2024-08-01,224129.08,6259.55,0,Current,2,Active,N
LN-20362,2024-09-01,219105.98,6259.55,0,Current,2,Active,N
LN-20362,2024-10-01,214055.17,6259.55,0,Current,2,Active,N
LN-20362,2024-11-01,208976.49,6259.55,0,Current,2,Active,N
LN-20362,2024-12-01,203869.8,6259.55,0,Current,2,Active,N
LN-20362,2025-01-01,198734.93,6259.55,0,Current,2,Active,N
LN-20362,2025-02-01,193571.74,6259.55,0,Current,2,Active,N
LN-20362,2025-03-01,188380.06,6259.55,0,Current,2,Active,N
LN-20362,2025-04-01,183159.74,6259.55,0,Current,2,Active,N
LN-20362,2025-05-01,177910.63,6259.55,0,Current,2,Active,N
LN-20362,2025-06-01,172632.55,6259.55,0,Current,2,Active,N
LN-20362,2025-07-01,167325.36,6259.55,0,Current,2,Active,N
LN-20362,2025-08-01,161988.89,6259.55,0,Current,2,Active,N
LN-20362,2025-09-01,156622.99,6259.55,0,Current,2,Active,N
LN-20362,2025-10-01,151227.48,6259.55,0,Current,2,Active,N
LN-20362,2025-11-01,145802.2,6259.55,0,Current,2,Active,N
LN-20362,2025-12-01,140347.0,6259.55,0,Current,2,Active,N
LN-20362,2026-01-01,134861.7,6259.55,0,Current,2,Active,N
LN-20362,2026-02-01,129346.14,6259.55,0,Current,2,Active,N
LN-20362,2026-03-01,123800.15,6259.55,0,Current,2,Active,N
LN-20362,2026-04-01,118223.56,6259.55,0,Current,2,Active,N
LN-20362,2026-05-01,112616.22,6259.55,0,Current,2,Active,N
LN-20362,2026-06-01,106977.94,6259.55,46,30-59 Days,2,Active,Y
LN-20362,2026-07-01,101308.55,6259.55,52,30-59 Days,2,Active,N
LN-20363,2025-12-01,57600.0,876.39,0,Current,2,Active,N
LN-20363,2026-01-01,57071.61,876.39,0,Current,2,Active,N
LN-20363,2026-02-01,56540.02,876.39,0,Current,2,Active,N
LN-20363,2026-03-01,56005.22,876.39,0,Current,2,Active,N
LN-20363,2026-04-01,55467.19,876.39,0,Current,2,Active,N
LN-20363,2026-05-01,54925.91,876.39,0,Current,2,Active,N
LN-20363,2026-06-01,54381.36,876.39,0,Current,2,Active,N
LN-20363,2026-07-01,53833.52,876.39,0,Current,2,Active,N
LN-20364,2025-08-01,69856.51,503.55,0,Current,2,Active,N
LN-20364,2025-09-01,54578.78,393.42,0,Current,2,Active,N
LN-20364,2025-10-01,57673.87,415.73,0,Current,2,Active,N
LN-20364,2025-11-01,45422.64,327.42,0,Current,2,Active,N
LN-20364,2025-12-01,22566.14,162.66,0,Current,2,Active,N
LN-20364,2026-01-01,52502.7,378.46,0,Current,2,Active,N
LN-20364,2026-02-01,72676.11,523.87,0,Current,2,Active,N
LN-20364,2026-03-01,104301.19,751.84,0,Current,2,Active,N
LN-20364,2026-04-01,111603.06,804.47,0,Current,2,Active,N
LN-20364,2026-05-01,82702.76,596.15,0,Current,2,Active,N
LN-20364,2026-06-01,86038.23,620.19,0,Current,2,Active,N
LN-20364,2026-07-01,94879.17,683.92,0,Current,2,Active,N
LN-20365,2025-02-01,2659500.0,23548.91,0,Current,3,Active,N
LN-20365,2025-03-01,2650932.94,23548.91,0,Current,3,Active,N
LN-20365,2025-04-01,2642317.61,23548.91,0,Current,3,Active,N
LN-20365,2025-05-01,2633653.75,23548.91,0,Current,3,Active,N
LN-20365,2025-06-01,2624941.09,23548.91,0,Current,3,Active,N
LN-20365,2025-07-01,2616179.34,23548.91,0,Current,3,Active,N
LN-20365,2025-08-01,2607368.24,23548.91,0,Current,3,Active,N
LN-20365,2025-09-01,2598507.5,23548.91,0,Current,3,Active,N
LN-20365,2025-10-01,2589596.84,23548.91,0,Current,3,Active,N
LN-20365,2025-11-01,2580635.99,23548.91,0,Current,3,Active,N
LN-20365,2025-12-01,2571624.66,23548.91,0,Current,3,Active,N
LN-20365,2026-01-01,2562562.56,23548.91,0,Current,3,Active,N
LN-20365,2026-02-01,2553449.41,23548.91,0,Current,3,Active,N
LN-20365,2026-03-01,2544284.93,23548.91,0,Current,3,Active,N
LN-20365,2026-04-01,2535068.82,23548.91,0,Current,3,Active,N
LN-20365,2026-05-01,2525800.8,23548.91,0,Current,3,Active,N
LN-20365,2026-06-01,2516480.56,23548.91,0,Current,3,Active,N
LN-20365,2026-07-01,2507107.82,23548.91,0,Current,3,Active,N
LN-20368,2024-09-01,734600.0,8344.97,0,Current,2,Active,N
LN-20368,2024-10-01,730240.23,8344.97,0,Current,2,Active,N
LN-20368,2024-11-01,725856.81,8344.97,0,Current,2,Active,N
LN-20368,2024-12-01,721449.61,8344.97,0,Current,2,Active,N
LN-20368,2025-01-01,717018.51,8344.97,0,Current,2,Active,N
LN-20368,2025-02-01,712563.36,8344.97,0,Current,2,Active,N
LN-20368,2025-03-01,708084.04,8344.97,0,Current,2,Active,N
LN-20368,2025-04-01,703580.43,8344.97,0,Current,2,Active,N
LN-20368,2025-05-01,699052.38,8344.97,0,Current,2,Active,N
LN-20368,2025-06-01,694499.76,8344.97,0,Current,2,Active,N
LN-20368,2025-07-01,689922.45,8344.97,0,Current,2,Active,N
LN-20368,2025-08-01,685320.31,8344.97,0,Current,2,Active,N
LN-20368,2025-09-01,680693.2,8344.97,0,Current,2,Active,N
LN-20368,2025-10-01,676040.99,8344.97,0,Current,2,Active,N
LN-20368,2025-11-01,671363.54,8344.97,0,Current,2,Active,N
LN-20368,2025-12-01,666660.71,8344.97,0,Current,2,Active,N
LN-20368,2026-01-01,661932.37,8344.97,0,Current,2,Active,N
LN-20368,2026-02-01,657178.38,8344.97,0,Current,2,Active,N
LN-20368,2026-03-01,652398.6,8344.97,0,Current,2,Active,N
LN-20368,2026-04-01,647592.89,8344.97,0,Current,2,Active,N
LN-20368,2026-05-01,642761.11,8344.97,0,Current,2,Active,N
LN-20368,2026-06-01,637903.12,8344.97,0,Current,2,Active,N
LN-20368,2026-07-01,633018.77,8344.97,0,Current,2,Active,N
LN-20369,2025-03-01,231635.78,1501.77,0,Current,2,Active,N
LN-20369,2025-04-01,195972.95,1270.56,0,Current,2,Active,N
LN-20369,2025-05-01,231281.91,1499.48,0,Current,2,Active,N
LN-20369,2025-06-01,204095.74,1323.22,0,Current,2,Active,N
LN-20369,2025-07-01,175220.15,1136.01,0,Current,2,Active,N
LN-20369,2025-08-01,157692.39,1022.37,0,Current,2,Active,N
LN-20369,2025-09-01,161240.09,1045.37,0,Current,2,Active,N
LN-20369,2025-10-01,121098.96,785.12,0,Current,2,Active,N
LN-20369,2025-11-01,110018.61,713.29,0,Current,2,Active,N
LN-20369,2025-12-01,158632.51,1028.47,0,Current,2,Active,N
LN-20369,2026-01-01,144345.44,935.84,0,Current,2,Active,N
LN-20369,2026-02-01,205495.09,1332.29,0,Current,2,Active,N
LN-20369,2026-03-01,274122.53,1777.23,0,Current,2,Active,N
LN-20369,2026-04-01,200681.61,1301.09,0,Current,2,Active,N
LN-20369,2026-05-01,222032.67,1439.51,0,Current,2,Active,N
LN-20369,2026-06-01,196356.89,1273.05,0,Current,2,Active,N
LN-20369,2026-07-01,174155.11,1129.11,0,Current,2,Active,N
LN-20370,2024-08-01,141130.74,951.46,0,Current,4,Active,N
LN-20370,2024-09-01,152380.43,1027.3,0,Current,4,Active,N
LN-20370,2024-10-01,74759.42,504.0,0,Current,4,Active,N
LN-20370,2024-11-01,105453.66,710.93,0,Current,4,Active,N
LN-20370,2024-12-01,117836.06,794.41,0,Current,4,Active,N
LN-20370,2025-01-01,89535.38,603.62,0,Current,4,Active,N
LN-20370,2025-02-01,133478.88,899.87,0,Current,4,Active,N
LN-20370,2025-03-01,127434.93,859.12,209,90+ Days,4,Active,Y
LN-20370,2025-04-01,191741.63,1292.66,114,90+ Days,4,Active,N
LN-20370,2025-05-01,148524.47,1001.3,153,90+ Days,4,Active,N
LN-20370,2025-06-01,134930.19,909.65,51,30-59 Days,4,Active,N
LN-20370,2025-07-01,128544.94,866.61,58,30-59 Days,4,Active,N
LN-20370,2025-08-01,137787.44,928.92,57,30-59 Days,4,Active,N
LN-20370,2025-09-01,149518.02,1008.0,41,30-59 Days,4,Active,N
LN-20370,2025-10-01,94389.02,636.34,32,30-59 Days,4,Active,N
LN-20370,2025-11-01,75177.38,506.82,59,30-59 Days,4,Active,N
LN-20370,2025-12-01,120800.11,814.39,54,30-59 Days,4,Active,N
LN-20370,2026-01-01,135385.99,912.73,40,30-59 Days,4,Active,N
LN-20370,2026-02-01,126474.6,852.65,0,Current,4,Active,N
LN-20370,2026-03-01,203871.9,1374.44,0,Current,4,Active,N
LN-20370,2026-04-01,155488.5,1048.25,0,Current,4,Active,N
LN-20370,2026-05-01,169172.48,1140.5,0,Current,4,Active,N
LN-20370,2026-06-01,186392.1,1256.59,0,Current,4,Active,N
LN-20370,2026-07-01,152259.36,1026.48,0,Current,4,Active,N
LN-20371,2025-02-01,153500.0,2299.51,0,Current,1,Active,N
LN-20371,2025-03-01,152066.49,2299.51,0,Current,1,Active,N
LN-20371,2025-04-01,150624.89,2299.51,0,Current,1,Active,N
LN-20371,2025-05-01,149175.16,2299.51,0,Current,1,Active,N
LN-20371,2025-06-01,147717.25,2299.51,0,Current,1,Active,N
LN-20371,2025-07-01,146251.12,2299.51,0,Current,1,Active,N
LN-20371,2025-08-01,144776.71,2299.51,0,Current,1,Active,N
LN-20371,2025-09-01,143293.99,2299.51,0,Current,1,Active,N
LN-20371,2025-10-01,141802.9,2299.51,0,Current,1,Active,N
LN-20371,2025-11-01,140303.4,2299.51,0,Current,1,Active,N
LN-20371,2025-12-01,138795.44,2299.51,0,Current,1,Active,N
LN-20371,2026-01-01,137278.97,2299.51,0,Current,1,Active,N
LN-20371,2026-02-01,135753.94,2299.51,0,Current,1,Active,N
LN-20371,2026-03-01,134220.32,2299.51,0,Current,1,Active,N
LN-20371,2026-04-01,132678.04,2299.51,0,Current,1,Active,N
LN-20371,2026-05-01,131127.06,2299.51,0,Current,1,Active,N
LN-20371,2026-06-01,129567.32,2299.51,0,Current,1,Active,N
LN-20371,2026-07-01,127998.79,2299.51,0,Current,1,Active,N
LN-20372,2024-08-01,74130.85,473.2,0,Current,1,Active,N
LN-20372,2024-09-01,96085.1,613.34,0,Current,1,Active,N
LN-20372,2024-10-01,72212.69,460.96,0,Current,1,Active,N
LN-20372,2024-11-01,87711.07,559.89,0,Current,1,Active,N
LN-20372,2024-12-01,100843.04,643.71,0,Current,1,Active,N
LN-20372,2025-01-01,133990.18,855.3,0,Current,1,Active,N
LN-20372,2025-02-01,138413.27,883.54,0,Current,1,Active,N
LN-20372,2025-03-01,175369.65,1119.44,0,Current,1,Active,N
LN-20372,2025-04-01,177412.73,1132.48,0,Current,1,Active,N
LN-20372,2025-05-01,176478.93,1126.52,0,Current,1,Active,N
LN-20372,2025-06-01,168787.91,1077.43,0,Current,1,Active,N
LN-20372,2025-07-01,101923.88,650.61,0,Current,1,Active,N
LN-20372,2025-08-01,112516.09,718.23,0,Current,1,Active,N
LN-20372,2025-09-01,140074.68,894.14,0,Current,1,Active,N
LN-20372,2025-10-01,92967.0,593.44,0,Current,1,Active,N
LN-20372,2025-11-01,137590.54,878.29,0,Current,1,Active,N
LN-20372,2025-12-01,75377.46,481.16,0,Current,1,Active,N
LN-20372,2026-01-01,125886.49,803.58,0,Current,1,Active,N
LN-20372,2026-02-01,181929.09,1161.31,0,Current,1,Active,N
LN-20372,2026-03-01,195568.71,1248.38,0,Current,1,Active,N
LN-20372,2026-04-01,176860.79,1128.96,0,Current,1,Active,N
LN-20372,2026-05-01,216028.12,1378.98,0,Current,1,Active,N
LN-20372,2026-06-01,171857.01,1097.02,0,Current,1,Active,N
LN-20372,2026-07-01,117101.32,747.5,0,Current,1,Active,N
LN-20375,2024-08-01,573376.82,25640.38,0,Current,1,Active,N
LN-20375,2024-09-01,551023.8,25640.38,0,Current,1,Active,N
LN-20375,2024-10-01,528542.63,25640.38,0,Current,1,Active,N
LN-20375,2024-11-01,505932.56,25640.38,0,Current,1,Active,N
LN-20375,2024-12-01,483192.86,25640.38,0,Current,1,Active,N
LN-20375,2025-01-01,460322.79,25640.38,0,Current,1,Active,N
LN-20375,2025-02-01,437321.6,25640.38,0,Current,1,Active,N
LN-20375,2025-03-01,414188.53,25640.38,0,Current,1,Active,N
LN-20375,2025-04-01,390922.83,25640.38,0,Current,1,Active,N
LN-20375,2025-05-01,367523.75,25640.38,0,Current,1,Active,N
LN-20375,2025-06-01,343990.5,25640.38,0,Current,1,Active,N
LN-20375,2025-07-01,320322.34,25640.38,0,Current,1,Active,N
LN-20375,2025-08-01,296518.47,25640.38,0,Current,1,Active,N
LN-20375,2025-09-01,272578.13,25640.38,0,Current,1,Active,N
LN-20375,2025-10-01,248500.54,25640.38,0,Current,1,Active,N
LN-20375,2025-11-01,224284.9,25640.38,0,Current,1,Active,N
LN-20375,2025-12-01,199930.42,25640.38,0,Current,1,Active,N
LN-20375,2026-01-01,175436.31,25640.38,0,Current,1,Active,N
LN-20375,2026-02-01,150801.76,25640.38,0,Current,1,Active,N
LN-20375,2026-03-01,126025.98,25640.38,0,Current,1,Active,N
LN-20375,2026-04-01,101108.15,25640.38,0,Current,1,Active,N
LN-20375,2026-05-01,76047.46,25640.38,0,Current,1,Active,N
LN-20375,2026-06-01,50843.09,25640.38,0,Current,1,Active,N
LN-20375,2026-07-01,25494.21,25640.38,0,Current,1,Active,N
LN-20376,2024-12-01,418700.0,6213.41,0,Current,1,Active,N
LN-20376,2025-01-01,414747.57,6213.41,0,Current,1,Active,N
LN-20376,2025-02-01,410773.81,6213.41,0,Current,1,Active,N
LN-20376,2025-03-01,406778.58,6213.41,0,Current,1,Active,N
LN-20376,2025-04-01,402761.78,6213.41,0,Current,1,Active,N
LN-20376,2025-05-01,398723.28,6213.41,0,Current,1,Active,N
LN-20376,2025-06-01,394662.98,6213.41,0,Current,1,Active,N
LN-20376,2025-07-01,390580.76,6213.41,0,Current,1,Active,N
LN-20376,2025-08-01,386476.49,6213.41,0,Current,1,Active,N
LN-20376,2025-09-01,382350.06,6213.41,0,Current,1,Active,N
LN-20376,2025-10-01,378201.34,6213.41,0,Current,1,Active,N
LN-20376,2025-11-01,374030.22,6213.41,0,Current,1,Active,N
LN-20376,2025-12-01,369836.58,6213.41,0,Current,1,Active,N
LN-20376,2026-01-01,365620.29,6213.41,0,Current,1,Active,N
LN-20376,2026-02-01,361381.24,6213.41,0,Current,1,Active,N
LN-20376,2026-03-01,357119.29,6213.41,0,Current,1,Active,N
LN-20376,2026-04-01,352834.33,6213.41,0,Current,1,Active,N
LN-20376,2026-05-01,348526.23,6213.41,0,Current,1,Active,N
LN-20376,2026-06-01,344194.86,6213.41,0,Current,1,Active,N
LN-20376,2026-07-01,339840.11,6213.41,0,Current,1,Active,N
LN-20377,2024-08-01,900844.18,14867.68,0,Current,3,Active,N
LN-20377,2024-09-01,891764.43,14867.68,0,Current,3,Active,N
LN-20377,2024-10-01,882626.34,14867.68,83,60-89 Days,4,Active,Y
LN-20377,2024-11-01,873429.53,14867.68,0,Current,3,Active,N
LN-20377,2024-12-01,864173.64,14867.68,0,Current,3,Active,N
LN-20377,2025-01-01,854858.28,14867.68,0,Current,3,Active,N
LN-20377,2025-02-01,845483.06,14867.68,0,Current,3,Active,N
LN-20377,2025-03-01,836047.61,14867.68,0,Current,3,Active,N
LN-20377,2025-04-01,826551.54,14867.68,0,Current,3,Active,N
LN-20377,2025-05-01,816994.45,14867.68,0,Current,3,Active,N
LN-20377,2025-06-01,807375.97,14867.68,0,Current,3,Active,N
LN-20377,2025-07-01,797695.68,14867.68,0,Current,3,Active,N
LN-20377,2025-08-01,787953.19,14867.68,0,Current,3,Active,N
LN-20377,2025-09-01,778148.12,14867.68,0,Current,3,Active,N
LN-20377,2025-10-01,768280.04,14867.68,0,Current,3,Active,N
LN-20377,2025-11-01,758348.56,14867.68,0,Current,3,Active,N
LN-20377,2025-12-01,748353.27,14867.68,0,Current,3,Active,N
LN-20377,2026-01-01,738293.76,14867.68,0,Current,3,Active,N
LN-20377,2026-02-01,728169.62,14867.68,0,Current,3,Active,N
LN-20377,2026-03-01,717980.43,14867.68,0,Current,3,Active,N
LN-20377,2026-04-01,707725.78,14867.68,0,Current,3,Active,N
LN-20377,2026-05-01,697405.24,14867.68,22,1-29 Days,3,Active,Y
LN-20377,2026-06-01,687018.39,14867.68,1,1-29 Days,3,Active,N
LN-20377,2026-07-01,676564.81,14867.68,12,1-29 Days,3,Active,N
LN-20378,2024-08-01,197194.76,1196.31,0,Current,1,Active,N
LN-20378,2024-09-01,192549.79,1168.14,0,Current,1,Active,N
LN-20378,2024-10-01,161120.09,977.46,0,Current,1,Active,N
LN-20378,2024-11-01,173683.64,1053.68,0,Current,1,Active,N
LN-20378,2024-12-01,137005.72,831.17,0,Current,1,Active,N
LN-20378,2025-01-01,193175.96,1171.93,0,Current,1,Active,N
LN-20378,2025-02-01,229465.58,1392.09,0,Current,1,Active,N
LN-20378,2025-03-01,216943.7,1316.13,0,Current,1,Active,N
LN-20378,2025-04-01,258066.66,1565.6,0,Current,1,Active,N
LN-20378,2025-05-01,214759.94,1302.88,0,Current,1,Active,N
LN-20378,2025-06-01,288454.89,1749.96,0,Current,1,Active,N
LN-20378,2025-07-01,185324.34,1124.3,0,Current,1,Active,N
LN-20378,2025-08-01,182541.01,1107.42,0,Current,1,Active,N
LN-20378,2025-09-01,228617.72,1386.95,0,Current,1,Active,N
LN-20378,2025-10-01,184390.09,1118.63,0,Current,1,Active,N
LN-20378,2025-11-01,127006.12,770.5,0,Current,1,Active,N
LN-20378,2025-12-01,103159.17,625.83,0,Current,1,Active,N
LN-20378,2026-01-01,227793.34,1381.95,0,Current,1,Active,N
LN-20378,2026-02-01,135096.57,819.59,0,Current,1,Active,N
LN-20378,2026-03-01,203396.69,1233.94,0,Current,1,Active,N
LN-20378,2026-04-01,271493.79,1647.06,0,Current,1,Active,N
LN-20378,2026-05-01,227537.26,1380.39,0,Current,1,Active,N
LN-20378,2026-06-01,258531.29,1568.42,0,Current,1,Active,N
LN-20378,2026-07-01,179391.01,1088.31,0,Current,1,Active,N
LN-20380,2024-08-01,165131.1,986.66,0,Current,3,Active,N
LN-20380,2024-09-01,169710.36,1014.02,0,Current,3,Active,N
LN-20380,2024-10-01,172134.26,1028.5,0,Current,3,Active,N
LN-20380,2024-11-01,141649.96,846.36,0,Current,3,Active,N
LN-20380,2024-12-01,97187.98,580.7,0,Current,3,Active,N
LN-20380,2025-01-01,166433.07,994.44,0,Current,3,Active,N
LN-20380,2025-02-01,208640.82,1246.63,0,Current,3,Active,N
LN-20380,2025-03-01,229496.39,1371.24,0,Current,3,Active,N
LN-20380,2025-04-01,232583.58,1389.69,0,Current,3,Active,N
LN-20380,2025-05-01,269477.65,1610.13,0,Current,3,Active,N
LN-20380,2025-06-01,224373.68,1340.63,0,Current,3,Active,N
LN-20380,2025-07-01,245659.28,1467.81,7,1-29 Days,3,Active,Y
LN-20380,2025-08-01,164714.84,984.17,14,1-29 Days,3,Active,N
LN-20380,2025-09-01,211199.91,1261.92,12,1-29 Days,3,Active,N
LN-20380,2025-10-01,137674.17,822.6,22,1-29 Days,3,Active,N
LN-20380,2025-11-01,140747.5,840.97,16,1-29 Days,3,Active,N
LN-20380,2025-12-01,113640.74,679.0,12,1-29 Days,3,Active,N
LN-20380,2026-01-01,129099.43,771.37,12,1-29 Days,3,Active,N
LN-20380,2026-02-01,189841.61,1134.3,0,Current,3,Active,N
LN-20380,2026-03-01,220863.8,1319.66,0,Current,3,Active,N
LN-20380,2026-04-01,258531.03,1544.72,0,Current,3,Active,N
LN-20380,2026-05-01,250728.38,1498.1,0,Current,3,Active,N
LN-20380,2026-06-01,234462.58,1400.91,0,Current,3,Active,N
LN-20380,2026-07-01,110882.52,662.52,0,Current,3,Active,N
LN-20381,2024-08-01,1333100.6,10194.91,56,30-59 Days,2,Active,N
LN-20381,2024-09-01,1330282.18,10194.91,50,30-59 Days,2,Active,N
LN-20381,2024-10-01,1327448.17,10194.91,51,30-59 Days,2,Active,N
LN-20381,2024-11-01,1324598.47,10194.91,46,30-59 Days,2,Active,N
LN-20381,2024-12-01,1321733.01,10194.91,50,30-59 Days,2,Active,N
LN-20381,2025-01-01,1318851.69,10194.91,0,Current,2,Active,N
LN-20381,2025-02-01,1315954.43,10194.91,0,Current,2,Active,N
LN-20381,2025-03-01,1313041.14,10194.91,0,Current,2,Active,N
LN-20381,2025-04-01,1310111.72,10194.91,0,Current,2,Active,N
LN-20381,2025-05-01,1307166.1,10194.91,0,Current,2,Active,N
LN-20381,2025-06-01,1304204.18,10194.91,0,Current,2,Active,N
LN-20381,2025-07-01,1301225.87,10194.91,0,Current,2,Active,N
LN-20381,2025-08-01,1298231.08,10194.91,0,Current,2,Active,N
LN-20381,2025-09-01,1295219.72,10194.91,0,Current,2,Active,N
LN-20381,2025-10-01,1292191.69,10194.91,0,Current,2,Active,N
LN-20381,2025-11-01,1289146.91,10194.91,0,Current,2,Active,N
LN-20381,2025-12-01,1286085.28,10194.91,0,Current,2,Active,N
LN-20381,2026-01-01,1283006.71,10194.91,0,Current,2,Active,N
LN-20381,2026-02-01,1279911.11,10194.91,0,Current,2,Active,N
LN-20381,2026-03-01,1276798.38,10194.91,21,1-29 Days,2,Active,Y
LN-20381,2026-04-01,1273668.42,10194.91,21,1-29 Days,2,Active,N
LN-20381,2026-05-01,1270521.15,10194.91,18,1-29 Days,2,Active,N
LN-20381,2026-06-01,1267356.46,10194.91,12,1-29 Days,2,Active,N
LN-20381,2026-07-01,1264174.25,10194.91,0,Current,2,Active,N
LN-20382,2024-08-01,749129.52,12425.96,0,Current,1,Active,N
LN-20382,2024-09-01,741185.85,12425.96,0,Current,1,Active,N
LN-20382,2024-10-01,733194.66,12425.96,0,Current,1,Active,N
LN-20382,2024-11-01,725155.65,12425.96,0,Current,1,Active,N
LN-20382,2024-12-01,717068.54,12425.96,0,Current,1,Active,N
LN-20382,2025-01-01,708933.05,12425.96,0,Current,1,Active,N
LN-20382,2025-02-01,700748.87,12425.96,0,Current,1,Active,N
LN-20382,2025-03-01,692515.73,12425.96,0,Current,1,Active,N
LN-20382,2025-04-01,684233.33,12425.96,0,Current,1,Active,N
LN-20382,2025-05-01,675901.37,12425.96,0,Current,1,Active,N
LN-20382,2025-06-01,667519.55,12425.96,0,Current,1,Active,N
LN-20382,2025-07-01,659087.59,12425.96,0,Current,1,Active,N
LN-20382,2025-08-01,650605.17,12425.96,0,Current,1,Active,N
LN-20382,2025-09-01,642072.0,12425.96,0,Current,1,Active,N
LN-20382,2025-10-01,633487.78,12425.96,0,Current,1,Active,N
LN-20382,2025-11-01,624852.19,12425.96,0,Current,1,Active,N
LN-20382,2025-12-01,616164.93,12425.96,0,Current,1,Active,N
LN-20382,2026-01-01,607425.7,12425.96,0,Current,1,Active,N
LN-20382,2026-02-01,598634.17,12425.96,0,Current,1,Active,N
LN-20382,2026-03-01,589790.04,12425.96,0,Current,1,Active,N
LN-20382,2026-04-01,580893.0,12425.96,0,Current,1,Active,N
LN-20382,2026-05-01,571942.72,12425.96,0,Current,1,Active,N
LN-20382,2026-06-01,562938.89,12425.96,0,Current,1,Active,N
LN-20382,2026-07-01,553881.18,12425.96,0,Current,1,Active,N
LN-20383,2024-08-01,27685.24,186.18,0,Current,1,Active,N
LN-20383,2024-09-01,31577.43,212.36,0,Current,1,Active,N
LN-20383,2024-10-01,20307.75,136.57,0,Current,1,Active,N
LN-20383,2024-11-01,9543.92,64.18,0,Current,1,Active,N
LN-20383,2024-12-01,7860.0,52.86,0,Current,1,Active,N
LN-20383,2025-01-01,29894.99,201.04,0,Current,1,Active,N
LN-20383,2025-02-01,29667.61,199.51,0,Current,1,Active,N
LN-20383,2025-03-01,33550.45,225.63,0,Current,1,Active,N
LN-20383,2025-04-01,44148.9,296.9,0,Current,1,Active,N
LN-20383,2025-05-01,36197.31,243.43,0,Current,1,Active,N
LN-20383,2025-06-01,51352.0,345.34,0,Current,1,Active,N
LN-20383,2025-07-01,31473.88,211.66,0,Current,1,Active,N
LN-20383,2025-08-01,26019.19,174.98,0,Current,1,Active,N
LN-20383,2025-09-01,23755.21,159.75,0,Current,1,Active,N
LN-20383,2025-10-01,24955.13,167.82,0,Current,1,Active,N
LN-20383,2025-11-01,21561.02,145.0,0,Current,1,Active,N
LN-20383,2025-12-01,24530.41,164.97,0,Current,1,Active,N
LN-20383,2026-01-01,29363.63,197.47,18,1-29 Days,1,Active,Y
LN-20383,2026-02-01,34928.34,234.89,19,1-29 Days,1,Active,N
LN-20383,2026-03-01,31281.43,210.37,1,1-29 Days,1,Active,N
LN-20383,2026-04-01,43456.36,292.24,26,1-29 Days,1,Active,N
LN-20383,2026-05-01,43063.72,289.6,13,1-29 Days,1,Active,N
LN-20383,2026-06-01,40621.51,273.18,19,1-29 Days,1,Active,N
LN-20383,2026-07-01,26180.36,176.06,28,1-29 Days,1,Active,N
LN-20384,2024-08-01,209068.7,1311.91,0,Current,2,Active,N
LN-20384,2024-09-01,198753.8,1247.18,0,Current,2,Active,N
LN-20384,2024-10-01,166330.16,1043.72,0,Current,2,Active,N
LN-20384,2024-11-01,171329.96,1075.1,0,Current,2,Active,N
LN-20384,2024-12-01,56445.0,354.19,0,Current,2,Active,N
LN-20384,2025-01-01,237929.78,1493.01,0,Current,2,Active,N
LN-20384,2025-02-01,244648.43,1535.17,0,Current,2,Active,N
LN-20384,2025-03-01,319014.73,2001.82,0,Current,2,Active,N
LN-20384,2025-04-01,283149.1,1776.76,0,Current,2,Active,N
LN-20384,2025-05-01,252097.46,1581.91,0,Current,2,Active,N
LN-20384,2025-06-01,304130.53,1908.42,0,Current,2,Active,N
LN-20384,2025-07-01,185250.75,1162.45,0,Current,2,Active,N
LN-20384,2025-08-01,152053.49,954.14,0,Current,2,Active,N
LN-20384,2025-09-01,234191.85,1469.55,0,Current,2,Active,N
LN-20384,2025-10-01,222040.26,1393.3,0,Current,2,Active,N
LN-20384,2025-11-01,146737.49,920.78,0,Current,2,Active,N
LN-20384,2025-12-01,143885.7,902.88,0,Current,2,Active,N
LN-20384,2026-01-01,203655.17,1277.94,0,Current,2,Active,N
LN-20384,2026-02-01,253991.44,1593.8,0,Current,2,Active,N
LN-20384,2026-03-01,258455.56,1621.81,0,Current,2,Active,N
LN-20384,2026-04-01,332014.13,2083.39,0,Current,2,Active,N
LN-20384,2026-05-01,348842.69,2188.99,0,Current,2,Active,N
LN-20384,2026-06-01,206875.54,1298.14,0,Current,2,Active,N
LN-20384,2026-07-01,261165.55,1638.81,0,Current,2,Active,N
LN-20385,2025-05-01,319400.0,6277.89,0,Current,2,Active,N
LN-20385,2025-06-01,314902.76,6277.89,0,Current,2,Active,N
LN-20385,2025-07-01,310380.45,6277.89,0,Current,2,Active,N
LN-20385,2025-08-01,305832.93,6277.89,0,Current,2,Active,N
LN-20385,2025-09-01,301260.06,6277.89,0,Current,2,Active,N
LN-20385,2025-10-01,296661.69,6277.89,0,Current,2,Active,N
LN-20385,2025-11-01,292037.69,6277.89,0,Current,2,Active,N
LN-20385,2025-12-01,287387.91,6277.89,0,Current,2,Active,N
LN-20385,2026-01-01,282712.2,6277.89,0,Current,2,Active,N
LN-20385,2026-02-01,278010.43,6277.89,0,Current,2,Active,N
LN-20385,2026-03-01,273282.45,6277.89,0,Current,2,Active,N
LN-20385,2026-04-01,268528.1,6277.89,0,Current,2,Active,N
LN-20385,2026-05-01,263747.25,6277.89,0,Current,2,Active,N
LN-20385,2026-06-01,258939.75,6277.89,0,Current,2,Active,N
LN-20385,2026-07-01,254105.45,6277.89,0,Current,2,Active,N
LN-20386,2025-11-01,203176.81,1447.63,0,Current,2,Active,N
LN-20386,2025-12-01,152368.69,1085.63,0,Current,2,Active,N
LN-20386,2026-01-01,240875.55,1716.24,0,Current,2,Active,N
LN-20386,2026-02-01,204771.67,1459.0,0,Current,2,Active,N
LN-20386,2026-03-01,252369.59,1798.13,0,Current,2,Active,N
LN-20386,2026-04-01,202529.55,1443.02,0,Current,2,Active,N
LN-20386,2026-05-01,254739.04,1815.02,0,Current,2,Active,N
LN-20386,2026-06-01,291668.63,2078.14,0,Current,2,Active,N
LN-20386,2026-07-01,189934.93,1353.29,0,Current,2,Active,N
LN-20387,2025-01-01,599900.0,12052.15,0,Current,2,Active,N
LN-20387,2025-02-01,591652.22,12052.15,0,Current,2,Active,N
LN-20387,2025-03-01,583352.13,12052.15,0,Current,2,Active,N
LN-20387,2025-04-01,574999.41,12052.15,0,Current,2,Active,N
LN-20387,2025-05-01,566593.72,12052.15,0,Current,2,Active,N
LN-20387,2025-06-01,558134.72,12052.15,0,Current,2,Active,N
LN-20387,2025-07-01,549622.07,12052.15,0,Current,2,Active,N
LN-20387,2025-08-01,541055.44,12052.15,0,Current,2,Active,N
LN-20387,2025-09-01,532434.49,12052.15,0,Current,2,Active,N
LN-20387,2025-10-01,523758.86,12052.15,0,Current,2,Active,N
LN-20387,2025-11-01,515028.22,12052.15,0,Current,2,Active,N
LN-20387,2025-12-01,506242.21,12052.15,0,Current,2,Active,N
LN-20387,2026-01-01,497400.48,12052.15,0,Current,2,Active,N
LN-20387,2026-02-01,488502.68,12052.15,0,Current,2,Active,N
LN-20387,2026-03-01,479548.46,12052.15,0,Current,2,Active,N
LN-20387,2026-04-01,470537.44,12052.15,0,Current,2,Active,N
LN-20387,2026-05-01,461469.29,12052.15,0,Current,2,Active,N
LN-20387,2026-06-01,452343.63,12052.15,0,Current,2,Active,N
LN-20387,2026-07-01,443160.09,12052.15,0,Current,2,Active,N
LN-20388,2024-08-01,36265.62,238.75,0,Current,3,Active,N
LN-20388,2024-09-01,51698.15,340.35,0,Current,3,Active,N
LN-20388,2024-10-01,39917.65,262.79,0,Current,3,Active,N
LN-20388,2024-11-01,47060.01,309.81,0,Current,3,Active,N
LN-20388,2024-12-01,45270.99,298.03,0,Current,3,Active,N
LN-20388,2025-01-01,57250.97,376.9,0,Current,3,Active,N
LN-20388,2025-02-01,39453.78,259.74,0,Current,3,Active,N
LN-20388,2025-03-01,79648.26,524.35,0,Current,3,Active,N
LN-20388,2025-04-01,71436.86,470.29,0,Current,3,Active,N
LN-20388,2025-05-01,65699.2,432.52,9,1-29 Days,3,Active,Y
LN-20388,2025-06-01,65284.88,429.79,10,1-29 Days,3,Active,N
LN-20388,2025-07-01,21160.53,139.31,19,1-29 Days,3,Active,N
LN-20388,2025-08-01,35978.64,236.86,14,1-29 Days,3,Active,N
LN-20388,2025-09-01,60440.19,397.9,7,1-29 Days,3,Active,N
LN-20388,2025-10-01,45165.8,297.34,0,Current,3,Active,N
LN-20388,2025-11-01,33001.72,217.26,0,Current,3,Active,N
LN-20388,2025-12-01,29971.33,197.31,0,Current,3,Active,N
LN-20388,2026-01-01,50098.6,329.82,0,Current,3,Active,N
LN-20388,2026-02-01,55271.22,363.87,0,Current,3,Active,N
LN-20388,2026-03-01,80003.69,526.69,0,Current,3,Active,N
LN-20388,2026-04-01,65283.42,429.78,0,Current,3,Active,N
LN-20388,2026-05-01,53470.24,352.01,0,Current,3,Active,N
LN-20388,2026-06-01,68722.82,452.43,0,Current,3,Active,N
LN-20388,2026-07-01,59616.88,392.48,0,Current,3,Active,N
LN-20389,2024-08-01,2052376.7,14170.35,0,Current,1,Active,N
LN-20389,2024-09-01,2049049.73,14170.35,0,Current,1,Active,N
LN-20389,2024-10-01,2045705.19,14170.35,0,Current,1,Active,N
LN-20389,2024-11-01,2042342.98,14170.35,0,Current,1,Active,N
LN-20389,2024-12-01,2038963.01,14170.35,0,Current,1,Active,N
LN-20389,2025-01-01,2035565.17,14170.35,0,Current,1,Active,N
LN-20389,2025-02-01,2032149.39,14170.35,0,Current,1,Active,N
LN-20389,2025-03-01,2028715.56,14170.35,0,Current,1,Active,N
LN-20389,2025-04-01,2025263.59,14170.35,0,Current,1,Active,N
LN-20389,2025-05-01,2021793.37,14170.35,0,Current,1,Active,N
LN-20389,2025-06-01,2018304.83,14170.35,0,Current,1,Active,N
LN-20389,2025-07-01,2014797.85,14170.35,0,Current,1,Active,N
LN-20389,2025-08-01,2011272.35,14170.35,0,Current,1,Active,N
LN-20389,2025-09-01,2007728.22,14170.35,0,Current,1,Active,N
LN-20389,2025-10-01,2004165.36,14170.35,0,Current,1,Active,N
LN-20389,2025-11-01,2000583.68,14170.35,0,Current,1,Active,N
LN-20389,2025-12-01,1996983.08,14170.35,0,Current,1,Active,N
LN-20389,2026-01-01,1993363.45,14170.35,0,Current,1,Active,N
LN-20389,2026-02-01,1989724.7,14170.35,0,Current,1,Active,N
LN-20389,2026-03-01,1986066.73,14170.35,0,Current,1,Active,N
LN-20389,2026-04-01,1982389.42,14170.35,0,Current,1,Active,N
LN-20389,2026-05-01,1978692.7,14170.35,0,Current,1,Active,N
LN-20389,2026-06-01,1974976.43,14170.35,0,Current,1,Active,N
LN-20389,2026-07-01,1971240.54,14170.35,0,Current,1,Active,N
LN-20390,2024-08-01,96973.6,678.82,0,Current,1,Active,N
LN-20390,2024-09-01,74988.29,524.92,0,Current,1,Active,N
LN-20390,2024-10-01,127583.41,893.08,0,Current,1,Active,N
LN-20390,2024-11-01,85176.4,596.23,0,Current,1,Active,N
LN-20390,2024-12-01,91048.49,637.34,0,Current,1,Active,N
LN-20390,2025-01-01,95275.25,666.93,0,Current,1,Active,N
LN-20390,2025-02-01,102492.56,717.45,0,Current,1,Active,N
LN-20390,2025-03-01,150476.0,1053.33,0,Current,1,Active,N
LN-20390,2025-04-01,137677.24,963.74,0,Current,1,Active,N
LN-20390,2025-05-01,174393.7,1220.76,0,Current,1,Active,N
LN-20390,2025-06-01,153537.92,1074.77,0,Current,1,Active,N
LN-20390,2025-07-01,120128.65,840.9,0,Current,1,Active,N
LN-20390,2025-08-01,107764.74,754.35,0,Current,1,Active,N
LN-20390,2025-09-01,115729.99,810.11,0,Current,1,Active,N
LN-20390,2025-10-01,64000.74,448.01,0,Current,1,Active,N
LN-20390,2025-11-01,73794.97,516.56,0,Current,1,Active,N
LN-20390,2025-12-01,69204.89,484.43,0,Current,1,Active,N
LN-20390,2026-01-01,114186.29,799.3,0,Current,1,Active,N
LN-20390,2026-02-01,105688.72,739.82,0,Current,1,Active,N
LN-20390,2026-03-01,159053.47,1113.37,0,Current,1,Active,N
LN-20390,2026-04-01,141335.19,989.35,0,Current,1,Active,N
LN-20390,2026-05-01,156893.91,1098.26,0,Current,1,Active,N
LN-20390,2026-06-01,149928.18,1049.5,0,Current,1,Active,N
LN-20390,2026-07-01,88213.5,617.49,0,Current,1,Active,N
LN-20391,2024-08-01,634258.4,7657.59,0,Current,1,Active,N
LN-20391,2024-09-01,630490.93,7657.59,0,Current,1,Active,N
LN-20391,2024-10-01,626700.35,7657.59,0,Current,1,Active,N
LN-20391,2024-11-01,622886.53,7657.59,0,Current,1,Active,N
LN-20391,2024-12-01,619049.32,7657.59,0,Current,1,Active,N
LN-20391,2025-01-01,615188.57,7657.59,0,Current,1,Active,N
LN-20391,2025-02-01,611304.14,7657.59,0,Current,1,Active,N
LN-20391,2025-03-01,607395.88,7657.59,0,Current,1,Active,N
LN-20391,2025-04-01,603463.66,7657.59,0,Current,1,Active,N
LN-20391,2025-05-01,599507.32,7657.59,0,Current,1,Active,N
LN-20391,2025-06-01,595526.71,7657.59,0,Current,1,Active,N
LN-20391,2025-07-01,591521.69,7657.59,0,Current,1,Active,N
LN-20391,2025-08-01,587492.1,7657.59,0,Current,1,Active,N
LN-20391,2025-09-01,583437.8,7657.59,0,Current,1,Active,N
LN-20391,2025-10-01,579358.63,7657.59,0,Current,1,Active,N
LN-20391,2025-11-01,575254.45,7657.59,0,Current,1,Active,N
LN-20391,2025-12-01,571125.09,7657.59,0,Current,1,Active,N
LN-20391,2026-01-01,566970.4,7657.59,0,Current,1,Active,N
LN-20391,2026-02-01,562790.24,7657.59,0,Current,1,Active,N
LN-20391,2026-03-01,558584.43,7657.59,0,Current,1,Active,N
LN-20391,2026-04-01,554352.83,7657.59,0,Current,1,Active,N
LN-20391,2026-05-01,550095.27,7657.59,0,Current,1,Active,N
LN-20391,2026-06-01,545811.61,7657.59,0,Current,1,Active,N
LN-20391,2026-07-01,541501.67,7657.59,0,Current,1,Active,N
LN-20392,2026-03-01,151400.0,2326.7,0,Current,1,Active,N
LN-20392,2026-04-01,150027.12,2326.7,0,Current,1,Active,N
LN-20392,2026-05-01,148645.59,2326.7,0,Current,1,Active,N
LN-20392,2026-06-01,147255.36,2326.7,0,Current,1,Active,N
LN-20392,2026-07-01,145856.36,2326.7,0,Current,1,Active,N
LN-20393,2026-02-01,227642.52,1601.09,0,Current,1,Active,N
LN-20393,2026-03-01,241089.45,1695.66,0,Current,1,Active,N
LN-20393,2026-04-01,270864.96,1905.08,42,30-59 Days,1,Active,Y
LN-20393,2026-05-01,247428.34,1740.25,0,Current,1,Active,N
LN-20393,2026-06-01,257945.11,1814.21,0,Current,1,Active,N
LN-20393,2026-07-01,195588.51,1375.64,0,Current,1,Active,N
LN-20394,2024-08-01,56066.91,345.28,0,Current,1,Active,N
LN-20394,2024-09-01,46488.67,286.29,0,Current,1,Active,N
LN-20394,2024-10-01,36937.23,227.47,0,Current,1,Active,N
LN-20394,2024-11-01,47280.44,291.17,0,Current,1,Active,N
LN-20394,2024-12-01,18772.37,115.61,0,Current,1,Active,N
LN-20394,2025-01-01,56808.68,349.85,0,Current,1,Active,N
LN-20394,2025-02-01,64397.85,396.58,0,Current,1,Active,N
LN-20394,2025-03-01,86210.07,530.91,0,Current,1,Active,N
LN-20394,2025-04-01,82865.38,510.31,18,1-29 Days,1,Active,Y
LN-20394,2025-05-01,81851.88,504.07,0,Current,1,Active,N
LN-20394,2025-06-01,85063.76,523.85,0,Current,1,Active,N
LN-20394,2025-07-01,60934.11,375.25,0,Current,1,Active,N
LN-20394,2025-08-01,63807.96,392.95,0,Current,1,Active,N
LN-20394,2025-09-01,61135.76,376.49,0,Current,1,Active,N
LN-20394,2025-10-01,50412.0,310.45,0,Current,1,Active,N
LN-20394,2025-11-01,33367.31,205.49,0,Current,1,Active,N
LN-20394,2025-12-01,40451.01,249.11,0,Current,1,Active,N
LN-20394,2026-01-01,59719.18,367.77,0,Current,1,Active,N
LN-20394,2026-02-01,61834.16,380.8,0,Current,1,Active,N
LN-20394,2026-03-01,66321.14,408.43,0,Current,1,Active,N
LN-20394,2026-04-01,85592.24,527.11,0,Current,1,Active,N
LN-20394,2026-05-01,105154.84,647.58,0,Current,1,Active,N
LN-20394,2026-06-01,61370.94,377.94,0,Current,1,Active,N
LN-20394,2026-07-01,72568.47,446.9,0,Current,1,Active,N
LN-20395,2024-08-01,305193.61,7261.48,0,Current,1,Active,N
LN-20395,2024-09-01,299859.93,7261.48,0,Current,1,Active,N
LN-20395,2024-10-01,294492.56,7261.48,0,Current,1,Active,N
LN-20395,2024-11-01,289091.29,7261.48,0,Current,1,Active,N
LN-20395,2024-12-01,283655.9,7261.48,0,Current,1,Active,N
LN-20395,2025-01-01,278186.17,7261.48,0,Current,1,Active,N
LN-20395,2025-02-01,272681.9,7261.48,0,Current,1,Active,N
LN-20395,2025-03-01,267142.86,7261.48,0,Current,1,Active,N
LN-20395,2025-04-01,261568.82,7261.48,0,Current,1,Active,N
LN-20395,2025-05-01,255959.58,7261.48,0,Current,1,Active,N
LN-20395,2025-06-01,250314.91,7261.48,0,Current,1,Active,N
LN-20395,2025-07-01,244634.58,7261.48,0,Current,1,Active,N
LN-20395,2025-08-01,238918.37,7261.48,0,Current,1,Active,N
LN-20395,2025-09-01,233166.06,7261.48,0,Current,1,Active,N
LN-20395,2025-10-01,227377.4,7261.48,0,Current,1,Active,N
LN-20395,2025-11-01,221552.19,7261.48,0,Current,1,Active,N
LN-20395,2025-12-01,215690.17,7261.48,0,Current,1,Active,N
LN-20395,2026-01-01,209791.13,7261.48,0,Current,1,Active,N
LN-20395,2026-02-01,203854.83,7261.48,0,Current,1,Active,N
LN-20395,2026-03-01,197881.03,7261.48,0,Current,1,Active,N
LN-20395,2026-04-01,191869.49,7261.48,0,Current,1,Active,N
LN-20395,2026-05-01,185819.98,7261.48,0,Current,1,Active,N
LN-20395,2026-06-01,179732.26,7261.48,0,Current,1,Active,N
LN-20395,2026-07-01,173606.09,7261.48,0,Current,1,Active,N
LN-20396,2024-10-01,97743.05,617.41,0,Current,4,Active,N
LN-20396,2024-11-01,95560.59,603.62,0,Current,4,Active,N
LN-20396,2024-12-01,89301.54,564.09,0,Current,4,Active,N
LN-20396,2025-01-01,119854.54,757.08,0,Current,4,Active,N
LN-20396,2025-02-01,154472.41,975.75,0,Current,4,Active,N
LN-20396,2025-03-01,180450.02,1139.84,0,Current,4,Active,N
LN-20396,2025-04-01,162533.62,1026.67,0,Current,4,Active,N
LN-20396,2025-05-01,154246.12,974.32,52,30-59 Days,4,Active,Y
LN-20396,2025-06-01,172075.21,1086.94,55,30-59 Days,4,Active,N
LN-20396,2025-07-01,127799.04,807.26,45,30-59 Days,4,Active,N
LN-20396,2025-08-01,109943.98,694.48,26,1-29 Days,4,Active,N
LN-20396,2025-09-01,143702.04,907.72,6,1-29 Days,4,Active,N
LN-20396,2025-10-01,76148.47,481.0,0,Current,4,Active,N
LN-20396,2025-11-01,126643.89,799.97,0,Current,4,Active,N
LN-20396,2025-12-01,87705.42,554.01,0,Current,4,Active,N
LN-20396,2026-01-01,143398.57,905.8,0,Current,4,Active,N
LN-20396,2026-02-01,118053.16,745.7,0,Current,4,Active,N
LN-20396,2026-03-01,183609.88,1159.8,0,Current,4,Active,N
LN-20396,2026-04-01,158599.89,1001.82,0,Current,4,Active,N
LN-20396,2026-05-01,166024.63,1048.72,0,Current,4,Active,N
LN-20396,2026-06-01,142064.91,897.38,0,Current,4,Active,N
LN-20396,2026-07-01,125711.86,794.08,26,1-29 Days,4,Active,Y
LN-20397,2025-12-01,1284500.0,19111.43,0,Current,4,Active,N
LN-20397,2026-01-01,1272410.5,19111.43,0,Current,4,Active,N
LN-20397,2026-02-01,1260254.91,19111.43,0,Current,4,Active,N
LN-20397,2026-03-01,1248032.87,19111.43,0,Current,4,Active,N
LN-20397,2026-04-01,1235744.01,19111.43,0,Current,4,Active,N
LN-20397,2026-05-01,1223387.98,19111.43,0,Current,4,Active,N
LN-20397,2026-06-01,1210964.4,19111.43,0,Current,4,Active,N
LN-20397,2026-07-01,1198472.9,19111.43,0,Current,4,Active,N
LN-20398,2025-10-01,893500.0,6262.92,0,Current,4,Active,N
LN-20398,2025-11-01,891503.54,6262.92,0,Current,4,Active,N
LN-20398,2025-12-01,889497.55,6262.92,0,Current,4,Active,N
LN-20398,2026-01-01,887481.99,6262.92,0,Current,4,Active,N
LN-20398,2026-02-01,885456.79,6262.92,53,30-59 Days,4,Active,Y
LN-20398,2026-03-01,883421.93,6262.92,38,30-59 Days,4,Active,N
LN-20398,2026-04-01,881377.35,6262.92,36,30-59 Days,4,Active,N
LN-20398,2026-05-01,879323.01,6262.92,39,30-59 Days,4,Active,N
LN-20398,2026-06-01,877258.86,6262.92,51,30-59 Days,4,Active,N
LN-20398,2026-07-01,875184.85,6262.92,0,Current,4,Active,N
LN-20399,2024-08-01,144846.35,896.84,0,Current,3,Active,N
LN-20399,2024-09-01,127447.21,789.11,0,Current,3,Active,N
LN-20399,2024-10-01,64598.61,399.97,0,Current,3,Active,N
LN-20399,2024-11-01,82683.81,511.95,0,Current,3,Active,N
LN-20399,2024-12-01,77043.51,477.03,0,Current,3,Active,N
LN-20399,2025-01-01,118114.01,731.32,0,Current,3,Active,N
LN-20399,2025-02-01,165219.8,1022.99,0,Current,3,Active,N
LN-20399,2025-03-01,148867.68,921.74,0,Current,3,Active,N
LN-20399,2025-04-01,171349.87,1060.94,11,1-29 Days,3,Active,Y
LN-20399,2025-05-01,132718.41,821.75,0,Current,3,Active,N
LN-20399,2025-06-01,221409.18,1370.89,0,Current,3,Active,N
LN-20399,2025-07-01,97757.92,605.28,0,Current,3,Active,N
LN-20399,2025-08-01,117099.47,725.04,0,Current,3,Active,N
LN-20399,2025-09-01,113447.7,702.43,0,Current,3,Active,N
LN-20399,2025-10-01,96336.0,596.48,0,Current,3,Active,N
LN-20399,2025-11-01,60380.66,373.86,0,Current,3,Active,N
LN-20399,2025-12-01,111308.2,689.18,0,Current,3,Active,N
LN-20399,2026-01-01,120309.28,744.91,0,Current,3,Active,N
LN-20399,2026-02-01,136419.07,844.66,0,Current,3,Active,N
LN-20399,2026-03-01,228916.79,1417.38,0,Current,3,Active,N
LN-20399,2026-04-01,172955.3,1070.88,0,Current,3,Active,N
LN-20399,2026-05-01,199792.52,1237.05,0,Current,3,Active,N
LN-20399,2026-06-01,172954.97,1070.88,0,Current,3,Active,N
LN-20399,2026-07-01,123372.23,763.88,0,Current,3,Active,N
LN-20400,2024-08-01,56447.32,374.9,0,Current,2,Active,N
LN-20400,2024-09-01,50625.1,336.24,0,Current,2,Active,N
LN-20400,2024-10-01,27789.08,184.57,0,Current,2,Active,N
LN-20400,2024-11-01,48343.53,321.08,0,Current,2,Active,N
LN-20400,2024-12-01,41546.03,275.93,0,Current,2,Active,N
LN-20400,2025-01-01,67673.38,449.46,0,Current,2,Active,N
LN-20400,2025-02-01,44904.49,298.24,0,Current,2,Active,N
LN-20400,2025-03-01,70817.8,470.35,0,Current,2,Active,N
LN-20400,2025-04-01,72157.97,479.25,0,Current,2,Active,N
LN-20400,2025-05-01,93106.68,618.38,8,1-29 Days,2,Active,Y
LN-20400,2025-06-01,82094.24,545.24,0,Current,2,Active,N
LN-20400,2025-07-01,51983.06,345.25,0,Current,2,Active,N
LN-20400,2025-08-01,31690.82,210.48,0,Current,2,Active,N
LN-20400,2025-09-01,68121.5,452.44,0,Current,2,Active,N
LN-20400,2025-10-01,36005.79,239.14,0,Current,2,Active,N
LN-20400,2025-11-01,45076.18,299.38,0,Current,2,Active,N
LN-20400,2025-12-01,37925.04,251.89,0,Current,2,Active,N
LN-20400,2026-01-01,46030.95,305.72,0,Current,2,Active,N
LN-20400,2026-02-01,67521.23,448.45,0,Current,2,Active,N
LN-20400,2026-03-01,64121.81,425.88,0,Current,2,Active,N
LN-20400,2026-04-01,72866.77,483.96,0,Current,2,Active,N
LN-20400,2026-05-01,77659.56,515.79,0,Current,2,Active,N
LN-20400,2026-06-01,77440.04,514.33,0,Current,2,Active,N
LN-20400,2026-07-01,54088.43,359.24,0,Current,2,Active,N
LN-20401,2024-08-01,1571800.0,13891.58,0,Current,1,Active,N
LN-20401,2024-09-01,1566723.59,13891.58,0,Current,1,Active,N
LN-20401,2024-10-01,1561618.72,13891.58,0,Current,1,Active,N
LN-20401,2024-11-01,1556485.21,13891.58,0,Current,1,Active,N
LN-20401,2024-12-01,1551322.92,13891.58,0,Current,1,Active,N
LN-20401,2025-01-01,1546131.67,13891.58,0,Current,1,Active,N
LN-20401,2025-02-01,1540911.31,13891.58,0,Current,1,Active,N
LN-20401,2025-03-01,1535661.67,13891.58,0,Current,1,Active,N
LN-20401,2025-04-01,1530382.59,13891.58,0,Current,1,Active,N
LN-20401,2025-05-01,1525073.9,13891.58,0,Current,1,Active,N
LN-20401,2025-06-01,1519735.44,13891.58,0,Current,1,Active,N
LN-20401,2025-07-01,1514367.04,13891.58,0,Current,1,Active,N
LN-20401,2025-08-01,1508968.53,13891.58,0,Current,1,Active,N
LN-20401,2025-09-01,1503539.74,13891.58,0,Current,1,Active,N
LN-20401,2025-10-01,1498080.51,13891.58,0,Current,1,Active,N
LN-20401,2025-11-01,1492590.66,13891.58,0,Current,1,Active,N
LN-20401,2025-12-01,1487070.02,13891.58,0,Current,1,Active,N
LN-20401,2026-01-01,1481518.42,13891.58,0,Current,1,Active,N
LN-20401,2026-02-01,1475935.69,13891.58,0,Current,1,Active,N
LN-20401,2026-03-01,1470321.64,13891.58,0,Current,1,Active,N
LN-20401,2026-04-01,1464676.11,13891.58,0,Current,1,Active,N
LN-20401,2026-05-01,1458998.92,13891.58,0,Current,1,Active,N
LN-20401,2026-06-01,1453289.89,13891.58,0,Current,1,Active,N
LN-20401,2026-07-01,1447548.84,13891.58,0,Current,1,Active,N
LN-20402,2024-08-01,205540.15,1486.74,0,Current,1,Active,N
LN-20402,2024-09-01,275298.55,1991.33,0,Current,1,Active,N
LN-20402,2024-10-01,123105.4,890.46,0,Current,1,Active,N
LN-20402,2024-11-01,133055.86,962.44,0,Current,1,Active,N
LN-20402,2024-12-01,168820.92,1221.14,0,Current,1,Active,N
LN-20402,2025-01-01,211156.84,1527.37,0,Current,1,Active,N
LN-20402,2025-02-01,199257.72,1441.3,0,Current,1,Active,N
LN-20402,2025-03-01,216407.26,1565.35,0,Current,1,Active,N
LN-20402,2025-04-01,261178.96,1889.19,0,Current,1,Active,N
LN-20402,2025-05-01,261506.19,1891.56,0,Current,1,Active,N
LN-20402,2025-06-01,230672.01,1668.53,0,Current,1,Active,N
LN-20402,2025-07-01,172885.91,1250.54,0,Current,1,Active,N
LN-20402,2025-08-01,235224.21,1701.46,0,Current,1,Active,N
LN-20402,2025-09-01,201746.89,1459.3,0,Current,1,Active,N
LN-20402,2025-10-01,95076.53,687.72,0,Current,1,Active,N
LN-20402,2025-11-01,203676.09,1473.26,0,Current,1,Active,N
LN-20402,2025-12-01,122019.81,882.61,0,Current,1,Active,N
LN-20402,2026-01-01,150914.63,1091.62,0,Current,1,Active,N
LN-20402,2026-02-01,202034.65,1461.38,0,Current,1,Active,N
LN-20402,2026-03-01,224885.95,1626.68,0,Current,1,Active,N
LN-20402,2026-04-01,277158.95,2004.78,0,Current,1,Active,N
LN-20402,2026-05-01,242477.23,1753.92,0,Current,1,Active,N
LN-20402,2026-06-01,343882.0,2487.41,0,Current,1,Active,N
LN-20402,2026-07-01,154599.16,1118.27,0,Current,1,Active,N
LN-20403,2025-12-01,333900.0,6561.33,0,Current,3,Active,N
LN-20403,2026-01-01,329197.38,6561.33,0,Current,3,Active,N
LN-20403,2026-02-01,324468.59,6561.33,39,30-59 Days,3,Active,Y
LN-20403,2026-03-01,319713.47,6561.33,53,30-59 Days,3,Active,N
LN-20403,2026-04-01,314931.89,6561.33,38,30-59 Days,3,Active,N
LN-20403,2026-05-01,310123.68,6561.33,38,30-59 Days,3,Active,N
LN-20403,2026-06-01,305288.71,6561.33,30,30-59 Days,3,Active,N
LN-20403,2026-07-01,300426.83,6561.33,0,Current,3,Active,N
LN-20404,2024-08-01,131676.13,5151.05,11,1-29 Days,3,Active,N
LN-20404,2024-09-01,127366.71,5151.05,1,1-29 Days,3,Active,N
LN-20404,2024-10-01,123029.74,5151.05,23,1-29 Days,3,Active,N
LN-20404,2024-11-01,118665.05,5151.05,16,1-29 Days,3,Active,N
LN-20404,2024-12-01,114272.47,5151.05,23,1-29 Days,3,Active,N
LN-20404,2025-01-01,109851.81,5151.05,19,1-29 Days,3,Active,N
LN-20404,2025-02-01,105402.89,5151.05,0,Current,3,Active,N
LN-20404,2025-03-01,100925.54,5151.05,0,Current,3,Active,N
LN-20404,2025-04-01,96419.57,5151.05,0,Current,3,Active,N
LN-20404,2025-05-01,91884.8,5151.05,0,Current,3,Active,N
LN-20404,2025-06-01,87321.04,5151.05,0,Current,3,Active,N
LN-20404,2025-07-01,82728.12,5151.05,0,Current,3,Active,N
LN-20404,2025-08-01,78105.83,5151.05,0,Current,3,Active,N
LN-20404,2025-09-01,73454.01,5151.05,0,Current,3,Active,N
LN-20404,2025-10-01,68772.45,5151.05,0,Current,3,Active,N
LN-20404,2025-11-01,64060.97,5151.05,0,Current,3,Active,N
LN-20404,2025-12-01,59319.37,5151.05,0,Current,3,Active,N
LN-20404,2026-01-01,54547.47,5151.05,0,Current,3,Active,N
LN-20404,2026-02-01,49745.07,5151.05,0,Current,3,Active,N
LN-20404,2026-03-01,44911.97,5151.05,0,Current,3,Active,N
LN-20404,2026-04-01,40047.98,5151.05,0,Current,3,Active,N
LN-20404,2026-05-01,35152.9,5151.05,0,Current,3,Active,N
LN-20404,2026-06-01,30226.53,5151.05,1,1-29 Days,3,Active,Y
LN-20404,2026-07-01,25268.68,5151.05,20,1-29 Days,3,Active,N
LN-20405,2026-01-01,2775400.0,24146.21,0,Current,1,Active,N
LN-20405,2026-02-01,2766240.95,24146.21,0,Current,1,Active,N
LN-20405,2026-03-01,2757032.44,24146.21,0,Current,1,Active,N
LN-20405,2026-04-01,2747774.21,24146.21,0,Current,1,Active,N
LN-20405,2026-05-01,2738465.98,24146.21,0,Current,1,Active,N
LN-20405,2026-06-01,2729107.49,24146.21,0,Current,1,Active,N
LN-20405,2026-07-01,2719698.46,24146.21,0,Current,1,Active,N
LN-20406,2024-10-01,153800.0,2981.26,0,Current,3,Active,N
LN-20406,2024-11-01,151601.84,2981.26,0,Current,3,Active,N
LN-20406,2024-12-01,149392.49,2981.26,0,Current,3,Active,N
LN-20406,2025-01-01,147171.89,2981.26,0,Current,3,Active,N
LN-20406,2025-02-01,144939.98,2981.26,0,Current,3,Active,N
LN-20406,2025-03-01,142696.71,2981.26,0,Current,3,Active,N
LN-20406,2025-04-01,140442.01,2981.26,0,Current,3,Active,N
LN-20406,2025-05-01,138175.84,2981.26,0,Current,3,Active,N
LN-20406,2025-06-01,135898.13,2981.26,0,Current,3,Active,N
LN-20406,2025-07-01,133608.82,2981.26,0,Current,3,Active,N
LN-20406,2025-08-01,131307.85,2981.26,0,Current,3,Active,N
LN-20406,2025-09-01,128995.17,2981.26,0,Current,3,Active,N
LN-20406,2025-10-01,126670.71,2981.26,0,Current,3,Active,N
LN-20406,2025-11-01,124334.42,2981.26,0,Current,3,Active,N
LN-20406,2025-12-01,121986.23,2981.26,0,Current,3,Active,N
LN-20406,2026-01-01,119626.09,2981.26,19,1-29 Days,3,Active,Y
LN-20406,2026-02-01,117253.92,2981.26,7,1-29 Days,3,Active,N
LN-20406,2026-03-01,114869.68,2981.26,0,Current,3,Active,N
LN-20406,2026-04-01,112473.3,2981.26,0,Current,3,Active,N
LN-20406,2026-05-01,110064.72,2981.26,0,Current,3,Active,N
LN-20406,2026-06-01,107643.88,2981.26,0,Current,3,Active,N
LN-20406,2026-07-01,105210.71,2981.26,0,Current,3,Active,N
LN-20407,2025-04-01,152300.0,1733.99,0,Current,1,Active,N
LN-20407,2025-05-01,151398.58,1733.99,0,Current,1,Active,N
LN-20407,2025-06-01,150492.24,1733.99,0,Current,1,Active,N
LN-20407,2025-07-01,149580.94,1733.99,0,Current,1,Active,N
LN-20407,2025-08-01,148664.66,1733.99,0,Current,1,Active,N
LN-20407,2025-09-01,147743.38,1733.99,0,Current,1,Active,N
LN-20407,2025-10-01,146817.05,1733.99,0,Current,1,Active,N
LN-20407,2025-11-01,145885.66,1733.99,0,Current,1,Active,N
LN-20407,2025-12-01,144949.18,1733.99,0,Current,1,Active,N
LN-20407,2026-01-01,144007.58,1733.99,0,Current,1,Active,N
LN-20407,2026-02-01,143060.83,1733.99,0,Current,1,Active,N
LN-20407,2026-03-01,142108.91,1733.99,0,Current,1,Active,N
LN-20407,2026-04-01,141151.78,1733.99,0,Current,1,Active,N
LN-20407,2026-05-01,140189.42,1733.99,0,Current,1,Active,N
LN-20407,2026-06-01,139221.81,1733.99,0,Current,1,Active,N
LN-20407,2026-07-01,138248.9,1733.99,0,Current,1,Active,N
LN-20408,2024-08-01,120341.95,9587.06,0,Current,1,Active,N
LN-20408,2024-09-01,111361.62,9587.06,0,Current,1,Active,N
LN-20408,2024-10-01,102336.01,9587.06,0,Current,1,Active,N
LN-20408,2024-11-01,93264.9,9587.06,22,1-29 Days,1,Active,Y
LN-20408,2024-12-01,84148.05,9587.06,0,Current,1,Active,N
LN-20408,2025-01-01,74985.24,9587.06,0,Current,1,Active,N
LN-20408,2025-02-01,65776.24,9587.06,0,Current,1,Active,N
LN-20408,2025-03-01,56520.8,9587.06,0,Current,1,Active,N
LN-20408,2025-04-01,47218.7,9587.06,0,Current,1,Active,N
LN-20408,2025-05-01,37869.71,9587.06,0,Current,1,Active,N
LN-20408,2025-06-01,28473.58,9587.06,0,Current,1,Active,N
LN-20408,2025-07-01,19030.08,9587.06,0,Current,1,Active,N
LN-20408,2025-08-01,9538.96,9587.06,0,Current,1,Active,N
LN-20409,2024-08-01,185905.89,1103.04,0,Current,1,Active,N
LN-20409,2024-09-01,169891.7,1008.02,0,Current,1,Active,N
LN-20409,2024-10-01,168257.47,998.33,0,Current,1,Active,N
LN-20409,2024-11-01,176307.7,1046.09,0,Current,1,Active,N
LN-20409,2024-12-01,69046.99,409.68,0,Current,1,Active,N
LN-20409,2025-01-01,190724.41,1131.63,0,Current,1,Active,N
LN-20409,2025-02-01,198406.26,1177.21,0,Current,1,Active,N
LN-20409,2025-03-01,243653.57,1445.68,0,Current,1,Active,N
LN-20409,2025-04-01,308945.75,1833.08,0,Current,1,Active,N
LN-20409,2025-05-01,336053.67,1993.92,0,Current,1,Active,N
LN-20409,2025-06-01,238813.02,1416.96,0,Current,1,Active,N
LN-20409,2025-07-01,247768.18,1470.09,0,Current,1,Active,N
LN-20409,2025-08-01,301181.16,1787.01,0,Current,1,Active,N
LN-20409,2025-09-01,215228.65,1277.02,0,Current,1,Active,N
LN-20409,2025-10-01,188533.99,1118.64,0,Current,1,Active,N
LN-20409,2025-11-01,156659.56,929.51,0,Current,1,Active,N
LN-20409,2025-12-01,99209.42,588.64,0,Current,1,Active,N
LN-20409,2026-01-01,196610.92,1166.56,0,Current,1,Active,N
LN-20409,2026-02-01,281926.81,1672.77,0,Current,1,Active,N
LN-20409,2026-03-01,289193.61,1715.88,0,Current,1,Active,N
LN-20409,2026-04-01,236103.29,1400.88,0,Current,1,Active,N
LN-20409,2026-05-01,348044.53,2065.06,0,Current,1,Active,N
LN-20409,2026-06-01,328134.11,1946.93,0,Current,1,Active,N
LN-20409,2026-07-01,256791.2,1523.63,0,Current,1,Active,N
LN-20410,2024-09-01,1274100.0,15203.71,0,Current,2,Active,N
LN-20410,2024-10-01,1266986.83,15203.71,0,Current,2,Active,N
LN-20410,2024-11-01,1259828.48,15203.71,0,Current,2,Active,N
LN-20410,2024-12-01,1252624.68,15203.71,0,Current,2,Active,N
LN-20410,2025-01-01,1245375.14,15203.71,0,Current,2,Active,N
LN-20410,2025-02-01,1238079.57,15203.71,0,Current,2,Active,N
LN-20410,2025-03-01,1230737.66,15203.71,0,Current,2,Active,N
LN-20410,2025-04-01,1223349.14,15203.71,0,Current,2,Active,N
LN-20410,2025-05-01,1215913.69,15203.71,0,Current,2,Active,N
LN-20410,2025-06-01,1208431.04,15203.71,0,Current,2,Active,N
LN-20410,2025-07-01,1200900.87,15203.71,0,Current,2,Active,N
LN-20410,2025-08-01,1193322.88,15203.71,0,Current,2,Active,N
LN-20410,2025-09-01,1185696.77,15203.71,0,Current,2,Active,N
LN-20410,2025-10-01,1178022.23,15203.71,0,Current,2,Active,N
LN-20410,2025-11-01,1170298.97,15203.71,0,Current,2,Active,N
LN-20410,2025-12-01,1162526.65,15203.71,0,Current,2,Active,N
LN-20410,2026-01-01,1154704.99,15203.71,0,Current,2,Active,N
LN-20410,2026-02-01,1146833.66,15203.71,0,Current,2,Active,N
LN-20410,2026-03-01,1138912.34,15203.71,0,Current,2,Active,N
LN-20410,2026-04-01,1130940.73,15203.71,0,Current,2,Active,N
LN-20410,2026-05-01,1122918.49,15203.71,0,Current,2,Active,N
LN-20410,2026-06-01,1114845.31,15203.71,40,30-59 Days,2,Active,Y
LN-20410,2026-07-01,1106720.87,15203.71,52,30-59 Days,2,Active,N
LN-20411,2026-05-01,589800.0,9151.66,0,Current,2,Active,N
LN-20411,2026-06-01,584511.53,9151.66,0,Current,2,Active,N
LN-20411,2026-07-01,579188.41,9151.66,0,Current,2,Active,N
LN-20412,2024-08-01,186936.06,9954.44,4,1-29 Days,2,Active,N
LN-20412,2024-09-01,178117.25,9954.44,3,1-29 Days,2,Active,N
LN-20412,2024-10-01,169244.87,9954.44,0,Current,2,Active,N
LN-20412,2024-11-01,160318.59,9954.44,0,Current,2,Active,N
LN-20412,2024-12-01,151338.08,9954.44,0,Current,2,Active,N
LN-20412,2025-01-01,142303.01,9954.44,0,Current,2,Active,N
LN-20412,2025-02-01,133213.06,9954.44,0,Current,2,Active,N
LN-20412,2025-03-01,124067.89,9954.44,0,Current,2,Active,N
LN-20412,2025-04-01,114867.15,9954.44,0,Current,2,Active,N
LN-20412,2025-05-01,105610.53,9954.44,0,Current,2,Active,N
LN-20412,2025-06-01,96297.67,9954.44,0,Current,2,Active,N
LN-20412,2025-07-01,86928.23,9954.44,0,Current,2,Active,N
LN-20412,2025-08-01,77501.88,9954.44,0,Current,2,Active,N
LN-20412,2025-09-01,68018.26,9954.44,0,Current,2,Active,N
LN-20412,2025-10-01,58477.02,9954.44,0,Current,2,Active,N
LN-20412,2025-11-01,48877.83,9954.44,0,Current,2,Active,N
LN-20412,2025-12-01,39220.31,9954.44,0,Current,2,Active,N
LN-20412,2026-01-01,29504.13,9954.44,0,Current,2,Active,N
LN-20412,2026-02-01,19728.93,9954.44,0,Current,2,Active,N
LN-20412,2026-03-01,9894.34,9954.44,0,Current,2,Active,N
LN-20413,2024-08-01,140596.06,857.64,0,Current,1,Active,N
LN-20413,2024-09-01,181692.08,1108.32,0,Current,1,Active,N
LN-20413,2024-10-01,153340.58,935.38,0,Current,1,Active,N
LN-20413,2024-11-01,106523.27,649.79,0,Current,1,Active,N
LN-20413,2024-12-01,98460.14,600.61,0,Current,1,Active,N
LN-20413,2025-01-01,186125.5,1135.37,0,Current,1,Active,N
LN-20413,2025-02-01,181162.67,1105.09,0,Current,1,Active,N
LN-20413,2025-03-01,242971.12,1482.12,0,Current,1,Active,N
LN-20413,2025-04-01,261421.11,1594.67,0,Current,1,Active,N
LN-20413,2025-05-01,186607.98,1138.31,0,Current,1,Active,N
LN-20413,2025-06-01,218171.72,1330.85,0,Current,1,Active,N
LN-20413,2025-07-01,174379.65,1063.72,0,Current,1,Active,N
LN-20413,2025-08-01,133431.77,813.93,0,Current,1,Active,N
LN-20413,2025-09-01,137910.16,841.25,0,Current,1,Active,N
LN-20413,2025-10-01,116130.96,708.4,0,Current,1,Active,N
LN-20413,2025-11-01,92733.91,565.68,0,Current,1,Active,N
LN-20413,2025-12-01,95349.05,581.63,0,Current,1,Active,N
LN-20413,2026-01-01,135285.86,825.24,0,Current,1,Active,N
LN-20413,2026-02-01,188450.16,1149.55,0,Current,1,Active,N
LN-20413,2026-03-01,208677.46,1272.93,0,Current,1,Active,N
LN-20413,2026-04-01,226592.69,1382.22,0,Current,1,Active,N
LN-20413,2026-05-01,194326.0,1185.39,0,Current,1,Active,N
LN-20413,2026-06-01,232100.56,1415.81,0,Current,1,Active,N
LN-20413,2026-07-01,177542.09,1083.01,0,Current,1,Active,N
LN-20414,2024-08-01,571011.85,8590.41,0,Current,2,Active,N
LN-20414,2024-09-01,565424.01,8590.41,0,Current,2,Active,N
LN-20414,2024-10-01,559806.79,8590.41,0,Current,2,Active,N
LN-20414,2024-11-01,554160.02,8590.41,0,Current,2,Active,N
LN-20414,2024-12-01,548483.57,8590.41,0,Current,2,Active,N
LN-20414,2025-01-01,542777.27,8590.41,0,Current,2,Active,N
LN-20414,2025-02-01,537040.96,8590.41,0,Current,2,Active,N
LN-20414,2025-03-01,531274.49,8590.41,0,Current,2,Active,N
LN-20414,2025-04-01,525477.69,8590.41,0,Current,2,Active,N
LN-20414,2025-05-01,519650.42,8590.41,0,Current,2,Active,N
LN-20414,2025-06-01,513792.5,8590.41,0,Current,2,Active,N
LN-20414,2025-07-01,507903.78,8590.41,0,Current,2,Active,N
LN-20414,2025-08-01,501984.1,8590.41,0,Current,2,Active,N
LN-20414,2025-09-01,496033.28,8590.41,0,Current,2,Active,N
LN-20414,2025-10-01,490051.18,8590.41,0,Current,2,Active,N
LN-20414,2025-11-01,484037.62,8590.41,0,Current,2,Active,N
LN-20414,2025-12-01,477992.44,8590.41,0,Current,2,Active,N
LN-20414,2026-01-01,471915.47,8590.41,0,Current,2,Active,N
LN-20414,2026-02-01,465806.55,8590.41,0,Current,2,Active,N
LN-20414,2026-03-01,459665.5,8590.41,0,Current,2,Active,N
LN-20414,2026-04-01,453492.16,8590.41,0,Current,2,Active,N
LN-20414,2026-05-01,447286.36,8590.41,0,Current,2,Active,N
LN-20414,2026-06-01,441047.93,8590.41,0,Current,2,Active,N
LN-20414,2026-07-01,434776.7,8590.41,0,Current,2,Active,N
LN-20415,2024-08-01,290445.87,3787.39,0,Current,2,Active,N
LN-20415,2024-09-01,288565.74,3787.39,0,Current,2,Active,N
LN-20415,2024-10-01,286673.26,3787.39,0,Current,2,Active,N
LN-20415,2024-11-01,284768.36,3787.39,0,Current,2,Active,N
LN-20415,2024-12-01,282850.94,3787.39,0,Current,2,Active,N
LN-20415,2025-01-01,280920.94,3787.39,0,Current,2,Active,N
LN-20415,2025-02-01,278978.26,3787.39,0,Current,2,Active,N
LN-20415,2025-03-01,277022.83,3787.39,0,Current,2,Active,N
LN-20415,2025-04-01,275054.55,3787.39,0,Current,2,Active,N
LN-20415,2025-05-01,273073.35,3787.39,0,Current,2,Active,N
LN-20415,2025-06-01,271079.14,3787.39,0,Current,2,Active,N
LN-20415,2025-07-01,269071.84,3787.39,0,Current,2,Active,N
LN-20415,2025-08-01,267051.35,3787.39,0,Current,2,Active,N
LN-20415,2025-09-01,265017.6,3787.39,0,Current,2,Active,N
LN-20415,2025-10-01,262970.49,3787.39,0,Current,2,Active,N
LN-20415,2025-11-01,260909.93,3787.39,0,Current,2,Active,N
LN-20415,2025-12-01,258835.85,3787.39,0,Current,2,Active,N
LN-20415,2026-01-01,256748.15,3787.39,0,Current,2,Active,N
LN-20415,2026-02-01,254646.74,3787.39,0,Current,2,Active,N
LN-20415,2026-03-01,252531.53,3787.39,0,Current,2,Active,N
LN-20415,2026-04-01,250402.42,3787.39,0,Current,2,Active,N
LN-20415,2026-05-01,248259.34,3787.39,0,Current,2,Active,N
LN-20415,2026-06-01,246102.19,3787.39,0,Current,2,Active,N
LN-20415,2026-07-01,243930.87,3787.39,0,Current,2,Active,N
LN-20416,2024-08-01,120082.3,873.6,0,Current,3,Active,N
LN-20416,2024-09-01,130457.82,949.08,0,Current,3,Active,N
LN-20416,2024-10-01,72847.61,529.97,0,Current,3,Active,N
LN-20416,2024-11-01,77757.25,565.68,0,Current,3,Active,N
LN-20416,2024-12-01,111522.54,811.33,0,Current,3,Active,N
LN-20416,2025-01-01,130212.65,947.3,30,30-59 Days,3,Active,Y
LN-20416,2025-02-01,92812.9,675.21,47,30-59 Days,3,Active,N
LN-20416,2025-03-01,183642.65,1336.0,54,30-59 Days,3,Active,N
LN-20416,2025-04-01,179235.99,1303.94,0,Current,3,Active,N
LN-20416,2025-05-01,146091.74,1062.82,0,Current,3,Active,N
LN-20416,2025-06-01,166279.72,1209.68,0,Current,3,Active,N
LN-20416,2025-07-01,108546.06,789.67,0,Current,3,Active,N
LN-20416,2025-08-01,134626.88,979.41,0,Current,3,Active,N
LN-20416,2025-09-01,113799.6,827.89,0,Current,3,Active,N
LN-20416,2025-10-01,65593.75,477.19,0,Current,3,Active,N
LN-20416,2025-11-01,90671.18,659.63,0,Current,3,Active,N
LN-20416,2025-12-01,84940.76,617.94,0,Current,3,Active,N
LN-20416,2026-01-01,104945.11,763.48,0,Current,3,Active,N
LN-20416,2026-02-01,126840.77,922.77,0,Current,3,Active,N
LN-20416,2026-03-01,178337.22,1297.4,0,Current,3,Active,N
LN-20416,2026-04-01,184347.36,1341.13,0,Current,3,Active,N
LN-20416,2026-05-01,157602.68,1146.56,0,Current,3,Active,N
LN-20416,2026-06-01,176958.57,1287.37,0,Current,3,Active,N
LN-20416,2026-07-01,152956.48,1112.76,0,Current,3,Active,N
LN-20417,2024-08-01,313155.87,7291.55,0,Current,3,Active,N
LN-20417,2024-09-01,308001.61,7291.55,0,Current,3,Active,N
LN-20417,2024-10-01,302812.17,7291.55,0,Current,3,Active,N
LN-20417,2024-11-01,297587.32,7291.55,0,Current,3,Active,N
LN-20417,2024-12-01,292326.81,7291.55,0,Current,3,Active,N
LN-20417,2025-01-01,287030.39,7291.55,0,Current,3,Active,N
LN-20417,2025-02-01,281697.83,7291.55,0,Current,3,Active,N
LN-20417,2025-03-01,276328.87,7291.55,0,Current,3,Active,N
LN-20417,2025-04-01,270923.27,7291.55,36,30-59 Days,3,Active,Y
LN-20417,2025-05-01,265480.77,7291.55,58,30-59 Days,3,Active,N
LN-20417,2025-06-01,260001.13,7291.55,0,Current,3,Active,N
LN-20417,2025-07-01,254484.1,7291.55,0,Current,3,Active,N
LN-20417,2025-08-01,248929.4,7291.55,0,Current,3,Active,N
LN-20417,2025-09-01,243336.8,7291.55,0,Current,3,Active,N
LN-20417,2025-10-01,237706.03,7291.55,0,Current,3,Active,N
LN-20417,2025-11-01,232036.83,7291.55,0,Current,3,Active,N
LN-20417,2025-12-01,226328.93,7291.55,0,Current,3,Active,N
LN-20417,2026-01-01,220582.08,7291.55,33,30-59 Days,3,Active,Y
LN-20417,2026-02-01,214796.01,7291.55,0,Current,3,Active,N
LN-20417,2026-03-01,208970.44,7291.55,0,Current,3,Active,N
LN-20417,2026-04-01,203105.12,7291.55,0,Current,3,Active,N
LN-20417,2026-05-01,197199.77,7291.55,0,Current,3,Active,N
LN-20417,2026-06-01,191254.11,7291.55,0,Current,3,Active,N
LN-20417,2026-07-01,185267.87,7291.55,0,Current,3,Active,N
LN-20418,2024-11-01,255363.93,1706.68,0,Current,3,Active,N
LN-20418,2024-12-01,270516.16,1807.95,0,Current,3,Active,N
LN-20418,2025-01-01,314028.59,2098.76,0,Current,3,Active,N
LN-20418,2025-02-01,213790.13,1428.83,0,Current,3,Active,N
LN-20418,2025-03-01,305622.74,2042.58,0,Current,3,Active,N
LN-20418,2025-04-01,296681.5,1982.82,0,Current,3,Active,N
LN-20418,2025-05-01,290278.22,1940.03,0,Current,3,Active,N
LN-20418,2025-06-01,389114.36,2600.58,0,Current,3,Active,N
LN-20418,2025-07-01,333297.65,2227.54,0,Current,3,Active,N
LN-20418,2025-08-01,173701.6,1160.91,0,Current,3,Active,N
LN-20418,2025-09-01,258710.34,1729.05,0,Current,3,Active,N
LN-20418,2025-10-01,145410.52,971.83,0,Current,3,Active,N
LN-20418,2025-11-01,181910.28,1215.77,0,Current,3,Active,N
LN-20418,2025-12-01,140146.51,936.65,0,Current,3,Active,N
LN-20418,2026-01-01,308209.09,2059.86,0,Current,3,Active,N
LN-20418,2026-02-01,220484.38,1473.57,0,Current,3,Active,N
LN-20418,2026-03-01,317720.04,2123.43,0,Current,3,Active,N
LN-20418,2026-04-01,441461.8,2950.44,0,Current,3,Active,N
LN-20418,2026-05-01,368785.28,2464.71,0,Current,3,Active,N
LN-20418,2026-06-01,370416.24,2475.62,0,Current,3,Active,N
LN-20418,2026-07-01,216605.18,1447.64,0,Current,3,Active,N
LN-20419,2024-08-01,141820.48,862.74,0,Current,1,Active,N
LN-20419,2024-09-01,136981.17,833.3,0,Current,1,Active,N
LN-20419,2024-10-01,103229.44,627.98,0,Current,1,Active,N
LN-20419,2024-11-01,103037.47,626.81,0,Current,1,Active,N
LN-20419,2024-12-01,75086.06,456.77,0,Current,1,Active,N
LN-20419,2025-01-01,100205.49,609.58,0,Current,1,Active,N
LN-20419,2025-02-01,106194.18,646.01,0,Current,1,Active,N
LN-20419,2025-03-01,158673.4,965.26,0,Current,1,Active,N
LN-20419,2025-04-01,141304.56,859.6,0,Current,1,Active,N
LN-20419,2025-05-01,168348.51,1024.12,0,Current,1,Active,N
LN-20419,2025-06-01,178845.96,1087.98,0,Current,1,Active,N
LN-20419,2025-07-01,117715.54,716.1,0,Current,1,Active,N
LN-20419,2025-08-01,106288.94,646.59,0,Current,1,Active,N
LN-20419,2025-09-01,140362.23,853.87,0,Current,1,Active,N
LN-20419,2025-10-01,88783.29,540.1,0,Current,1,Active,N
LN-20419,2025-11-01,112637.32,685.21,0,Current,1,Active,N
LN-20419,2025-12-01,70613.7,429.57,0,Current,1,Active,N
LN-20419,2026-01-01,123428.22,750.86,0,Current,1,Active,N
LN-20419,2026-02-01,93092.76,566.31,0,Current,1,Active,N
LN-20419,2026-03-01,123188.44,749.4,0,Current,1,Active,N
LN-20419,2026-04-01,156667.34,953.06,0,Current,1,Active,N
LN-20419,2026-05-01,117150.66,712.67,0,Current,1,Active,N
LN-20419,2026-06-01,144648.02,879.94,0,Current,1,Active,N
LN-20419,2026-07-01,101248.04,615.93,0,Current,1,Active,N
LN-20420,2024-12-01,1465000.0,9376.43,0,Current,2,Active,N
LN-20420,2025-01-01,1462863.11,9376.43,0,Current,2,Active,N
LN-20420,2025-02-01,1460715.67,9376.43,0,Current,2,Active,N
LN-20420,2025-03-01,1458557.61,9376.43,0,Current,2,Active,N
LN-20420,2025-04-01,1456388.89,9376.43,0,Current,2,Active,N
LN-20420,2025-05-01,1454209.45,9376.43,0,Current,2,Active,N
LN-20420,2025-06-01,1452019.24,9376.43,0,Current,2,Active,N
LN-20420,2025-07-01,1449818.2,9376.43,0,Current,2,Active,N
LN-20420,2025-08-01,1447606.29,9376.43,0,Current,2,Active,N
LN-20420,2025-09-01,1445383.45,9376.43,0,Current,2,Active,N
LN-20420,2025-10-01,1443149.63,9376.43,0,Current,2,Active,N
LN-20420,2025-11-01,1440904.76,9376.43,0,Current,2,Active,N
LN-20420,2025-12-01,1438648.81,9376.43,0,Current,2,Active,N
LN-20420,2026-01-01,1436381.7,9376.43,0,Current,2,Active,N
LN-20420,2026-02-01,1434103.39,9376.43,0,Current,2,Active,N
LN-20420,2026-03-01,1431813.83,9376.43,0,Current,2,Active,N
LN-20420,2026-04-01,1429512.94,9376.43,0,Current,2,Active,N
LN-20420,2026-05-01,1427200.69,9376.43,0,Current,2,Active,N
LN-20420,2026-06-01,1424877.01,9376.43,0,Current,2,Active,N
LN-20420,2026-07-01,1422541.85,9376.43,0,Current,2,Active,N
LN-20421,2025-03-01,595300.0,8981.76,0,Current,2,Active,N
LN-20421,2025-04-01,589785.86,8981.76,0,Current,2,Active,N
LN-20421,2025-05-01,584239.6,8981.76,0,Current,2,Active,N
LN-20421,2025-06-01,578661.03,8981.76,0,Current,2,Active,N
LN-20421,2025-07-01,573049.97,8981.76,0,Current,2,Active,N
LN-20421,2025-08-01,567406.22,8981.76,0,Current,2,Active,N
LN-20421,2025-09-01,561729.6,8981.76,0,Current,2,Active,N
LN-20421,2025-10-01,556019.92,8981.76,0,Current,2,Active,N
LN-20421,2025-11-01,550276.97,8981.76,0,Current,2,Active,N
LN-20421,2025-12-01,544500.57,8981.76,0,Current,2,Active,N
LN-20421,2026-01-01,538690.52,8981.76,0,Current,2,Active,N
LN-20421,2026-02-01,532846.63,8981.76,0,Current,2,Active,N
LN-20421,2026-03-01,526968.7,8981.76,0,Current,2,Active,N
LN-20421,2026-04-01,521056.53,8981.76,0,Current,2,Active,N
LN-20421,2026-05-01,515109.92,8981.76,0,Current,2,Active,N
LN-20421,2026-06-01,509128.68,8981.76,0,Current,2,Active,N
LN-20421,2026-07-01,503112.59,8981.76,0,Current,2,Active,N
LN-20422,2024-08-01,10018.78,5053.27,0,Current,1,Active,N
LN-20422,2024-09-01,5023.96,5053.27,0,Current,1,Active,N
LN-20423,2024-08-01,144773.76,957.92,0,Current,1,Active,N
LN-20423,2024-09-01,197531.82,1307.0,0,Current,1,Active,N
LN-20423,2024-10-01,141364.62,935.36,0,Current,1,Active,N
LN-20423,2024-11-01,90922.53,601.6,0,Current,1,Active,N
LN-20423,2024-12-01,111058.32,734.84,0,Current,1,Active,N
LN-20423,2025-01-01,110983.36,734.34,0,Current,1,Active,N
LN-20423,2025-02-01,172776.07,1143.2,0,Current,1,Active,N
LN-20423,2025-03-01,165423.93,1094.56,0,Current,1,Active,N
LN-20423,2025-04-01,219341.32,1451.31,0,Current,1,Active,N
LN-20423,2025-05-01,212865.21,1408.46,0,Current,1,Active,N
LN-20423,2025-06-01,186022.9,1230.85,0,Current,1,Active,N
LN-20423,2025-07-01,183015.85,1210.95,0,Current,1,Active,N
LN-20423,2025-08-01,130874.37,865.95,0,Current,1,Active,N
LN-20423,2025-09-01,106683.19,705.89,0,Current,1,Active,N
LN-20423,2025-10-01,176059.83,1164.93,0,Current,1,Active,N
LN-20423,2025-11-01,109971.85,727.65,0,Current,1,Active,N
LN-20423,2025-12-01,129507.16,856.91,0,Current,1,Active,N
LN-20423,2026-01-01,125008.69,827.14,0,Current,1,Active,N
LN-20423,2026-02-01,147362.98,975.05,0,Current,1,Active,N
LN-20423,2026-03-01,232051.17,1535.41,0,Current,1,Active,N
LN-20423,2026-04-01,178707.93,1182.45,0,Current,1,Active,N
LN-20423,2026-05-01,241683.09,1599.14,0,Current,1,Active,N
LN-20423,2026-06-01,225031.04,1488.96,0,Current,1,Active,N
LN-20423,2026-07-01,159715.11,1056.78,0,Current,1,Active,N
LN-20424,2024-08-01,1019525.94,20017.48,0,Current,3,Active,N
LN-20424,2024-09-01,1005642.61,20017.48,0,Current,3,Active,N
LN-20424,2024-10-01,991675.75,20017.48,0,Current,3,Active,N
LN-20424,2024-11-01,977624.86,20017.48,0,Current,3,Active,N
LN-20424,2024-12-01,963489.42,20017.48,0,Current,3,Active,N
LN-20424,2025-01-01,949268.94,20017.48,0,Current,3,Active,N
LN-20424,2025-02-01,934962.9,20017.48,0,Current,3,Active,N
LN-20424,2025-03-01,920570.78,20017.48,0,Current,3,Active,N
LN-20424,2025-04-01,906092.07,20017.48,0,Current,3,Active,N
LN-20424,2025-05-01,891526.25,20017.48,0,Current,3,Active,N
LN-20424,2025-06-01,876872.79,20017.48,0,Current,3,Active,N
LN-20424,2025-07-01,862131.17,20017.48,0,Current,3,Active,N
LN-20424,2025-08-01,847300.85,20017.48,0,Current,3,Active,N
LN-20424,2025-09-01,832381.3,20017.48,0,Current,3,Active,N
LN-20424,2025-10-01,817371.98,20017.48,0,Current,3,Active,N
LN-20424,2025-11-01,802272.36,20017.48,0,Current,3,Active,N
LN-20424,2025-12-01,787081.89,20017.48,0,Current,3,Active,N
LN-20424,2026-01-01,771800.02,20017.48,0,Current,3,Active,N
LN-20424,2026-02-01,756426.21,20017.48,0,Current,3,Active,N
LN-20424,2026-03-01,740959.89,20017.48,0,Current,3,Active,N
LN-20424,2026-04-01,725400.53,20017.48,0,Current,3,Active,N
LN-20424,2026-05-01,709747.54,20017.48,0,Current,3,Active,N
LN-20424,2026-06-01,694000.38,20017.48,0,Current,3,Active,N
LN-20424,2026-07-01,678158.47,20017.48,77,60-89 Days,4,Active,Y
LN-20425,2026-02-01,710900.0,13776.77,0,Current,2,Active,N
LN-20425,2026-03-01,700736.97,13776.77,0,Current,2,Active,N
LN-20425,2026-04-01,690522.28,13776.77,0,Current,2,Active,N
LN-20425,2026-05-01,680255.67,13776.77,0,Current,2,Active,N
LN-20425,2026-06-01,669936.87,13776.77,0,Current,2,Active,N
LN-20425,2026-07-01,659565.61,13776.77,0,Current,2,Active,N
LN-20426,2024-08-01,139608.78,10493.87,0,Current,2,Active,N
LN-20426,2024-09-01,130074.72,10493.87,0,Current,2,Active,N
LN-20426,2024-10-01,120475.11,10493.87,0,Current,2,Active,N
LN-20426,2024-11-01,110809.5,10493.87,0,Current,2,Active,N
LN-20426,2024-12-01,101077.45,10493.87,0,Current,2,Active,N
LN-20426,2025-01-01,91278.48,10493.87,0,Current,2,Active,N
LN-20426,2025-02-01,81412.15,10493.87,0,Current,2,Active,N
LN-20426,2025-03-01,71477.99,10493.87,0,Current,2,Active,N
LN-20426,2025-04-01,61475.53,10493.87,0,Current,2,Active,N
LN-20426,2025-05-01,51404.3,10493.87,0,Current,2,Active,N
LN-20426,2025-06-01,41263.83,10493.87,0,Current,2,Active,N
LN-20426,2025-07-01,31053.65,10493.87,0,Current,2,Active,N
LN-20426,2025-08-01,20773.27,10493.87,0,Current,2,Active,N
LN-20426,2025-09-01,10422.22,10493.87,0,Current,2,Active,N
LN-20427,2024-11-01,44366.06,323.5,0,Current,2,Active,N
LN-20427,2024-12-01,50817.23,370.54,0,Current,2,Active,N
LN-20427,2025-01-01,77685.41,566.46,0,Current,2,Active,N
LN-20427,2025-02-01,54930.89,400.54,0,Current,2,Active,N
LN-20427,2025-03-01,109233.8,796.5,0,Current,2,Active,N
LN-20427,2025-04-01,97896.37,713.83,0,Current,2,Active,N
LN-20427,2025-05-01,95858.34,698.97,0,Current,2,Active,N
LN-20427,2025-06-01,109375.9,797.53,0,Current,2,Active,N
LN-20427,2025-07-01,64781.49,472.37,0,Current,2,Active,N
LN-20427,2025-08-01,56826.66,414.36,0,Current,2,Active,N
LN-20427,2025-09-01,65016.49,474.08,0,Current,2,Active,N
LN-20427,2025-10-01,53507.6,390.16,0,Current,2,Active,N
LN-20427,2025-11-01,43660.95,318.36,0,Current,2,Active,N
LN-20427,2025-12-01,60093.72,438.18,0,Current,2,Active,N
LN-20427,2026-01-01,85298.08,621.97,0,Current,2,Active,N
LN-20427,2026-02-01,91357.79,666.15,0,Current,2,Active,N
LN-20427,2026-03-01,103253.18,752.89,0,Current,2,Active,N
LN-20427,2026-04-01,119122.5,868.6,0,Current,2,Active,N
LN-20427,2026-05-01,104545.42,762.31,0,Current,2,Active,N
LN-20427,2026-06-01,100418.21,732.22,47,30-59 Days,2,Active,Y
LN-20427,2026-07-01,61603.27,449.19,37,30-59 Days,2,Active,N
LN-20428,2024-08-01,132063.65,2962.94,0,Current,2,Active,N
LN-20428,2024-09-01,129975.63,2962.94,0,Current,2,Active,N
LN-20428,2024-10-01,127873.78,2962.94,0,Current,2,Active,N
LN-20428,2024-11-01,125758.01,2962.94,0,Current,2,Active,N
LN-20428,2024-12-01,123628.22,2962.94,0,Current,2,Active,N
LN-20428,2025-01-01,121484.32,2962.94,0,Current,2,Active,N
LN-20428,2025-02-01,119326.22,2962.94,0,Current,2,Active,N
LN-20428,2025-03-01,117153.82,2962.94,0,Current,2,Active,N
LN-20428,2025-04-01,114967.02,2962.94,0,Current,2,Active,N
LN-20428,2025-05-01,112765.74,2962.94,0,Current,2,Active,N
LN-20428,2025-06-01,110549.88,2962.94,0,Current,2,Active,N
LN-20428,2025-07-01,108319.34,2962.94,0,Current,2,Active,N
LN-20428,2025-08-01,106074.02,2962.94,0,Current,2,Active,N
LN-20428,2025-09-01,103813.82,2962.94,6,1-29 Days,2,Active,Y
LN-20428,2025-10-01,101538.65,2962.94,16,1-29 Days,2,Active,N
LN-20428,2025-11-01,99248.41,2962.94,16,1-29 Days,2,Active,N
LN-20428,2025-12-01,96942.99,2962.94,0,Current,2,Active,N
LN-20428,2026-01-01,94622.3,2962.94,0,Current,2,Active,N
LN-20428,2026-02-01,92286.24,2962.94,0,Current,2,Active,N
LN-20428,2026-03-01,89934.69,2962.94,0,Current,2,Active,N
LN-20428,2026-04-01,87567.58,2962.94,0,Current,2,Active,N
LN-20428,2026-05-01,85184.77,2962.94,0,Current,2,Active,N
LN-20428,2026-06-01,82786.19,2962.94,0,Current,2,Active,N
LN-20428,2026-07-01,80371.71,2962.94,0,Current,2,Active,N
LN-20429,2025-08-01,1162600.0,18172.71,0,Current,3,Active,N
LN-20429,2025-09-01,1152265.15,18172.71,0,Current,3,Active,N
LN-20429,2025-10-01,1141860.64,18172.71,0,Current,3,Active,N
LN-20429,2025-11-01,1131385.97,18172.71,0,Current,3,Active,N
LN-20429,2025-12-01,1120840.69,18172.71,0,Current,3,Active,N
LN-20429,2026-01-01,1110224.32,18172.71,0,Current,3,Active,N
LN-20429,2026-02-01,1099536.38,18172.71,0,Current,3,Active,N
LN-20429,2026-03-01,1088776.38,18172.71,0,Current,3,Active,N
LN-20429,2026-04-01,1077943.84,18172.71,26,1-29 Days,3,Active,Y
LN-20429,2026-05-01,1067038.27,18172.71,18,1-29 Days,3,Active,N
LN-20429,2026-06-01,1056059.18,18172.71,0,Current,3,Active,N
LN-20429,2026-07-01,1045006.07,18172.71,0,Current,3,Active,N
LN-20430,2025-08-01,170800.0,2529.67,0,Current,3,Active,N
LN-20430,2025-09-01,169184.11,2529.67,0,Current,3,Active,N
LN-20430,2025-10-01,167559.57,2529.67,0,Current,3,Active,N
LN-20430,2025-11-01,165926.34,2529.67,0,Current,3,Active,N
LN-20430,2025-12-01,164284.37,2529.67,0,Current,3,Active,N
LN-20430,2026-01-01,162633.62,2529.67,0,Current,3,Active,N
LN-20430,2026-02-01,160974.03,2529.67,0,Current,3,Active,N
LN-20430,2026-03-01,159305.57,2529.67,0,Current,3,Active,N
LN-20430,2026-04-01,157628.18,2529.67,0,Current,3,Active,N
LN-20430,2026-05-01,155941.82,2529.67,0,Current,3,Active,N
LN-20430,2026-06-01,154246.43,2529.67,0,Current,3,Active,N
LN-20430,2026-07-01,152541.98,2529.67,0,Current,3,Active,N
LN-20431,2025-05-01,771700.0,15070.3,0,Current,2,Active,N
LN-20431,2025-06-01,760758.3,15070.3,0,Current,2,Active,N
LN-20431,2025-07-01,749758.06,15070.3,0,Current,2,Active,N
LN-20431,2025-08-01,738698.97,15070.3,0,Current,2,Active,N
LN-20431,2025-09-01,727580.71,15070.3,0,Current,2,Active,N
LN-20431,2025-10-01,716402.97,15070.3,0,Current,2,Active,N
LN-20431,2025-11-01,705165.43,15070.3,0,Current,2,Active,N
LN-20431,2025-12-01,693867.77,15070.3,0,Current,2,Active,N
LN-20431,2026-01-01,682509.67,15070.3,0,Current,2,Active,N
LN-20431,2026-02-01,671090.8,15070.3,0,Current,2,Active,N
LN-20431,2026-03-01,659610.84,15070.3,0,Current,2,Active,N
LN-20431,2026-04-01,648069.46,15070.3,0,Current,2,Active,N
LN-20431,2026-05-01,636466.33,15070.3,0,Current,2,Active,N
LN-20431,2026-06-01,624801.13,15070.3,0,Current,2,Active,N
LN-20431,2026-07-01,613073.52,15070.3,0,Current,2,Active,N
LN-20432,2024-08-01,330011.94,5832.07,0,Current,1,Active,N
LN-20432,2024-09-01,326349.7,5832.07,0,Current,1,Active,N
LN-20432,2024-10-01,322663.38,5832.07,0,Current,1,Active,N
LN-20432,2024-11-01,318952.83,5832.07,0,Current,1,Active,N
LN-20432,2024-12-01,315217.88,5832.07,0,Current,1,Active,N
LN-20432,2025-01-01,311458.37,5832.07,0,Current,1,Active,N
LN-20432,2025-02-01,307674.14,5832.07,0,Current,1,Active,N
LN-20432,2025-03-01,303865.03,5832.07,0,Current,1,Active,N
LN-20432,2025-04-01,300030.88,5832.07,0,Current,1,Active,N
LN-20432,2025-05-01,296171.52,5832.07,0,Current,1,Active,N
LN-20432,2025-06-01,292286.78,5832.07,0,Current,1,Active,N
LN-20432,2025-07-01,288376.5,5832.07,0,Current,1,Active,N
LN-20432,2025-08-01,284440.51,5832.07,0,Current,1,Active,N
LN-20432,2025-09-01,280478.64,5832.07,0,Current,1,Active,N
LN-20432,2025-10-01,276490.72,5832.07,0,Current,1,Active,N
LN-20432,2025-11-01,272476.58,5832.07,0,Current,1,Active,N
LN-20432,2025-12-01,268436.05,5832.07,0,Current,1,Active,N
LN-20432,2026-01-01,264368.95,5832.07,0,Current,1,Active,N
LN-20432,2026-02-01,260275.11,5832.07,0,Current,1,Active,N
LN-20432,2026-03-01,256154.35,5832.07,0,Current,1,Active,N
LN-20432,2026-04-01,252006.5,5832.07,0,Current,1,Active,N
LN-20432,2026-05-01,247831.38,5832.07,0,Current,1,Active,N
LN-20432,2026-06-01,243628.8,5832.07,0,Current,1,Active,N
LN-20432,2026-07-01,239398.59,5832.07,0,Current,1,Active,N
LN-20433,2024-08-01,770953.02,20637.82,0,Current,2,Active,N
LN-20433,2024-09-01,755377.79,20637.82,0,Current,2,Active,N
LN-20433,2024-10-01,739700.29,20637.82,0,Current,2,Active,N
LN-20433,2024-11-01,723919.83,20637.82,0,Current,2,Active,N
LN-20433,2024-12-01,708035.75,20637.82,0,Current,2,Active,N
LN-20433,2025-01-01,692047.37,20637.82,0,Current,2,Active,N
LN-20433,2025-02-01,675954.0,20637.82,0,Current,2,Active,N
LN-20433,2025-03-01,659754.94,20637.82,0,Current,2,Active,N
LN-20433,2025-04-01,643449.52,20637.82,0,Current,2,Active,N
LN-20433,2025-05-01,627037.02,20637.82,0,Current,2,Active,N
LN-20433,2025-06-01,610516.74,20637.82,0,Current,2,Active,N
LN-20433,2025-07-01,593887.98,20637.82,0,Current,2,Active,N
LN-20433,2025-08-01,577150.03,20637.82,0,Current,2,Active,N
LN-20433,2025-09-01,560302.16,20637.82,0,Current,2,Active,N
LN-20433,2025-10-01,543343.66,20637.82,0,Current,2,Active,N
LN-20433,2025-11-01,526273.8,20637.82,0,Current,2,Active,N
LN-20433,2025-12-01,509091.84,20637.82,0,Current,2,Active,N
LN-20433,2026-01-01,491797.06,20637.82,0,Current,2,Active,N
LN-20433,2026-02-01,474388.71,20637.82,0,Current,2,Active,N
LN-20433,2026-03-01,456866.04,20637.82,0,Current,2,Active,N
LN-20433,2026-04-01,439228.31,20637.82,177,90+ Days,3,Active,Y
LN-20433,2026-05-01,421474.76,20637.82,168,90+ Days,3,Active,N
LN-20433,2026-06-01,403604.63,20637.82,0,Current,2,Active,N
LN-20433,2026-07-01,385617.14,20637.82,0,Current,2,Active,N
LN-20434,2024-08-01,53095.25,1300.53,0,Current,2,Active,N
LN-20434,2024-09-01,52070.38,1300.53,0,Current,2,Active,N
LN-20434,2024-10-01,51040.18,1300.53,0,Current,2,Active,N
LN-20434,2024-11-01,50004.63,1300.53,0,Current,2,Active,N
LN-20434,2024-12-01,48963.71,1300.53,0,Current,2,Active,N
LN-20434,2025-01-01,47917.38,1300.53,0,Current,2,Active,N
LN-20434,2025-02-01,46865.62,1300.53,0,Current,2,Active,N
LN-20434,2025-03-01,45808.4,1300.53,0,Current,2,Active,N
LN-20434,2025-04-01,44745.69,1300.53,0,Current,2,Active,N
LN-20434,2025-05-01,43677.46,1300.53,0,Current,2,Active,N
LN-20434,2025-06-01,42603.69,1300.53,0,Current,2,Active,N
LN-20434,2025-07-01,41524.34,1300.53,0,Current,2,Active,N
LN-20434,2025-08-01,40439.39,1300.53,0,Current,2,Active,N
LN-20434,2025-09-01,39348.81,1300.53,0,Current,2,Active,N
LN-20434,2025-10-01,38252.56,1300.53,0,Current,2,Active,N
LN-20434,2025-11-01,37150.63,1300.53,0,Current,2,Active,N
LN-20434,2025-12-01,36042.97,1300.53,0,Current,2,Active,N
LN-20434,2026-01-01,34929.56,1300.53,0,Current,2,Active,N
LN-20434,2026-02-01,33810.37,1300.53,0,Current,2,Active,N
LN-20434,2026-03-01,32685.37,1300.53,0,Current,2,Active,N
LN-20434,2026-04-01,31554.53,1300.53,0,Current,2,Active,N
LN-20434,2026-05-01,30417.82,1300.53,0,Current,2,Active,N
LN-20434,2026-06-01,29275.21,1300.53,0,Current,2,Active,N
LN-20434,2026-07-01,28126.67,1300.53,0,Current,2,Active,N
LN-20435,2024-08-01,260802.33,4437.63,0,Current,2,Active,N
LN-20435,2024-09-01,257955.6,4437.63,0,Current,2,Active,N
LN-20435,2024-10-01,255091.49,4437.63,0,Current,2,Active,N
LN-20435,2024-11-01,252209.92,4437.63,0,Current,2,Active,N
LN-20435,2024-12-01,249310.77,4437.63,0,Current,2,Active,N
LN-20435,2025-01-01,246393.93,4437.63,0,Current,2,Active,N
LN-20435,2025-02-01,243459.31,4437.63,0,Current,2,Active,N
LN-20435,2025-03-01,240506.78,4437.63,0,Current,2,Active,N
LN-20435,2025-04-01,237536.24,4437.63,0,Current,2,Active,N
LN-20435,2025-05-01,234547.58,4437.63,0,Current,2,Active,N
LN-20435,2025-06-01,231540.69,4437.63,0,Current,2,Active,N
LN-20435,2025-07-01,228515.45,4437.63,0,Current,2,Active,N
LN-20435,2025-08-01,225471.77,4437.63,0,Current,2,Active,N
LN-20435,2025-09-01,222409.51,4437.63,0,Current,2,Active,N
LN-20435,2025-10-01,219328.58,4437.63,0,Current,2,Active,N
LN-20435,2025-11-01,216228.86,4437.63,0,Current,2,Active,N
LN-20435,2025-12-01,213110.22,4437.63,0,Current,2,Active,N
LN-20435,2026-01-01,209972.56,4437.63,0,Current,2,Active,N
LN-20435,2026-02-01,206815.76,4437.63,0,Current,2,Active,N
LN-20435,2026-03-01,203639.71,4437.63,50,30-59 Days,2,Active,Y
LN-20435,2026-04-01,200444.28,4437.63,46,30-59 Days,2,Active,N
LN-20435,2026-05-01,197229.36,4437.63,46,30-59 Days,2,Active,N
LN-20435,2026-06-01,193994.83,4437.63,0,Current,2,Active,N
LN-20435,2026-07-01,190740.56,4437.63,0,Current,2,Active,N
LN-20436,2025-02-01,809700.0,16082.74,0,Current,3,Active,N
LN-20436,2025-03-01,798428.23,16082.74,0,Current,3,Active,N
LN-20436,2025-04-01,787089.48,16082.74,0,Current,3,Active,N
LN-20436,2025-05-01,775683.37,16082.74,10,1-29 Days,3,Active,Y
LN-20436,2025-06-01,764209.48,16082.74,22,1-29 Days,3,Active,N
LN-20436,2025-07-01,752667.42,16082.74,18,1-29 Days,3,Active,N
LN-20436,2025-08-01,741056.78,16082.74,0,Current,3,Active,N
LN-20436,2025-09-01,729377.15,16082.74,0,Current,3,Active,N
LN-20436,2025-10-01,717628.13,16082.74,0,Current,3,Active,N
LN-20436,2025-11-01,705809.3,16082.74,0,Current,3,Active,N
LN-20436,2025-12-01,693920.24,16082.74,0,Current,3,Active,N
LN-20436,2026-01-01,681960.54,16082.74,0,Current,3,Active,N
LN-20436,2026-02-01,669929.79,16082.74,0,Current,3,Active,N
LN-20436,2026-03-01,657827.55,16082.74,0,Current,3,Active,N
LN-20436,2026-04-01,645653.4,16082.74,0,Current,3,Active,N
LN-20436,2026-05-01,633406.92,16082.74,0,Current,3,Active,N
LN-20436,2026-06-01,621087.67,16082.74,0,Current,3,Active,N
LN-20436,2026-07-01,608695.23,16082.74,0,Current,3,Active,N
LN-20437,2024-08-01,2260840.84,17544.47,0,Current,1,Active,N
LN-20437,2024-09-01,2255957.08,17544.47,0,Current,1,Active,N
LN-20437,2024-10-01,2251045.96,17544.47,0,Current,1,Active,N
LN-20437,2024-11-01,2246107.35,17544.47,0,Current,1,Active,N
LN-20437,2024-12-01,2241141.07,17544.47,0,Current,1,Active,N
LN-20437,2025-01-01,2236146.99,17544.47,0,Current,1,Active,N
LN-20437,2025-02-01,2231124.94,17544.47,0,Current,1,Active,N
LN-20437,2025-03-01,2226074.77,17544.47,0,Current,1,Active,N
LN-20437,2025-04-01,2220996.31,17544.47,0,Current,1,Active,N
LN-20437,2025-05-01,2215889.42,17544.47,0,Current,1,Active,N
LN-20437,2025-06-01,2210753.93,17544.47,0,Current,1,Active,N
LN-20437,2025-07-01,2205589.67,17544.47,0,Current,1,Active,N
LN-20437,2025-08-01,2200396.5,17544.47,0,Current,1,Active,N
LN-20437,2025-09-01,2195174.25,17544.47,0,Current,1,Active,N
LN-20437,2025-10-01,2189922.75,17544.47,0,Current,1,Active,N
LN-20437,2025-11-01,2184641.85,17544.47,0,Current,1,Active,N
LN-20437,2025-12-01,2179331.37,17544.47,0,Current,1,Active,N
LN-20437,2026-01-01,2173991.15,17544.47,0,Current,1,Active,N
LN-20437,2026-02-01,2168621.03,17544.47,0,Current,1,Active,N
LN-20437,2026-03-01,2163220.83,17544.47,0,Current,1,Active,N
LN-20437,2026-04-01,2157790.4,17544.47,0,Current,1,Active,N
LN-20437,2026-05-01,2152329.55,17544.47,0,Current,1,Active,N
LN-20437,2026-06-01,2146838.12,17544.47,0,Current,1,Active,N
LN-20437,2026-07-01,2141315.94,17544.47,0,Current,1,Active,N
LN-20438,2025-08-01,66942.11,422.29,0,Current,4,Active,N
LN-20438,2025-09-01,117390.85,740.54,0,Current,4,Active,N
LN-20438,2025-10-01,76687.89,483.77,0,Current,4,Active,N
LN-20438,2025-11-01,74485.58,469.88,0,Current,4,Active,N
LN-20438,2025-12-01,47463.37,299.41,0,Current,4,Active,N
LN-20438,2026-01-01,86641.05,546.56,0,Current,4,Active,N
LN-20438,2026-02-01,107765.3,679.82,0,Current,4,Active,N
LN-20438,2026-03-01,149575.11,943.57,0,Current,4,Active,N
LN-20438,2026-04-01,179242.0,1130.72,0,Current,4,Active,N
LN-20438,2026-05-01,142356.91,898.03,0,Current,4,Active,N
LN-20438,2026-06-01,111514.51,703.47,0,Current,4,Active,N
LN-20438,2026-07-01,90480.56,570.78,0,Current,4,Active,N
LN-20439,2024-08-01,472409.27,11028.27,0,Current,4,Active,N
LN-20439,2024-09-01,464329.62,11028.27,0,Current,4,Active,N
LN-20439,2024-10-01,456199.53,11028.27,0,Current,4,Active,N
LN-20439,2024-11-01,448018.7,11028.27,0,Current,4,Active,N
LN-20439,2024-12-01,439786.81,11028.27,0,Current,4,Active,N
LN-20439,2025-01-01,431503.54,11028.27,0,Current,4,Active,N
LN-20439,2025-02-01,423168.57,11028.27,0,Current,4,Active,N
LN-20439,2025-03-01,414781.57,11028.27,0,Current,4,Active,N
LN-20439,2025-04-01,406342.22,11028.27,46,30-59 Days,4,Active,Y
LN-20439,2025-05-01,397850.2,11028.27,0,Current,4,Active,N
LN-20439,2025-06-01,389305.17,11028.27,8,1-29 Days,4,Active,Y
LN-20439,2025-07-01,380706.81,11028.27,0,Current,4,Active,N
LN-20439,2025-08-01,372054.78,11028.27,0,Current,4,Active,N
LN-20439,2025-09-01,363348.75,11028.27,0,Current,4,Active,N
LN-20439,2025-10-01,354588.38,11028.27,0,Current,4,Active,N
LN-20439,2025-11-01,345773.32,11028.27,0,Current,4,Active,N
LN-20439,2025-12-01,336903.25,11028.27,0,Current,4,Active,N
LN-20439,2026-01-01,327977.81,11028.27,0,Current,4,Active,N
LN-20439,2026-02-01,318996.67,11028.27,8,1-29 Days,4,Active,Y
LN-20439,2026-03-01,309959.46,11028.27,2,1-29 Days,4,Active,N
LN-20439,2026-04-01,300865.85,11028.27,27,1-29 Days,4,Active,N
LN-20439,2026-05-01,291715.48,11028.27,1,1-29 Days,4,Active,N
LN-20439,2026-06-01,282508.0,11028.27,29,1-29 Days,4,Active,N
LN-20439,2026-07-01,273243.04,11028.27,23,1-29 Days,4,Active,N
LN-20440,2025-02-01,218700.0,4380.22,0,Current,3,Active,N
LN-20440,2025-03-01,215683.01,4380.22,0,Current,3,Active,N
LN-20440,2025-04-01,212647.21,4380.22,0,Current,3,Active,N
LN-20440,2025-05-01,209592.49,4380.22,0,Current,3,Active,N
LN-20440,2025-06-01,206518.73,4380.22,0,Current,3,Active,N
LN-20440,2025-07-01,203425.81,4380.22,0,Current,3,Active,N
LN-20440,2025-08-01,200313.61,4380.22,0,Current,3,Active,N
LN-20440,2025-09-01,197182.01,4380.22,0,Current,3,Active,N
LN-20440,2025-10-01,194030.89,4380.22,0,Current,3,Active,N
LN-20440,2025-11-01,190860.13,4380.22,0,Current,3,Active,N
LN-20440,2025-12-01,187669.6,4380.22,0,Current,3,Active,N
LN-20440,2026-01-01,184459.19,4380.22,0,Current,3,Active,N
LN-20440,2026-02-01,181228.76,4380.22,0,Current,3,Active,N
LN-20440,2026-03-01,177978.2,4380.22,0,Current,3,Active,N
LN-20440,2026-04-01,174707.38,4380.22,0,Current,3,Active,N
LN-20440,2026-05-01,171416.16,4380.22,0,Current,3,Active,N
LN-20440,2026-06-01,168104.44,4380.22,0,Current,3,Active,N
LN-20440,2026-07-01,164772.07,4380.22,0,Current,3,Active,N
LN-20441,2026-01-01,237100.0,3633.2,0,Current,3,Active,N
LN-20441,2026-02-01,234942.75,3633.2,0,Current,3,Active,N
LN-20441,2026-03-01,232772.07,3633.2,48,30-59 Days,3,Active,Y
LN-20441,2026-04-01,230587.89,3633.2,48,30-59 Days,3,Active,N
LN-20441,2026-05-01,228390.1,3633.2,8,1-29 Days,3,Active,N
LN-20441,2026-06-01,226178.63,3633.2,18,1-29 Days,3,Active,N
LN-20441,2026-07-01,223953.4,3633.2,2,1-29 Days,3,Active,N
LN-20442,2026-01-01,297224.4,2016.17,0,Current,4,Active,N
LN-20442,2026-02-01,337205.45,2287.38,0,Current,4,Active,N
LN-20442,2026-03-01,333433.47,2261.79,0,Current,4,Active,N
LN-20442,2026-04-01,407963.3,2767.35,0,Current,4,Active,N
LN-20442,2026-05-01,375863.18,2549.61,0,Current,4,Active,N
LN-20442,2026-06-01,396326.8,2688.42,0,Current,4,Active,N
LN-20442,2026-07-01,258862.37,1755.95,0,Current,4,Active,N
LN-20443,2024-08-01,28386.16,7192.75,0,Current,1,Active,N
LN-20443,2024-09-01,21346.93,7192.75,0,Current,1,Active,N
LN-20443,2024-10-01,14269.63,7192.75,0,Current,1,Active,N
LN-20443,2024-11-01,7154.06,7192.75,0,Current,1,Active,N
LN-20444,2026-02-01,601200.0,9355.46,0,Current,2,Active,N
LN-20444,2026-03-01,595827.49,9355.46,0,Current,2,Active,N
LN-20444,2026-04-01,590419.38,9355.46,0,Current,2,Active,N
LN-20444,2026-05-01,584975.45,9355.46,0,Current,2,Active,N
LN-20444,2026-06-01,579495.45,9355.46,0,Current,2,Active,N
LN-20444,2026-07-01,573979.14,9355.46,0,Current,2,Active,N
LN-20445,2025-07-01,465400.0,9398.81,0,Current,2,Active,N
LN-20445,2025-08-01,459037.92,9398.81,0,Current,2,Active,N
LN-20445,2025-09-01,452634.33,9398.81,0,Current,2,Active,N
LN-20445,2025-10-01,446188.95,9398.81,0,Current,2,Active,N
LN-20445,2025-11-01,439701.52,9398.81,0,Current,2,Active,N
LN-20445,2025-12-01,433171.76,9398.81,0,Current,2,Active,N
LN-20445,2026-01-01,426599.39,9398.81,0,Current,2,Active,N
LN-20445,2026-02-01,419984.13,9398.81,0,Current,2,Active,N
LN-20445,2026-03-01,413325.72,9398.81,0,Current,2,Active,N
LN-20445,2026-04-01,406623.85,9398.81,0,Current,2,Active,N
LN-20445,2026-05-01,399878.26,9398.81,0,Current,2,Active,N
LN-20445,2026-06-01,393088.65,9398.81,0,Current,2,Active,N
LN-20445,2026-07-01,386254.74,9398.81,0,Current,2,Active,N
LN-20446,2024-08-01,206737.4,1997.47,0,Current,2,Active,N
LN-20446,2024-09-01,205801.19,1997.47,0,Current,2,Active,N
LN-20446,2024-10-01,204860.17,1997.47,0,Current,2,Active,N
LN-20446,2024-11-01,203914.32,1997.47,0,Current,2,Active,N
LN-20446,2024-12-01,202963.61,1997.47,0,Current,2,Active,N
LN-20446,2025-01-01,202008.02,1997.47,0,Current,2,Active,N
LN-20446,2025-02-01,201047.53,1997.47,0,Current,2,Active,N
LN-20446,2025-03-01,200082.11,1997.47,0,Current,2,Active,N
LN-20446,2025-04-01,199111.73,1997.47,0,Current,2,Active,N
LN-20446,2025-05-01,198136.37,1997.47,0,Current,2,Active,N
LN-20446,2025-06-01,197156.0,1997.47,0,Current,2,Active,N
LN-20446,2025-07-01,196170.6,1997.47,0,Current,2,Active,N
LN-20446,2025-08-01,195180.14,1997.47,0,Current,2,Active,N
LN-20446,2025-09-01,194184.6,1997.47,0,Current,2,Active,N
LN-20446,2025-10-01,193183.95,1997.47,0,Current,2,Active,N
LN-20446,2025-11-01,192178.16,1997.47,0,Current,2,Active,N
LN-20446,2025-12-01,191167.21,1997.47,0,Current,2,Active,N
LN-20446,2026-01-01,190151.06,1997.47,0,Current,2,Active,N
LN-20446,2026-02-01,189129.71,1997.47,0,Current,2,Active,N
LN-20446,2026-03-01,188103.1,1997.47,0,Current,2,Active,N
LN-20446,2026-04-01,187071.23,1997.47,0,Current,2,Active,N
LN-20446,2026-05-01,186034.07,1997.47,0,Current,2,Active,N
LN-20446,2026-06-01,184991.57,1997.47,0,Current,2,Active,N
LN-20446,2026-07-01,183943.73,1997.47,0,Current,2,Active,N
LN-20447,2025-01-01,1115600.0,8232.45,0,Current,3,Active,N
LN-20447,2025-02-01,1113289.52,8232.45,0,Current,3,Active,N
LN-20447,2025-03-01,1110966.78,8232.45,0,Current,3,Active,N
LN-20447,2025-04-01,1108631.71,8232.45,0,Current,3,Active,N
LN-20447,2025-05-01,1106284.25,8232.45,0,Current,3,Active,N
LN-20447,2025-06-01,1103924.32,8232.45,0,Current,3,Active,N
LN-20447,2025-07-01,1101551.87,8232.45,0,Current,3,Active,N
LN-20447,2025-08-01,1099166.82,8232.45,0,Current,3,Active,N
LN-20447,2025-09-01,1096769.11,8232.45,0,Current,3,Active,N
LN-20447,2025-10-01,1094358.67,8232.45,0,Current,3,Active,N
LN-20447,2025-11-01,1091935.44,8232.45,0,Current,3,Active,N
LN-20447,2025-12-01,1089499.35,8232.45,0,Current,3,Active,N
LN-20447,2026-01-01,1087050.32,8232.45,0,Current,3,Active,N
LN-20447,2026-02-01,1084588.29,8232.45,0,Current,3,Active,N
LN-20447,2026-03-01,1082113.2,8232.45,0,Current,3,Active,N
LN-20447,2026-04-01,1079624.96,8232.45,0,Current,3,Active,N
LN-20447,2026-05-01,1077123.52,8232.45,0,Current,3,Active,N
LN-20447,2026-06-01,1074608.8,8232.45,11,1-29 Days,3,Active,Y
LN-20447,2026-07-01,1072080.73,8232.45,28,1-29 Days,3,Active,N
LN-20448,2026-02-01,330600.0,2207.51,0,Current,4,Active,N
LN-20448,2026-03-01,330150.18,2207.51,0,Current,4,Active,N
LN-20448,2026-04-01,329697.97,2207.51,0,Current,4,Active,N
LN-20448,2026-05-01,329243.36,2207.51,0,Current,4,Active,N
LN-20448,2026-06-01,328786.32,2207.51,27,1-29 Days,4,Active,Y
LN-20448,2026-07-01,328326.86,2207.51,0,Current,4,Active,N
LN-20449,2024-08-01,547448.2,17287.85,0,Current,1,Active,N
LN-20449,2024-09-01,533262.56,17287.85,0,Current,1,Active,N
LN-20449,2024-10-01,518996.53,17287.85,0,Current,1,Active,N
LN-20449,2024-11-01,504649.66,17287.85,0,Current,1,Active,N
LN-20449,2024-12-01,490221.49,17287.85,0,Current,1,Active,N
LN-20449,2025-01-01,475711.56,17287.85,0,Current,1,Active,N
LN-20449,2025-02-01,461119.41,17287.85,0,Current,1,Active,N
LN-20449,2025-03-01,446444.57,17287.85,0,Current,1,Active,N
LN-20449,2025-04-01,431686.57,17287.85,0,Current,1,Active,N
LN-20449,2025-05-01,416844.94,17287.85,0,Current,1,Active,N
LN-20449,2025-06-01,401919.22,17287.85,0,Current,1,Active,N
LN-20449,2025-07-01,386908.91,17287.85,0,Current,1,Active,N
LN-20449,2025-08-01,371813.54,17287.85,0,Current,1,Active,N
LN-20449,2025-09-01,356632.63,17287.85,0,Current,1,Active,N
LN-20449,2025-10-01,341365.7,17287.85,0,Current,1,Active,N
LN-20449,2025-11-01,326012.26,17287.85,0,Current,1,Active,N
LN-20449,2025-12-01,310571.81,17287.85,0,Current,1,Active,N
LN-20449,2026-01-01,295043.86,17287.85,0,Current,1,Active,N
LN-20449,2026-02-01,279427.93,17287.85,0,Current,1,Active,N
LN-20449,2026-03-01,263723.5,17287.85,0,Current,1,Active,N
LN-20449,2026-04-01,247930.09,17287.85,0,Current,1,Active,N
LN-20449,2026-05-01,232047.17,17287.85,0,Current,1,Active,N
LN-20449,2026-06-01,216074.26,17287.85,0,Current,1,Active,N
LN-20449,2026-07-01,200010.83,17287.85,0,Current,1,Active,N
LN-20450,2024-08-01,613146.11,8300.81,0,Current,2,Active,N
LN-20450,2024-09-01,608212.5,8300.81,0,Current,2,Active,N
LN-20450,2024-10-01,603251.79,8300.81,0,Current,2,Active,N
LN-20450,2024-11-01,598263.84,8300.81,0,Current,2,Active,N
LN-20450,2024-12-01,593248.49,8300.81,0,Current,2,Active,N
LN-20450,2025-01-01,588205.61,8300.81,0,Current,2,Active,N
LN-20450,2025-02-01,583135.03,8300.81,0,Current,2,Active,N
LN-20450,2025-03-01,578036.6,8300.81,0,Current,2,Active,N
LN-20450,2025-04-01,572910.18,8300.81,0,Current,2,Active,N
LN-20450,2025-05-01,567755.6,8300.81,0,Current,2,Active,N
LN-20450,2025-06-01,562572.72,8300.81,0,Current,2,Active,N
LN-20450,2025-07-01,557361.37,8300.81,0,Current,2,Active,N
LN-20450,2025-08-01,552121.4,8300.81,0,Current,2,Active,N
LN-20450,2025-09-01,546852.66,8300.81,0,Current,2,Active,N
LN-20450,2025-10-01,541554.99,8300.81,0,Current,2,Active,N
LN-20450,2025-11-01,536228.22,8300.81,0,Current,2,Active,N
LN-20450,2025-12-01,530872.19,8300.81,0,Current,2,Active,N
LN-20450,2026-01-01,525486.76,8300.81,0,Current,2,Active,N
LN-20450,2026-02-01,520071.75,8300.81,0,Current,2,Active,N
LN-20450,2026-03-01,514627.0,8300.81,0,Current,2,Active,N
LN-20450,2026-04-01,509152.35,8300.81,0,Current,2,Active,N
LN-20450,2026-05-01,503647.64,8300.81,0,Current,2,Active,N
LN-20450,2026-06-01,498112.69,8300.81,0,Current,2,Active,N
LN-20450,2026-07-01,492547.35,8300.81,0,Current,2,Active,N
LN-20451,2024-08-01,951174.95,7229.31,0,Current,2,Active,N
LN-20451,2024-09-01,948336.91,7229.31,0,Current,2,Active,N
LN-20451,2024-10-01,945485.76,7229.31,0,Current,2,Active,N
LN-20451,2024-11-01,942621.44,7229.31,0,Current,2,Active,N
LN-20451,2024-12-01,939743.91,7229.31,0,Current,2,Active,N
LN-20451,2025-01-01,936853.09,7229.31,0,Current,2,Active,N
LN-20451,2025-02-01,933948.92,7229.31,0,Current,2,Active,N
LN-20451,2025-03-01,931031.35,7229.31,0,Current,2,Active,N
LN-20451,2025-04-01,928100.3,7229.31,0,Current,2,Active,N
LN-20451,2025-05-01,925155.73,7229.31,0,Current,2,Active,N
LN-20451,2025-06-01,922197.56,7229.31,0,Current,2,Active,N
LN-20451,2025-07-01,919225.73,7229.31,0,Current,2,Active,N
LN-20451,2025-08-01,916240.18,7229.31,0,Current,2,Active,N
LN-20451,2025-09-01,913240.85,7229.31,0,Current,2,Active,N
LN-20451,2025-10-01,910227.68,7229.31,0,Current,2,Active,N
LN-20451,2025-11-01,907200.59,7229.31,0,Current,2,Active,N
LN-20451,2025-12-01,904159.53,7229.31,0,Current,2,Active,N
LN-20451,2026-01-01,901104.43,7229.31,0,Current,2,Active,N
LN-20451,2026-02-01,898035.22,7229.31,0,Current,2,Active,N
LN-20451,2026-03-01,894951.84,7229.31,0,Current,2,Active,N
LN-20451,2026-04-01,891854.23,7229.31,0,Current,2,Active,N
LN-20451,2026-05-01,888742.32,7229.31,0,Current,2,Active,N
LN-20451,2026-06-01,885616.04,7229.31,0,Current,2,Active,N
LN-20451,2026-07-01,882475.33,7229.31,0,Current,2,Active,N
LN-20452,2024-12-01,2173000.0,15046.15,0,Current,1,Active,N
LN-20452,2025-01-01,2168058.3,15046.15,0,Current,1,Active,N
LN-20452,2025-02-01,2163093.63,15046.15,0,Current,1,Active,N
LN-20452,2025-03-01,2158105.87,15046.15,0,Current,1,Active,N
LN-20452,2025-04-01,2153094.92,15046.15,0,Current,1,Active,N
LN-20452,2025-05-01,2148060.66,15046.15,0,Current,1,Active,N
LN-20452,2025-06-01,2143003.0,15046.15,0,Current,1,Active,N
LN-20452,2025-07-01,2137921.82,15046.15,0,Current,1,Active,N
LN-20452,2025-08-01,2132817.01,15046.15,0,Current,1,Active,N
LN-20452,2025-09-01,2127688.46,15046.15,0,Current,1,Active,N
LN-20452,2025-10-01,2122536.07,15046.15,0,Current,1,Active,N
LN-20452,2025-11-01,2117359.71,15046.15,0,Current,1,Active,N
LN-20452,2025-12-01,2112159.29,15046.15,0,Current,1,Active,N
LN-20452,2026-01-01,2106934.68,15046.15,0,Current,1,Active,N
LN-20452,2026-02-01,2101685.78,15046.15,0,Current,1,Active,N
LN-20452,2026-03-01,2096412.48,15046.15,0,Current,1,Active,N
LN-20452,2026-04-01,2091114.65,15046.15,0,Current,1,Active,N
LN-20452,2026-05-01,2085792.19,15046.15,0,Current,1,Active,N
LN-20452,2026-06-01,2080444.97,15046.15,0,Current,1,Active,N
LN-20452,2026-07-01,2075072.9,15046.15,0,Current,1,Active,N
LN-20453,2024-08-01,148773.8,1052.57,0,Current,2,Active,N
LN-20453,2024-09-01,203785.51,1441.78,0,Current,2,Active,N
LN-20453,2024-10-01,129343.0,915.1,0,Current,2,Active,N
LN-20453,2024-11-01,67167.17,475.21,0,Current,2,Active,N
LN-20453,2024-12-01,102844.61,727.63,0,Current,2,Active,N
LN-20453,2025-01-01,146084.67,1033.55,0,Current,2,Active,N
LN-20453,2025-02-01,79400.8,561.76,0,Current,2,Active,N
LN-20453,2025-03-01,181037.01,1280.84,0,Current,2,Active,N
LN-20453,2025-04-01,222616.63,1575.01,0,Current,2,Active,N
LN-20453,2025-05-01,155351.76,1099.11,0,Current,2,Active,N
LN-20453,2025-06-01,215508.85,1524.73,0,Current,2,Active,N
LN-20453,2025-07-01,150447.85,1064.42,0,Current,2,Active,N
LN-20453,2025-08-01,106798.22,755.6,0,Current,2,Active,N
LN-20453,2025-09-01,148258.23,1048.93,0,Current,2,Active,N
LN-20453,2025-10-01,79381.07,561.62,0,Current,2,Active,N
LN-20453,2025-11-01,136039.77,962.48,0,Current,2,Active,N
LN-20453,2025-12-01,92063.21,651.35,0,Current,2,Active,N
LN-20453,2026-01-01,101846.96,720.57,0,Current,2,Active,N
LN-20453,2026-02-01,130434.8,922.83,0,Current,2,Active,N
LN-20453,2026-03-01,250013.08,1768.84,0,Current,2,Active,N
LN-20453,2026-04-01,233690.9,1653.36,0,Current,2,Active,N
LN-20453,2026-05-01,178410.24,1262.25,0,Current,2,Active,N
LN-20453,2026-06-01,267203.32,1890.46,0,Current,2,Active,N
LN-20453,2026-07-01,194166.49,1373.73,0,Current,2,Active,N
LN-20454,2025-07-01,1650400.0,13829.12,0,Current,3,Active,N
LN-20454,2025-08-01,1644671.59,13829.12,0,Current,3,Active,N
LN-20454,2025-09-01,1638915.06,13829.12,0,Current,3,Active,N
LN-20454,2025-10-01,1633130.28,13829.12,0,Current,3,Active,N
LN-20454,2025-11-01,1627317.11,13829.12,0,Current,3,Active,N
LN-20454,2025-12-01,1621475.4,13829.12,0,Current,3,Active,N
LN-20454,2026-01-01,1615605.02,13829.12,0,Current,3,Active,N
LN-20454,2026-02-01,1609705.82,13829.12,0,Current,3,Active,N
LN-20454,2026-03-01,1603777.67,13829.12,0,Current,3,Active,N
LN-20454,2026-04-01,1597820.43,13829.12,0,Current,3,Active,N
LN-20454,2026-05-01,1591833.94,13829.12,0,Current,3,Active,N
LN-20454,2026-06-01,1585818.07,13829.12,0,Current,3,Active,N
LN-20454,2026-07-01,1579772.67,13829.12,0,Current,3,Active,N
LN-20456,2024-08-01,270583.82,7755.35,0,Current,4,Active,N
LN-20456,2024-09-01,264679.71,7755.35,0,Current,4,Active,N
LN-20456,2024-10-01,258735.2,7755.35,0,Current,4,Active,N
LN-20456,2024-11-01,252750.03,7755.35,74,60-89 Days,4,Active,Y
LN-20456,2024-12-01,246723.9,7755.35,78,60-89 Days,4,Active,N
LN-20456,2025-01-01,240656.55,7755.35,73,60-89 Days,4,Active,N
LN-20456,2025-02-01,234547.69,7755.35,68,60-89 Days,4,Active,N
LN-20456,2025-03-01,228397.03,7755.35,78,60-89 Days,4,Active,N
LN-20456,2025-04-01,222204.29,7755.35,89,60-89 Days,4,Active,N
LN-20456,2025-05-01,215969.19,7755.35,67,60-89 Days,4,Active,N
LN-20456,2025-06-01,209691.42,7755.35,61,60-89 Days,4,Active,N
LN-20456,2025-07-01,203370.71,7755.35,71,60-89 Days,4,Active,N
LN-20456,2025-08-01,197006.75,7755.35,43,30-59 Days,4,Active,N
LN-20456,2025-09-01,190599.25,7755.35,21,1-29 Days,4,Active,N
LN-20456,2025-10-01,184147.91,7755.35,0,Current,4,Active,N
LN-20456,2025-11-01,177652.43,7755.35,0,Current,4,Active,N
LN-20456,2025-12-01,171112.52,7755.35,0,Current,4,Active,N
LN-20456,2026-01-01,164527.86,7755.35,0,Current,4,Active,N
LN-20456,2026-02-01,157898.15,7755.35,0,Current,4,Active,N
LN-20456,2026-03-01,151223.08,7755.35,0,Current,4,Active,N
LN-20456,2026-04-01,144502.34,7755.35,0,Current,4,Active,N
LN-20456,2026-05-01,137735.62,7755.35,0,Current,4,Active,N
LN-20456,2026-06-01,130922.61,7755.35,0,Current,4,Active,N
LN-20456,2026-07-01,124062.98,7755.35,0,Current,4,Active,N
LN-20457,2026-01-01,265400.0,3274.99,0,Current,3,Active,N
LN-20457,2026-02-01,263980.6,3274.99,0,Current,3,Active,N
LN-20457,2026-03-01,262551.28,3274.99,0,Current,3,Active,N
LN-20457,2026-04-01,261111.96,3274.99,0,Current,3,Active,N
LN-20457,2026-05-01,259662.58,3274.99,0,Current,3,Active,N
LN-20457,2026-06-01,258203.07,3274.99,0,Current,3,Active,N
LN-20457,2026-07-01,256733.35,3274.99,0,Current,3,Active,N
LN-20458,2024-08-01,136043.35,997.65,0,Current,3,Active,N
LN-20458,2024-09-01,210267.68,1541.96,0,Current,3,Active,N
LN-20458,2024-10-01,79130.55,580.29,0,Current,3,Active,N
LN-20458,2024-11-01,145173.53,1064.61,0,Current,3,Active,N
LN-20458,2024-12-01,109797.28,805.18,0,Current,3,Active,N
LN-20458,2025-01-01,125561.04,920.78,0,Current,3,Active,N
LN-20458,2025-02-01,180929.65,1326.82,0,Current,3,Active,N
LN-20458,2025-03-01,225343.23,1652.52,0,Current,3,Active,N
LN-20458,2025-04-01,246355.4,1806.61,55,30-59 Days,3,Active,Y
LN-20458,2025-05-01,250045.36,1833.67,53,30-59 Days,3,Active,N
LN-20458,2025-06-01,260682.39,1911.67,59,30-59 Days,3,Active,N
LN-20458,2025-07-01,204991.4,1503.27,40,30-59 Days,3,Active,N
LN-20458,2025-08-01,202656.09,1486.14,0,Current,3,Active,N
LN-20458,2025-09-01,235036.09,1723.6,0,Current,3,Active,N
LN-20458,2025-10-01,103365.55,758.01,0,Current,3,Active,N
LN-20458,2025-11-01,49125.0,360.25,0,Current,3,Active,N
LN-20458,2025-12-01,82698.6,606.46,0,Current,3,Active,N
LN-20458,2026-01-01,146634.98,1075.32,0,Current,3,Active,N
LN-20458,2026-02-01,189409.04,1389.0,0,Current,3,Active,N
LN-20458,2026-03-01,298463.23,2188.73,0,Current,3,Active,N
LN-20458,2026-04-01,245388.24,1799.51,0,Current,3,Active,N
LN-20458,2026-05-01,265127.58,1944.27,0,Current,3,Active,N
LN-20458,2026-06-01,246710.02,1809.21,0,Current,3,Active,N
LN-20458,2026-07-01,136852.2,1003.58,0,Current,3,Active,N
LN-20459,2025-11-01,119540.16,848.74,0,Current,2,Active,N
LN-20459,2025-12-01,153254.23,1088.11,0,Current,2,Active,N
LN-20459,2026-01-01,133558.67,948.27,0,Current,2,Active,N
LN-20459,2026-02-01,163339.74,1159.71,0,Current,2,Active,N
LN-20459,2026-03-01,193364.45,1372.89,0,Current,2,Active,N
LN-20459,2026-04-01,198699.29,1410.76,0,Current,2,Active,N
LN-20459,2026-05-01,208217.84,1478.35,0,Current,2,Active,N
LN-20459,2026-06-01,158784.17,1127.37,0,Current,2,Active,N
LN-20459,2026-07-01,144604.98,1026.7,0,Current,2,Active,N
LN-20460,2025-08-01,769900.0,11862.21,0,Current,2,Active,N
LN-20460,2025-09-01,762939.49,11862.21,0,Current,2,Active,N
LN-20460,2025-10-01,755934.67,11862.21,0,Current,2,Active,N
LN-20460,2025-11-01,748885.24,11862.21,0,Current,2,Active,N
LN-20460,2025-12-01,741790.94,11862.21,0,Current,2,Active,N
LN-20460,2026-01-01,734651.47,11862.21,0,Current,2,Active,N
LN-20460,2026-02-01,727466.55,11862.21,0,Current,2,Active,N
LN-20460,2026-03-01,720235.88,11862.21,0,Current,2,Active,N
LN-20460,2026-04-01,712959.17,11862.21,0,Current,2,Active,N
LN-20460,2026-05-01,705636.14,11862.21,0,Current,2,Active,N
LN-20460,2026-06-01,698266.49,11862.21,0,Current,2,Active,N
LN-20460,2026-07-01,690849.91,11862.21,0,Current,2,Active,N
LN-20461,2024-08-01,95734.75,559.25,0,Current,1,Active,N
LN-20461,2024-09-01,109395.86,639.05,0,Current,1,Active,N
LN-20461,2024-10-01,93911.22,548.6,0,Current,1,Active,N
LN-20461,2024-11-01,42241.03,246.76,0,Current,1,Active,N
LN-20461,2024-12-01,60795.42,355.15,0,Current,1,Active,N
LN-20461,2025-01-01,89489.72,522.77,0,Current,1,Active,N
LN-20461,2025-02-01,114420.49,668.41,0,Current,1,Active,N
LN-20461,2025-03-01,116531.2,680.74,0,Current,1,Active,N
LN-20461,2025-04-01,155242.89,906.88,0,Current,1,Active,N
LN-20461,2025-05-01,116363.73,679.76,22,1-29 Days,1,Active,Y
LN-20461,2025-06-01,144974.75,846.89,25,1-29 Days,1,Active,N
LN-20461,2025-07-01,72711.92,424.76,20,1-29 Days,1,Active,N
LN-20461,2025-08-01,111811.84,653.17,25,1-29 Days,1,Active,N
LN-20461,2025-09-01,104825.72,612.36,19,1-29 Days,1,Active,N
LN-20461,2025-10-01,64208.54,375.08,11,1-29 Days,1,Active,N
LN-20461,2025-11-01,69502.35,406.01,25,1-29 Days,1,Active,N
LN-20461,2025-12-01,74662.04,436.15,29,1-29 Days,1,Active,N
LN-20461,2026-01-01,106678.51,623.18,21,1-29 Days,1,Active,N
LN-20461,2026-02-01,92642.55,541.19,5,1-29 Days,1,Active,N
LN-20461,2026-03-01,123936.97,724.0,13,1-29 Days,1,Active,N
LN-20461,2026-04-01,136008.57,794.52,0,Current,1,Active,N
LN-20461,2026-05-01,147477.21,861.51,0,Current,1,Active,N
LN-20461,2026-06-01,146566.69,856.19,0,Current,1,Active,N
LN-20461,2026-07-01,92573.94,540.79,0,Current,1,Active,N
LN-20462,2024-08-01,765216.4,12630.97,0,Current,3,Active,N
LN-20462,2024-09-01,757285.14,12630.97,0,Current,3,Active,N
LN-20462,2024-10-01,749305.16,12630.97,0,Current,3,Active,N
LN-20462,2024-11-01,741276.18,12630.97,0,Current,3,Active,N
LN-20462,2024-12-01,733197.88,12630.97,0,Current,3,Active,N
LN-20462,2025-01-01,725069.97,12630.97,0,Current,3,Active,N
LN-20462,2025-02-01,716892.14,12630.97,0,Current,3,Active,N
LN-20462,2025-03-01,708664.08,12630.97,0,Current,3,Active,N
LN-20462,2025-04-01,700385.49,12630.97,0,Current,3,Active,N
LN-20462,2025-05-01,692056.06,12630.97,0,Current,3,Active,N
LN-20462,2025-06-01,683675.47,12630.97,0,Current,3,Active,N
LN-20462,2025-07-01,675243.4,12630.97,0,Current,3,Active,N
LN-20462,2025-08-01,666759.56,12630.97,0,Current,3,Active,N
LN-20462,2025-09-01,658223.6,12630.97,0,Current,3,Active,N
LN-20462,2025-10-01,649635.22,12630.97,0,Current,3,Active,N
LN-20462,2025-11-01,640994.1,12630.97,0,Current,3,Active,N
LN-20462,2025-12-01,632299.9,12630.97,0,Current,3,Active,N
LN-20462,2026-01-01,623552.31,12630.97,0,Current,3,Active,N
LN-20462,2026-02-01,614750.99,12630.97,67,60-89 Days,4,Active,Y
LN-20462,2026-03-01,605895.62,12630.97,88,60-89 Days,4,Active,N
LN-20462,2026-04-01,596985.86,12630.97,70,60-89 Days,4,Active,N
LN-20462,2026-05-01,588021.38,12630.97,62,60-89 Days,4,Active,N
LN-20462,2026-06-01,579001.84,12630.97,0,Current,3,Active,N
LN-20462,2026-07-01,569926.91,12630.97,0,Current,3,Active,N
LN-20463,2025-11-01,474300.0,9322.49,0,Current,2,Active,N
LN-20463,2025-12-01,467621.73,9322.49,0,Current,2,Active,N
LN-20463,2026-01-01,460906.23,9322.49,0,Current,2,Active,N
LN-20463,2026-02-01,454153.29,9322.49,0,Current,2,Active,N
LN-20463,2026-03-01,447362.7,9322.49,0,Current,2,Active,N
LN-20463,2026-04-01,440534.25,9322.49,0,Current,2,Active,N
LN-20463,2026-05-01,433667.74,9322.49,0,Current,2,Active,N
LN-20463,2026-06-01,426762.94,9322.49,0,Current,2,Active,N
LN-20463,2026-07-01,419819.65,9322.49,0,Current,2,Active,N
LN-20464,2024-11-01,1125000.0,22122.74,0,Current,1,Active,N
LN-20464,2024-12-01,1109167.88,22122.74,0,Current,1,Active,N
LN-20464,2025-01-01,1093247.23,22122.74,0,Current,1,Active,N
LN-20464,2025-02-01,1077237.56,22122.74,0,Current,1,Active,N
LN-20464,2025-03-01,1061138.37,22122.74,0,Current,1,Active,N
LN-20464,2025-04-01,1044949.16,22122.74,0,Current,1,Active,N
LN-20464,2025-05-01,1028669.42,22122.74,0,Current,1,Active,N
LN-20464,2025-06-01,1012298.65,22122.74,0,Current,1,Active,N
LN-20464,2025-07-01,995836.34,22122.74,0,Current,1,Active,N
LN-20464,2025-08-01,979281.98,22122.74,0,Current,1,Active,N
LN-20464,2025-09-01,962635.06,22122.74,0,Current,1,Active,N
LN-20464,2025-10-01,945895.05,22122.74,0,Current,1,Active,N
LN-20464,2025-11-01,929061.43,22122.74,0,Current,1,Active,N
LN-20464,2025-12-01,912133.69,22122.74,0,Current,1,Active,N
LN-20464,2026-01-01,895111.29,22122.74,0,Current,1,Active,N
LN-20464,2026-02-01,877993.71,22122.74,0,Current,1,Active,N
LN-20464,2026-03-01,860780.41,22122.74,0,Current,1,Active,N
LN-20464,2026-04-01,843470.87,22122.74,0,Current,1,Active,N
LN-20464,2026-05-01,826064.53,22122.74,0,Current,1,Active,N
LN-20464,2026-06-01,808560.86,22122.74,0,Current,1,Active,N
LN-20464,2026-07-01,790959.32,22122.74,0,Current,1,Active,N
LN-20465,2024-08-01,681638.77,16626.95,11,1-29 Days,2,Active,N
LN-20465,2024-09-01,668993.73,16626.95,16,1-29 Days,2,Active,N
LN-20465,2024-10-01,656274.81,16626.95,4,1-29 Days,2,Active,N
LN-20465,2024-11-01,643481.6,16626.95,0,Current,2,Active,N
LN-20465,2024-12-01,630613.65,16626.95,0,Current,2,Active,N
LN-20465,2025-01-01,617670.53,16626.95,0,Current,2,Active,N
LN-20465,2025-02-01,604651.81,16626.95,44,30-59 Days,2,Active,Y
LN-20465,2025-03-01,591557.03,16626.95,0,Current,2,Active,N
LN-20465,2025-04-01,578385.76,16626.95,0,Current,2,Active,N
LN-20465,2025-05-01,565137.54,16626.95,0,Current,2,Active,N
LN-20465,2025-06-01,551811.93,16626.95,0,Current,2,Active,N
LN-20465,2025-07-01,538408.48,16626.95,0,Current,2,Active,N
LN-20465,2025-08-01,524926.73,16626.95,0,Current,2,Active,N
LN-20465,2025-09-01,511366.23,16626.95,0,Current,2,Active,N
LN-20465,2025-10-01,497726.5,16626.95,0,Current,2,Active,N
LN-20465,2025-11-01,484007.1,16626.95,0,Current,2,Active,N
LN-20465,2025-12-01,470207.56,16626.95,0,Current,2,Active,N
LN-20465,2026-01-01,456327.4,16626.95,0,Current,2,Active,N
LN-20465,2026-02-01,442366.16,16626.95,0,Current,2,Active,N
LN-20465,2026-03-01,428323.37,16626.95,0,Current,2,Active,N
LN-20465,2026-04-01,414198.53,16626.95,0,Current,2,Active,N
LN-20465,2026-05-01,399991.19,16626.95,0,Current,2,Active,N
LN-20465,2026-06-01,385700.85,16626.95,0,Current,2,Active,N
LN-20465,2026-07-01,371327.04,16626.95,0,Current,2,Active,N
LN-20466,2024-08-01,242521.75,1513.74,0,Current,1,Active,N
LN-20466,2024-09-01,267802.33,1671.53,0,Current,1,Active,N
LN-20466,2024-10-01,160245.93,1000.2,0,Current,1,Active,N
LN-20466,2024-11-01,246358.13,1537.69,0,Current,1,Active,N
LN-20466,2024-12-01,175882.64,1097.8,0,Current,1,Active,N
LN-20466,2025-01-01,264748.86,1652.47,0,Current,1,Active,N
LN-20466,2025-02-01,164119.32,1024.38,0,Current,1,Active,N
LN-20466,2025-03-01,350754.65,2189.29,0,Current,1,Active,N
LN-20466,2025-04-01,355921.9,2221.55,0,Current,1,Active,N
LN-20466,2025-05-01,312646.39,1951.43,0,Current,1,Active,N
LN-20466,2025-06-01,313850.18,1958.95,0,Current,1,Active,N
LN-20466,2025-07-01,108751.48,678.79,0,Current,1,Active,N
LN-20466,2025-08-01,232870.92,1453.5,0,Current,1,Active,N
LN-20466,2025-09-01,234093.19,1461.13,0,Current,1,Active,N
LN-20466,2025-10-01,100032.97,624.37,0,Current,1,Active,N
LN-20466,2025-11-01,200780.63,1253.21,0,Current,1,Active,N
LN-20466,2025-12-01,159566.18,995.96,0,Current,1,Active,N
LN-20466,2026-01-01,216822.05,1353.33,0,Current,1,Active,N
LN-20466,2026-02-01,256989.55,1604.04,0,Current,1,Active,N
LN-20466,2026-03-01,290167.16,1811.13,0,Current,1,Active,N
LN-20466,2026-04-01,359620.93,2244.63,0,Current,1,Active,N
LN-20466,2026-05-01,374517.78,2337.62,0,Current,1,Active,N
LN-20466,2026-06-01,289983.04,1809.98,0,Current,1,Active,N
LN-20466,2026-07-01,240768.75,1502.8,0,Current,1,Active,N
LN-20467,2024-08-01,103291.38,1445.54,0,Current,3,Active,N
LN-20467,2024-09-01,102561.99,1445.54,0,Current,3,Active,N
LN-20467,2024-10-01,101827.54,1445.54,80,60-89 Days,4,Active,Y
LN-20467,2024-11-01,101088.0,1445.54,89,60-89 Days,4,Active,N
LN-20467,2024-12-01,100343.33,1445.54,77,60-89 Days,4,Active,N
LN-20467,2025-01-01,99593.5,1445.54,0,Current,3,Active,N
LN-20467,2025-02-01,98838.47,1445.54,0,Current,3,Active,N
LN-20467,2025-03-01,98078.21,1445.54,0,Current,3,Active,N
LN-20467,2025-04-01,97312.67,1445.54,0,Current,3,Active,N
LN-20467,2025-05-01,96541.83,1445.54,0,Current,3,Active,N
LN-20467,2025-06-01,95765.64,1445.54,0,Current,3,Active,N
LN-20467,2025-07-01,94984.07,1445.54,0,Current,3,Active,N
LN-20467,2025-08-01,94197.08,1445.54,0,Current,3,Active,N
LN-20467,2025-09-01,93404.64,1445.54,0,Current,3,Active,N
LN-20467,2025-10-01,92606.7,1445.54,0,Current,3,Active,N
LN-20467,2025-11-01,91803.23,1445.54,0,Current,3,Active,N
LN-20467,2025-12-01,90994.19,1445.54,0,Current,3,Active,N
LN-20467,2026-01-01,90179.53,1445.54,0,Current,3,Active,N
LN-20467,2026-02-01,89359.23,1445.54,0,Current,3,Active,N
LN-20467,2026-03-01,88533.25,1445.54,0,Current,3,Active,N
LN-20467,2026-04-01,87701.53,1445.54,0,Current,3,Active,N
LN-20467,2026-05-01,86864.05,1445.54,0,Current,3,Active,N
LN-20467,2026-06-01,86020.77,1445.54,0,Current,3,Active,N
LN-20467,2026-07-01,85171.63,1445.54,0,Current,3,Active,N
LN-20468,2024-08-01,181208.03,1260.91,0,Current,3,Active,N
LN-20468,2024-09-01,211222.13,1469.75,0,Current,3,Active,N
LN-20468,2024-10-01,196238.04,1365.49,0,Current,3,Active,N
LN-20468,2024-11-01,222399.61,1547.53,0,Current,3,Active,N
LN-20468,2024-12-01,157478.82,1095.79,0,Current,3,Active,N
LN-20468,2025-01-01,192386.03,1338.69,0,Current,3,Active,N
LN-20468,2025-02-01,243574.05,1694.87,0,Current,3,Active,N
LN-20468,2025-03-01,234883.47,1634.4,0,Current,3,Active,N
LN-20468,2025-04-01,283813.03,1974.87,0,Current,3,Active,N
LN-20468,2025-05-01,235272.01,1637.1,0,Current,3,Active,N
LN-20468,2025-06-01,259898.75,1808.46,0,Current,3,Active,N
LN-20468,2025-07-01,185665.33,1291.92,0,Current,3,Active,N
LN-20468,2025-08-01,178428.1,1241.56,0,Current,3,Active,N
LN-20468,2025-09-01,164268.36,1143.03,0,Current,3,Active,N
LN-20468,2025-10-01,110828.02,771.18,0,Current,3,Active,N
LN-20468,2025-11-01,111335.78,774.71,0,Current,3,Active,N
LN-20468,2025-12-01,96325.59,670.27,0,Current,3,Active,N
LN-20468,2026-01-01,209382.06,1456.95,0,Current,3,Active,N
LN-20468,2026-02-01,185277.34,1289.22,0,Current,3,Active,N
LN-20468,2026-03-01,315676.12,2196.58,0,Current,3,Active,N
LN-20468,2026-04-01,184301.06,1282.43,0,Current,3,Active,N
LN-20468,2026-05-01,244509.49,1701.38,0,Current,3,Active,N
LN-20468,2026-06-01,249499.04,1736.1,0,Current,3,Active,N
LN-20468,2026-07-01,254528.02,1771.09,0,Current,3,Active,N
LN-20469,2026-04-01,154043.5,929.4,0,Current,1,Active,N
LN-20469,2026-05-01,97208.34,586.49,0,Current,1,Active,N
LN-20469,2026-06-01,142794.83,861.53,0,Current,1,Active,N
LN-20469,2026-07-01,80638.55,486.52,0,Current,1,Active,N
LN-20470,2025-11-01,339500.0,4967.75,0,Current,1,Active,N
LN-20470,2025-12-01,336243.9,4967.75,0,Current,1,Active,N
LN-20470,2026-01-01,332971.38,4967.75,0,Current,1,Active,N
LN-20470,2026-02-01,329682.37,4967.75,0,Current,1,Active,N
LN-20470,2026-03-01,326376.77,4967.75,0,Current,1,Active,N
LN-20470,2026-04-01,323054.51,4967.75,0,Current,1,Active,N
LN-20470,2026-05-01,319715.49,4967.75,0,Current,1,Active,N
LN-20470,2026-06-01,316359.65,4967.75,0,Current,1,Active,N
LN-20470,2026-07-01,312986.88,4967.75,0,Current,1,Active,N
LN-20471,2024-12-01,34248.04,203.78,0,Current,1,Active,N
LN-20471,2025-01-01,38927.88,231.62,0,Current,1,Active,N
LN-20471,2025-02-01,35105.82,208.88,0,Current,1,Active,N
LN-20471,2025-03-01,70559.51,419.83,0,Current,1,Active,N
LN-20471,2025-04-01,79716.93,474.32,0,Current,1,Active,N
LN-20471,2025-05-01,63351.49,376.94,0,Current,1,Active,N
LN-20471,2025-06-01,82959.54,493.61,0,Current,1,Active,N
LN-20471,2025-07-01,52252.11,310.9,0,Current,1,Active,N
LN-20471,2025-08-01,47337.74,281.66,0,Current,1,Active,N
LN-20471,2025-09-01,44716.35,266.06,0,Current,1,Active,N
LN-20471,2025-10-01,46084.65,274.2,15,1-29 Days,1,Active,Y
LN-20471,2025-11-01,49928.87,297.08,0,Current,1,Active,N
LN-20471,2025-12-01,58594.15,348.64,0,Current,1,Active,N
LN-20471,2026-01-01,39924.32,237.55,0,Current,1,Active,N
LN-20471,2026-02-01,44221.08,263.12,0,Current,1,Active,N
LN-20471,2026-03-01,52814.49,314.25,0,Current,1,Active,N
LN-20471,2026-04-01,64546.34,384.05,0,Current,1,Active,N
LN-20471,2026-05-01,68704.37,408.79,0,Current,1,Active,N
LN-20471,2026-06-01,60669.68,360.98,0,Current,1,Active,N
LN-20471,2026-07-01,67377.61,400.9,0,Current,1,Active,N
LN-20472,2024-08-01,962823.18,23025.78,0,Current,2,Active,N
LN-20472,2024-09-01,946087.85,23025.78,0,Current,2,Active,N
LN-20472,2024-10-01,929243.17,23025.78,0,Current,2,Active,N
LN-20472,2024-11-01,912288.45,23025.78,0,Current,2,Active,N
LN-20472,2024-12-01,895222.96,23025.78,0,Current,2,Active,N
LN-20472,2025-01-01,878045.97,23025.78,0,Current,2,Active,N
LN-20472,2025-02-01,860756.75,23025.78,0,Current,2,Active,N
LN-20472,2025-03-01,843354.58,23025.78,0,Current,2,Active,N
LN-20472,2025-04-01,825838.72,23025.78,0,Current,2,Active,N
LN-20472,2025-05-01,808208.42,23025.78,0,Current,2,Active,N
LN-20472,2025-06-01,790462.94,23025.78,0,Current,2,Active,N
LN-20472,2025-07-01,772601.51,23025.78,0,Current,2,Active,N
LN-20472,2025-08-01,754623.4,23025.78,0,Current,2,Active,N
LN-20472,2025-09-01,736527.82,23025.78,0,Current,2,Active,N
LN-20472,2025-10-01,718314.03,23025.78,0,Current,2,Active,N
LN-20472,2025-11-01,699981.23,23025.78,0,Current,2,Active,N
LN-20472,2025-12-01,681528.66,23025.78,0,Current,2,Active,N
LN-20472,2026-01-01,662955.54,23025.78,0,Current,2,Active,N
LN-20472,2026-02-01,644261.07,23025.78,0,Current,2,Active,N
LN-20472,2026-03-01,625444.46,23025.78,0,Current,2,Active,N
LN-20472,2026-04-01,606504.92,23025.78,0,Current,2,Active,N
LN-20472,2026-05-01,587441.63,23025.78,0,Current,2,Active,N
LN-20472,2026-06-01,568253.81,23025.78,0,Current,2,Active,N
LN-20472,2026-07-01,548940.62,23025.78,0,Current,2,Active,N
LN-20473,2024-08-01,215175.74,1599.47,0,Current,2,Active,N
LN-20473,2024-09-01,167919.52,1248.2,0,Current,2,Active,N
LN-20473,2024-10-01,194303.86,1444.33,0,Current,2,Active,N
LN-20473,2024-11-01,127178.29,945.36,0,Current,2,Active,N
LN-20473,2024-12-01,140013.82,1040.77,0,Current,2,Active,N
LN-20473,2025-01-01,211059.61,1568.88,0,Current,2,Active,N
LN-20473,2025-02-01,200009.65,1486.74,0,Current,2,Active,N
LN-20473,2025-03-01,246047.53,1828.95,42,30-59 Days,2,Active,Y
LN-20473,2025-04-01,231194.56,1718.55,50,30-59 Days,2,Active,N
LN-20473,2025-05-01,244817.05,1819.81,36,30-59 Days,2,Active,N
LN-20473,2025-06-01,298479.68,2218.7,0,Current,2,Active,N
LN-20473,2025-07-01,196771.87,1462.67,0,Current,2,Active,N
LN-20473,2025-08-01,148375.59,1102.93,0,Current,2,Active,N
LN-20473,2025-09-01,158145.24,1175.55,0,Current,2,Active,N
LN-20473,2025-10-01,94318.35,701.1,0,Current,2,Active,N
LN-20473,2025-11-01,145268.63,1079.83,0,Current,2,Active,N
LN-20473,2025-12-01,126758.99,942.24,0,Current,2,Active,N
LN-20473,2026-01-01,190883.35,1418.9,0,Current,2,Active,N
LN-20473,2026-02-01,263698.13,1960.16,0,Current,2,Active,N
LN-20473,2026-03-01,215711.1,1603.45,0,Current,2,Active,N
LN-20473,2026-04-01,299308.39,2224.86,0,Current,2,Active,N
LN-20473,2026-05-01,211301.45,1570.67,0,Current,2,Active,N
LN-20473,2026-06-01,265004.65,1969.87,0,Current,2,Active,N
LN-20473,2026-07-01,204632.0,1521.1,0,Current,2,Active,N
LN-20474,2025-05-01,1336900.0,15364.53,0,Current,1,Active,N
LN-20474,2025-06-01,1329077.81,15364.53,0,Current,1,Active,N
LN-20474,2025-07-01,1321211.49,15364.53,0,Current,1,Active,N
LN-20474,2025-08-01,1313300.8,15364.53,0,Current,1,Active,N
LN-20474,2025-09-01,1305345.47,15364.53,0,Current,1,Active,N
LN-20474,2025-10-01,1297345.26,15364.53,0,Current,1,Active,N
LN-20474,2025-11-01,1289299.92,15364.53,0,Current,1,Active,N
LN-20474,2025-12-01,1281209.19,15364.53,0,Current,1,Active,N
LN-20474,2026-01-01,1273072.81,15364.53,0,Current,1,Active,N
LN-20474,2026-02-01,1264890.53,15364.53,0,Current,1,Active,N
LN-20474,2026-03-01,1256662.09,15364.53,0,Current,1,Active,N
LN-20474,2026-04-01,1248387.23,15364.53,0,Current,1,Active,N
LN-20474,2026-05-01,1240065.68,15364.53,0,Current,1,Active,N
LN-20474,2026-06-01,1231697.19,15364.53,0,Current,1,Active,N
LN-20474,2026-07-01,1223281.48,15364.53,0,Current,1,Active,N
LN-20475,2025-09-01,255750.55,1649.59,0,Current,2,Active,N
LN-20475,2025-10-01,182188.05,1175.11,0,Current,2,Active,N
LN-20475,2025-11-01,137522.89,887.02,0,Current,2,Active,N
LN-20475,2025-12-01,109529.46,706.47,0,Current,2,Active,N
LN-20475,2026-01-01,302012.7,1947.98,0,Current,2,Active,N
LN-20475,2026-02-01,185628.61,1197.3,0,Current,2,Active,N
LN-20475,2026-03-01,330673.87,2132.85,0,Current,2,Active,N
LN-20475,2026-04-01,421498.0,2718.66,0,Current,2,Active,N
LN-20475,2026-05-01,273536.42,1764.31,17,1-29 Days,2,Active,Y
LN-20475,2026-06-01,356022.33,2296.34,0,Current,2,Active,N
LN-20475,2026-07-01,207547.63,1338.68,0,Current,2,Active,N
LN-20476,2026-02-01,814000.0,12433.19,0,Current,2,Active,N
LN-20476,2026-03-01,806566.12,12433.19,0,Current,2,Active,N
LN-20476,2026-04-01,799086.59,12433.19,0,Current,2,Active,N
LN-20476,2026-05-01,791561.12,12433.19,0,Current,2,Active,N
LN-20476,2026-06-01,783989.43,12433.19,0,Current,2,Active,N
LN-20476,2026-07-01,776371.23,12433.19,0,Current,2,Active,N
LN-20477,2024-12-01,1024700.0,20914.81,0,Current,1,Active,N
LN-20477,2025-01-01,1010855.62,20914.81,0,Current,1,Active,N
LN-20477,2025-02-01,996915.72,20914.81,0,Current,1,Active,N
LN-20477,2025-03-01,982879.63,20914.81,0,Current,1,Active,N
LN-20477,2025-04-01,968746.7,20914.81,0,Current,1,Active,N
LN-20477,2025-05-01,954516.24,20914.81,0,Current,1,Active,N
LN-20477,2025-06-01,940187.6,20914.81,0,Current,1,Active,N
LN-20477,2025-07-01,925760.09,20914.81,0,Current,1,Active,N
LN-20477,2025-08-01,911233.02,20914.81,0,Current,1,Active,N
LN-20477,2025-09-01,896605.73,20914.81,0,Current,1,Active,N
LN-20477,2025-10-01,881877.5,20914.81,0,Current,1,Active,N
LN-20477,2025-11-01,867047.65,20914.81,0,Current,1,Active,N
LN-20477,2025-12-01,852115.47,20914.81,0,Current,1,Active,N
LN-20477,2026-01-01,837080.26,20914.81,0,Current,1,Active,N
LN-20477,2026-02-01,821941.31,20914.81,0,Current,1,Active,N
LN-20477,2026-03-01,806697.9,20914.81,0,Current,1,Active,N
LN-20477,2026-04-01,791349.31,20914.81,0,Current,1,Active,N
LN-20477,2026-05-01,775894.81,20914.81,0,Current,1,Active,N
LN-20477,2026-06-01,760333.68,20914.81,0,Current,1,Active,N
LN-20477,2026-07-01,744665.17,20914.81,0,Current,1,Active,N
LN-20478,2024-08-01,83882.97,538.95,0,Current,1,Active,N
LN-20478,2024-09-01,68105.28,437.58,0,Current,1,Active,N
LN-20478,2024-10-01,52391.62,336.62,0,Current,1,Active,N
LN-20478,2024-11-01,51329.9,329.79,0,Current,1,Active,N
LN-20478,2024-12-01,51485.54,330.79,0,Current,1,Active,N
LN-20478,2025-01-01,99386.47,638.56,0,Current,1,Active,N
LN-20478,2025-02-01,57344.49,368.44,0,Current,1,Active,N
LN-20478,2025-03-01,131229.92,843.15,0,Current,1,Active,N
LN-20478,2025-04-01,101846.15,654.36,0,Current,1,Active,N
LN-20478,2025-05-01,123648.56,794.44,0,Current,1,Active,N
LN-20478,2025-06-01,121847.0,782.87,0,Current,1,Active,N
LN-20478,2025-07-01,103072.04,662.24,0,Current,1,Active,N
LN-20478,2025-08-01,70588.02,453.53,0,Current,1,Active,N
LN-20478,2025-09-01,82842.91,532.27,0,Current,1,Active,N
LN-20478,2025-10-01,67342.91,432.68,0,Current,1,Active,N
LN-20478,2025-11-01,79038.08,507.82,0,Current,1,Active,N
LN-20478,2025-12-01,62762.32,403.25,0,Current,1,Active,N
LN-20478,2026-01-01,56869.81,365.39,0,Current,1,Active,N
LN-20478,2026-02-01,66364.96,426.39,0,Current,1,Active,N
LN-20478,2026-03-01,101622.74,652.93,0,Current,1,Active,N
LN-20478,2026-04-01,88215.82,566.79,0,Current,1,Active,N
LN-20478,2026-05-01,102923.08,661.28,0,Current,1,Active,N
LN-20478,2026-06-01,100782.29,647.53,0,Current,1,Active,N
LN-20478,2026-07-01,75976.21,488.15,0,Current,1,Active,N
LN-20479,2025-11-01,135298.45,802.77,0,Current,1,Active,N
LN-20479,2025-12-01,74789.38,443.75,0,Current,1,Active,N
LN-20479,2026-01-01,153660.04,911.72,0,Current,1,Active,N
LN-20479,2026-02-01,144900.35,859.74,0,Current,1,Active,N
LN-20479,2026-03-01,162808.97,966.0,0,Current,1,Active,N
LN-20479,2026-04-01,171050.2,1014.9,0,Current,1,Active,N
LN-20479,2026-05-01,201104.0,1193.22,0,Current,1,Active,N
LN-20479,2026-06-01,181650.38,1077.79,0,Current,1,Active,N
LN-20479,2026-07-01,100280.34,595.0,0,Current,1,Active,N
LN-20480,2024-08-01,97705.09,590.3,0,Current,2,Active,N
LN-20480,2024-09-01,121010.75,731.11,0,Current,2,Active,N
LN-20480,2024-10-01,78322.59,473.2,0,Current,2,Active,N
LN-20480,2024-11-01,60942.6,368.19,0,Current,2,Active,N
LN-20480,2024-12-01,106455.73,643.17,0,Current,2,Active,N
LN-20480,2025-01-01,87189.21,526.77,0,Current,2,Active,N
LN-20480,2025-02-01,141008.59,851.93,0,Current,2,Active,N
LN-20480,2025-03-01,155098.38,937.05,0,Current,2,Active,N
LN-20480,2025-04-01,115047.91,695.08,0,Current,2,Active,N
LN-20480,2025-05-01,182622.33,1103.34,0,Current,2,Active,N
LN-20480,2025-06-01,176059.24,1063.69,0,Current,2,Active,N
LN-20480,2025-07-01,102081.51,616.74,0,Current,2,Active,N
LN-20480,2025-08-01,86416.25,522.1,0,Current,2,Active,N
LN-20480,2025-09-01,94072.72,568.36,0,Current,2,Active,N
LN-20480,2025-10-01,100591.07,607.74,0,Current,2,Active,N
LN-20480,2025-11-01,98579.06,595.58,0,Current,2,Active,N
LN-20480,2025-12-01,73480.26,443.94,0,Current,2,Active,N
LN-20480,2026-01-01,89863.0,542.92,0,Current,2,Active,N
LN-20480,2026-02-01,43397.01,262.19,0,Current,2,Active,N
LN-20480,2026-03-01,162239.81,980.2,0,Current,2,Active,N
LN-20480,2026-04-01,146062.99,882.46,59,30-59 Days,2,Active,Y
LN-20480,2026-05-01,143248.68,865.46,0,Current,2,Active,N
LN-20480,2026-06-01,149826.8,905.2,0,Current,2,Active,N
LN-20480,2026-07-01,123834.61,748.17,0,Current,2,Active,N
LN-20481,2024-08-01,319894.85,5132.85,0,Current,2,Active,N
LN-20481,2024-09-01,316827.98,5132.85,0,Current,2,Active,N
LN-20481,2024-10-01,313741.31,5132.85,0,Current,2,Active,N
LN-20481,2024-11-01,310634.7,5132.85,0,Current,2,Active,N
LN-20481,2024-12-01,307508.03,5132.85,82,60-89 Days,3,Active,Y
LN-20481,2025-01-01,304361.16,5132.85,83,60-89 Days,3,Active,N
LN-20481,2025-02-01,301193.97,5132.85,76,60-89 Days,3,Active,N
LN-20481,2025-03-01,298006.33,5132.85,89,60-89 Days,3,Active,N
LN-20481,2025-04-01,294798.1,5132.85,0,Current,2,Active,N
LN-20481,2025-05-01,291569.15,5132.85,0,Current,2,Active,N
LN-20481,2025-06-01,288319.34,5132.85,0,Current,2,Active,N
LN-20481,2025-07-01,285048.55,5132.85,0,Current,2,Active,N
LN-20481,2025-08-01,281756.64,5132.85,0,Current,2,Active,N
LN-20481,2025-09-01,278443.46,5132.85,0,Current,2,Active,N
LN-20481,2025-10-01,275108.88,5132.85,1,1-29 Days,2,Active,Y
LN-20481,2025-11-01,271752.77,5132.85,21,1-29 Days,2,Active,N
LN-20481,2025-12-01,268374.99,5132.85,7,1-29 Days,2,Active,N
LN-20481,2026-01-01,264975.39,5132.85,28,1-29 Days,2,Active,N
LN-20481,2026-02-01,261553.84,5132.85,0,Current,2,Active,N
LN-20481,2026-03-01,258110.18,5132.85,0,Current,2,Active,N
LN-20481,2026-04-01,254644.29,5132.85,0,Current,2,Active,N
LN-20481,2026-05-01,251156.01,5132.85,0,Current,2,Active,N
LN-20481,2026-06-01,247645.21,5132.85,0,Current,2,Active,N
LN-20481,2026-07-01,244111.73,5132.85,0,Current,2,Active,N
LN-20482,2024-08-01,73170.24,491.46,0,Current,1,Active,N
LN-20482,2024-09-01,54067.09,363.15,0,Current,1,Active,N
LN-20482,2024-10-01,51032.06,342.77,0,Current,1,Active,N
LN-20482,2024-11-01,52716.12,354.08,0,Current,1,Active,N
LN-20482,2024-12-01,62526.59,419.97,0,Current,1,Active,N
LN-20482,2025-01-01,57356.0,385.24,0,Current,1,Active,N
LN-20482,2025-02-01,71111.84,477.63,0,Current,1,Active,N
LN-20482,2025-03-01,81242.1,545.68,0,Current,1,Active,N
LN-20482,2025-04-01,81075.68,544.56,0,Current,1,Active,N
LN-20482,2025-05-01,92441.34,620.9,0,Current,1,Active,N
LN-20482,2025-06-01,105811.54,710.7,0,Current,1,Active,N
LN-20482,2025-07-01,82705.18,555.5,0,Current,1,Active,N
LN-20482,2025-08-01,77867.47,523.01,0,Current,1,Active,N
LN-20482,2025-09-01,65330.76,438.8,0,Current,1,Active,N
LN-20482,2025-10-01,55738.55,374.38,0,Current,1,Active,N
LN-20482,2025-11-01,66040.38,443.57,0,Current,1,Active,N
LN-20482,2025-12-01,18765.0,126.04,0,Current,1,Active,N
LN-20482,2026-01-01,60531.6,406.57,0,Current,1,Active,N
LN-20482,2026-02-01,71008.59,476.94,0,Current,1,Active,N
LN-20482,2026-03-01,83276.93,559.34,0,Current,1,Active,N
LN-20482,2026-04-01,88527.96,594.61,0,Current,1,Active,N
LN-20482,2026-05-01,104110.61,699.28,0,Current,1,Active,N
LN-20482,2026-06-01,67981.33,456.61,0,Current,1,Active,N
LN-20482,2026-07-01,86858.17,583.4,0,Current,1,Active,N
LN-20483,2024-08-01,216566.78,4314.9,0,Current,3,Active,N
LN-20483,2024-09-01,213562.11,4314.9,0,Current,3,Active,N
LN-20483,2024-10-01,210539.26,4314.9,0,Current,3,Active,N
LN-20483,2024-11-01,207498.13,4314.9,0,Current,3,Active,N
LN-20483,2024-12-01,204438.6,4314.9,0,Current,3,Active,N
LN-20483,2025-01-01,201360.55,4314.9,0,Current,3,Active,N
LN-20483,2025-02-01,198263.89,4314.9,0,Current,3,Active,N
LN-20483,2025-03-01,195148.48,4314.9,0,Current,3,Active,N
LN-20483,2025-04-01,192014.24,4314.9,5,1-29 Days,3,Active,Y
LN-20483,2025-05-01,188861.02,4314.9,4,1-29 Days,3,Active,N
LN-20483,2025-06-01,185688.74,4314.9,18,1-29 Days,3,Active,N
LN-20483,2025-07-01,182497.26,4314.9,25,1-29 Days,3,Active,N
LN-20483,2025-08-01,179286.47,4314.9,15,1-29 Days,3,Active,N
LN-20483,2025-09-01,176056.25,4314.9,29,1-29 Days,3,Active,N
LN-20483,2025-10-01,172806.49,4314.9,9,1-29 Days,3,Active,N
LN-20483,2025-11-01,169537.08,4314.9,24,1-29 Days,3,Active,N
LN-20483,2025-12-01,166247.88,4314.9,0,Current,3,Active,N
LN-20483,2026-01-01,162938.78,4314.9,0,Current,3,Active,N
LN-20483,2026-02-01,159609.66,4314.9,0,Current,3,Active,N
LN-20483,2026-03-01,156260.4,4314.9,0,Current,3,Active,N
LN-20483,2026-04-01,152890.88,4314.9,0,Current,3,Active,N
LN-20483,2026-05-01,149500.97,4314.9,0,Current,3,Active,N
LN-20483,2026-06-01,146090.56,4314.9,0,Current,3,Active,N
LN-20483,2026-07-01,142659.51,4314.9,0,Current,3,Active,N
LN-20484,2024-08-01,5770.07,5802.72,0,Current,2,Active,N
LN-20485,2024-08-01,53167.56,347.8,0,Current,2,Active,N
LN-20485,2024-09-01,64317.95,420.75,0,Current,2,Active,N
LN-20485,2024-10-01,50282.04,328.93,0,Current,2,Active,N
LN-20485,2024-11-01,36798.69,240.72,43,30-59 Days,2,Active,Y
LN-20485,2024-12-01,30825.95,201.65,0,Current,2,Active,N
LN-20485,2025-01-01,53173.3,347.84,0,Current,2,Active,N
LN-20485,2025-02-01,64830.73,424.1,0,Current,2,Active,N
LN-20485,2025-03-01,83744.94,547.83,0,Current,2,Active,N
LN-20485,2025-04-01,80303.44,525.32,0,Current,2,Active,N
LN-20485,2025-05-01,87201.56,570.44,0,Current,2,Active,N
LN-20485,2025-06-01,79413.32,519.5,0,Current,2,Active,N
LN-20485,2025-07-01,74560.81,487.75,0,Current,2,Active,N
LN-20485,2025-08-01,55750.03,364.7,0,Current,2,Active,N
LN-20485,2025-09-01,66819.12,437.11,0,Current,2,Active,N
LN-20485,2025-10-01,44100.05,288.49,0,Current,2,Active,N
LN-20485,2025-11-01,30048.38,196.57,0,Current,2,Active,N
LN-20485,2025-12-01,32861.39,214.97,0,Current,2,Active,N
LN-20485,2026-01-01,65191.53,426.46,0,Current,2,Active,N
LN-20485,2026-02-01,69647.17,455.61,0,Current,2,Active,N
LN-20485,2026-03-01,92957.73,608.1,0,Current,2,Active,N
LN-20485,2026-04-01,84841.39,555.0,0,Current,2,Active,N
LN-20485,2026-05-01,76332.8,499.34,0,Current,2,Active,N
LN-20485,2026-06-01,95586.3,625.29,0,Current,2,Active,N
LN-20485,2026-07-01,46719.54,305.62,0,Current,2,Active,N
LN-20486,2024-08-01,1131806.48,17771.59,0,Current,4,Active,N
LN-20486,2024-09-01,1121259.58,17771.59,0,Current,4,Active,N
LN-20486,2024-10-01,1110645.36,17771.59,0,Current,4,Active,N
LN-20486,2024-11-01,1099963.39,17771.59,0,Current,4,Active,N
LN-20486,2024-12-01,1089213.23,17771.59,0,Current,4,Active,N
LN-20486,2025-01-01,1078394.45,17771.59,0,Current,4,Active,N
LN-20486,2025-02-01,1067506.61,17771.59,0,Current,4,Active,N
LN-20486,2025-03-01,1056549.26,17771.59,0,Current,4,Active,N
LN-20486,2025-04-01,1045521.98,17771.59,0,Current,4,Active,N
LN-20486,2025-05-01,1034424.3,17771.59,0,Current,4,Active,N
LN-20486,2025-06-01,1023255.78,17771.59,0,Current,4,Active,N
LN-20486,2025-07-01,1012015.97,17771.59,0,Current,4,Active,N
LN-20486,2025-08-01,1000704.41,17771.59,0,Current,4,Active,N
LN-20486,2025-09-01,989320.65,17771.59,0,Current,4,Active,N
LN-20486,2025-10-01,977864.22,17771.59,0,Current,4,Active,N
LN-20486,2025-11-01,966334.66,17771.59,72,60-89 Days,4,Active,Y
LN-20486,2025-12-01,954731.51,17771.59,75,60-89 Days,4,Active,N
LN-20486,2026-01-01,943054.28,17771.59,60,60-89 Days,4,Active,N
LN-20486,2026-02-01,931302.52,17771.59,24,1-29 Days,4,Active,N
LN-20486,2026-03-01,919475.74,17771.59,19,1-29 Days,4,Active,N
LN-20486,2026-04-01,907573.47,17771.59,42,30-59 Days,4,Active,Y
LN-20486,2026-05-01,895595.22,17771.59,43,30-59 Days,4,Active,N
LN-20486,2026-06-01,883540.51,17771.59,68,60-89 Days,4,Active,Y
LN-20486,2026-07-01,871408.85,17771.59,0,Current,4,Active,N
LN-20487,2024-12-01,120600.0,1861.13,0,Current,1,Active,N
LN-20487,2025-01-01,119511.72,1861.13,0,Current,1,Active,N
LN-20487,2025-02-01,118416.47,1861.13,0,Current,1,Active,N
LN-20487,2025-03-01,117314.19,1861.13,0,Current,1,Active,N
LN-20487,2025-04-01,116204.86,1861.13,0,Current,1,Active,N
LN-20487,2025-05-01,115088.41,1861.13,0,Current,1,Active,N
LN-20487,2025-06-01,113964.81,1861.13,0,Current,1,Active,N
LN-20487,2025-07-01,112834.01,1861.13,0,Current,1,Active,N
LN-20487,2025-08-01,111695.96,1861.13,0,Current,1,Active,N
LN-20487,2025-09-01,110550.62,1861.13,0,Current,1,Active,N
LN-20487,2025-10-01,109397.94,1861.13,0,Current,1,Active,N
LN-20487,2025-11-01,108237.87,1861.13,0,Current,1,Active,N
LN-20487,2025-12-01,107070.37,1861.13,0,Current,1,Active,N
LN-20487,2026-01-01,105895.39,1861.13,0,Current,1,Active,N
LN-20487,2026-02-01,104712.88,1861.13,0,Current,1,Active,N
LN-20487,2026-03-01,103522.79,1861.13,0,Current,1,Active,N
LN-20487,2026-04-01,102325.07,1861.13,0,Current,1,Active,N
LN-20487,2026-05-01,101119.68,1861.13,0,Current,1,Active,N
LN-20487,2026-06-01,99906.56,1861.13,0,Current,1,Active,N
LN-20487,2026-07-01,98685.67,1861.13,0,Current,1,Active,N
LN-20488,2024-08-01,1876000.0,15871.32,0,Current,1,Active,N
LN-20488,2024-09-01,1869571.21,15871.32,0,Current,1,Active,N
LN-20488,2024-10-01,1863110.06,15871.32,0,Current,1,Active,N
LN-20488,2024-11-01,1856616.39,15871.32,0,Current,1,Active,N
LN-20488,2024-12-01,1850090.04,15871.32,0,Current,1,Active,N
LN-20488,2025-01-01,1843530.83,15871.32,0,Current,1,Active,N
LN-20488,2025-02-01,1836938.61,15871.32,0,Current,1,Active,N
LN-20488,2025-03-01,1830313.21,15871.32,0,Current,1,Active,N
LN-20488,2025-04-01,1823654.47,15871.32,0,Current,1,Active,N
LN-20488,2025-05-01,1816962.2,15871.32,0,Current,1,Active,N
LN-20488,2025-06-01,1810236.26,15871.32,0,Current,1,Active,N
LN-20488,2025-07-01,1803476.45,15871.32,0,Current,1,Active,N
LN-20488,2025-08-01,1796682.63,15871.32,0,Current,1,Active,N
LN-20488,2025-09-01,1789854.61,15871.32,0,Current,1,Active,N
LN-20488,2025-10-01,1782992.22,15871.32,0,Current,1,Active,N
LN-20488,2025-11-01,1776095.29,15871.32,0,Current,1,Active,N
LN-20488,2025-12-01,1769163.64,15871.32,0,Current,1,Active,N
LN-20488,2026-01-01,1762197.11,15871.32,0,Current,1,Active,N
LN-20488,2026-02-01,1755195.51,15871.32,0,Current,1,Active,N
LN-20488,2026-03-01,1748158.67,15871.32,0,Current,1,Active,N
LN-20488,2026-04-01,1741086.41,15871.32,0,Current,1,Active,N
LN-20488,2026-05-01,1733978.56,15871.32,0,Current,1,Active,N
LN-20488,2026-06-01,1726834.93,15871.32,0,Current,1,Active,N
LN-20488,2026-07-01,1719655.34,15871.32,0,Current,1,Active,N
LN-20489,2024-08-01,691794.27,11363.34,0,Current,2,Active,N
LN-20489,2024-09-01,684783.48,11363.34,0,Current,2,Active,N
LN-20489,2024-10-01,677728.57,11363.34,0,Current,2,Active,N
LN-20489,2024-11-01,670629.28,11363.34,0,Current,2,Active,N
LN-20489,2024-12-01,663485.32,11363.34,0,Current,2,Active,N
LN-20489,2025-01-01,656296.41,11363.34,0,Current,2,Active,N
LN-20489,2025-02-01,649062.27,11363.34,0,Current,2,Active,N
LN-20489,2025-03-01,641782.62,11363.34,0,Current,2,Active,N
LN-20489,2025-04-01,634457.17,11363.34,0,Current,2,Active,N
LN-20489,2025-05-01,627085.63,11363.34,0,Current,2,Active,N
LN-20489,2025-06-01,619667.71,11363.34,0,Current,2,Active,N
LN-20489,2025-07-01,612203.11,11363.34,0,Current,2,Active,N
LN-20489,2025-08-01,604691.56,11363.34,0,Current,2,Active,N
LN-20489,2025-09-01,597132.74,11363.34,0,Current,2,Active,N
LN-20489,2025-10-01,589526.36,11363.34,0,Current,2,Active,N
LN-20489,2025-11-01,581872.13,11363.34,0,Current,2,Active,N
LN-20489,2025-12-01,574169.74,11363.34,0,Current,2,Active,N
LN-20489,2026-01-01,566418.89,11363.34,0,Current,2,Active,N
LN-20489,2026-02-01,558619.27,11363.34,0,Current,2,Active,N
LN-20489,2026-03-01,550770.58,11363.34,0,Current,2,Active,N
LN-20489,2026-04-01,542872.51,11363.34,0,Current,2,Active,N
LN-20489,2026-05-01,534924.75,11363.34,0,Current,2,Active,N
LN-20489,2026-06-01,526926.98,11363.34,0,Current,2,Active,N
LN-20489,2026-07-01,518878.9,11363.34,0,Current,2,Active,N
LN-20490,2025-03-01,732500.0,11012.47,0,Current,3,Active,N
LN-20490,2025-04-01,725687.2,11012.47,0,Current,3,Active,N
LN-20490,2025-05-01,718835.34,11012.47,0,Current,3,Active,N
LN-20490,2025-06-01,711944.19,11012.47,0,Current,3,Active,N
LN-20490,2025-07-01,705013.54,11012.47,0,Current,3,Active,N
LN-20490,2025-08-01,698043.14,11012.47,0,Current,3,Active,N
LN-20490,2025-09-01,691032.79,11012.47,0,Current,3,Active,N
LN-20490,2025-10-01,683982.24,11012.47,0,Current,3,Active,N
LN-20490,2025-11-01,676891.27,11012.47,0,Current,3,Active,N
LN-20490,2025-12-01,669759.65,11012.47,0,Current,3,Active,N
LN-20490,2026-01-01,662587.13,11012.47,0,Current,3,Active,N
LN-20490,2026-02-01,655373.5,11012.47,0,Current,3,Active,N
LN-20490,2026-03-01,648118.5,11012.47,0,Current,3,Active,N
LN-20490,2026-04-01,640821.92,11012.47,0,Current,3,Active,N
LN-20490,2026-05-01,633483.49,11012.47,0,Current,3,Active,N
LN-20490,2026-06-01,626103.0,11012.47,0,Current,3,Active,N
LN-20490,2026-07-01,618680.19,11012.47,0,Current,3,Active,N
LN-20491,2024-08-01,19086.25,130.1,36,30-59 Days,4,Active,N
LN-20491,2024-09-01,38724.04,263.97,48,30-59 Days,4,Active,N
LN-20491,2024-10-01,30516.16,208.02,52,30-59 Days,4,Active,N
LN-20491,2024-11-01,38155.08,260.09,42,30-59 Days,4,Active,N
LN-20491,2024-12-01,22854.29,155.79,141,90+ Days,4,Active,Y
LN-20491,2025-01-01,35236.13,240.19,224,90+ Days,4,Active,N
LN-20491,2025-02-01,34584.38,235.75,182,90+ Days,4,Active,N
LN-20491,2025-03-01,45450.51,309.82,214,90+ Days,4,Active,N
LN-20491,2025-04-01,52911.93,360.68,180,90+ Days,4,Active,N
LN-20491,2025-05-01,52207.12,355.88,69,60-89 Days,4,Active,N
LN-20491,2025-06-01,46396.26,316.27,64,60-89 Days,4,Active,N
LN-20491,2025-07-01,31846.9,217.09,60,60-89 Days,4,Active,N
LN-20491,2025-08-01,30724.69,209.44,88,60-89 Days,4,Active,N
LN-20491,2025-09-01,51207.98,349.07,185,90+ Days,4,Delinquent - Default Pending,Y
LN-20492,2024-08-01,941694.76,12250.18,0,Current,4,Active,N
LN-20492,2024-09-01,935039.81,12250.18,0,Current,4,Active,N
LN-20492,2024-10-01,928345.33,12250.18,0,Current,4,Active,N
LN-20492,2024-11-01,921611.07,12250.18,26,1-29 Days,4,Active,Y
LN-20492,2024-12-01,914836.79,12250.18,11,1-29 Days,4,Active,N
LN-20492,2025-01-01,908022.27,12250.18,28,1-29 Days,4,Active,N
LN-20492,2025-02-01,901167.26,12250.18,14,1-29 Days,4,Active,N
LN-20492,2025-03-01,894271.51,12250.18,0,Current,4,Active,N
LN-20492,2025-04-01,887334.8,12250.18,0,Current,4,Active,N
LN-20492,2025-05-01,880356.87,12250.18,0,Current,4,Active,N
LN-20492,2025-06-01,873337.48,12250.18,0,Current,4,Active,N
LN-20492,2025-07-01,866276.38,12250.18,0,Current,4,Active,N
LN-20492,2025-08-01,859173.32,12250.18,32,30-59 Days,4,Active,Y
LN-20492,2025-09-01,852028.07,12250.18,0,Current,4,Active,N
LN-20492,2025-10-01,844840.35,12250.18,60,60-89 Days,4,Active,Y
LN-20492,2025-11-01,837609.93,12250.18,49,30-59 Days,4,Active,N
LN-20492,2025-12-01,830336.55,12250.18,0,Current,4,Active,N
LN-20492,2026-01-01,823019.96,12250.18,0,Current,4,Active,N
LN-20492,2026-02-01,815659.89,12250.18,0,Current,4,Active,N
LN-20492,2026-03-01,808256.09,12250.18,0,Current,4,Active,N
LN-20492,2026-04-01,800808.3,12250.18,0,Current,4,Active,N
LN-20492,2026-05-01,793316.26,12250.18,0,Current,4,Active,N
LN-20492,2026-06-01,785779.7,12250.18,0,Current,4,Active,N
LN-20492,2026-07-01,778198.36,12250.18,0,Current,4,Active,N
LN-20493,2024-08-01,242816.14,9286.31,0,Current,1,Active,N
LN-20493,2024-09-01,235239.67,9286.31,0,Current,1,Active,N
LN-20493,2024-10-01,227609.84,9286.31,0,Current,1,Active,N
LN-20493,2024-11-01,219926.29,9286.31,0,Current,1,Active,N
LN-20493,2024-12-01,212188.63,9286.31,0,Current,1,Active,N
LN-20493,2025-01-01,204396.48,9286.31,0,Current,1,Active,N
LN-20493,2025-02-01,196549.47,9286.31,0,Current,1,Active,N
LN-20493,2025-03-01,188647.2,9286.31,0,Current,1,Active,N
LN-20493,2025-04-01,180689.28,9286.31,0,Current,1,Active,N
LN-20493,2025-05-01,172675.33,9286.31,0,Current,1,Active,N
LN-20493,2025-06-01,164604.95,9286.31,0,Current,1,Active,N
LN-20493,2025-07-01,156477.74,9286.31,0,Current,1,Active,N
LN-20493,2025-08-01,148293.3,9286.31,0,Current,1,Active,N
LN-20493,2025-09-01,140051.22,9286.31,0,Current,1,Active,N
LN-20493,2025-10-01,131751.11,9286.31,0,Current,1,Active,N
LN-20493,2025-11-01,123392.55,9286.31,0,Current,1,Active,N
LN-20493,2025-12-01,114975.13,9286.31,0,Current,1,Active,N
LN-20493,2026-01-01,106498.45,9286.31,0,Current,1,Active,N
LN-20493,2026-02-01,97962.07,9286.31,0,Current,1,Active,N
LN-20493,2026-03-01,89365.58,9286.31,0,Current,1,Active,N
LN-20493,2026-04-01,80708.55,9286.31,0,Current,1,Active,N
LN-20493,2026-05-01,71990.57,9286.31,0,Current,1,Active,N
LN-20493,2026-06-01,63211.2,9286.31,0,Current,1,Active,N
LN-20493,2026-07-01,54370.01,9286.31,0,Current,1,Active,N
LN-20494,2024-08-01,33756.08,6871.52,0,Current,1,Active,N
LN-20494,2024-09-01,27084.28,6871.52,0,Current,1,Active,N
LN-20494,2024-10-01,20373.01,6871.52,0,Current,1,Active,N
LN-20494,2024-11-01,13622.03,6871.52,0,Current,1,Active,N
LN-20494,2024-12-01,6831.1,6871.52,0,Current,1,Active,N
LN-20495,2024-08-01,772971.92,14367.94,0,Current,3,Active,N
LN-20495,2024-09-01,762868.21,14367.94,73,60-89 Days,4,Active,Y
LN-20495,2024-10-01,752708.75,14367.94,70,60-89 Days,4,Active,N
LN-20495,2024-11-01,742493.25,14367.94,0,Current,3,Active,N
LN-20495,2024-12-01,732221.39,14367.94,0,Current,3,Active,N
LN-20495,2025-01-01,721892.87,14367.94,0,Current,3,Active,N
LN-20495,2025-02-01,711507.37,14367.94,0,Current,3,Active,N
LN-20495,2025-03-01,701064.57,14367.94,0,Current,3,Active,N
LN-20495,2025-04-01,690564.17,14367.94,0,Current,3,Active,N
LN-20495,2025-05-01,680005.83,14367.94,0,Current,3,Active,N
LN-20495,2025-06-01,669389.25,14367.94,0,Current,3,Active,N
LN-20495,2025-07-01,658714.11,14367.94,0,Current,3,Active,N
LN-20495,2025-08-01,647980.07,14367.94,0,Current,3,Active,N
LN-20495,2025-09-01,637186.81,14367.94,0,Current,3,Active,N
LN-20495,2025-10-01,626334.02,14367.94,0,Current,3,Active,N
LN-20495,2025-11-01,615421.35,14367.94,0,Current,3,Active,N
LN-20495,2025-12-01,604448.48,14367.94,0,Current,3,Active,N
LN-20495,2026-01-01,593415.07,14367.94,0,Current,3,Active,N
LN-20495,2026-02-01,582320.8,14367.94,0,Current,3,Active,N
LN-20495,2026-03-01,571165.33,14367.94,0,Current,3,Active,N
LN-20495,2026-04-01,559948.31,14367.94,0,Current,3,Active,N
LN-20495,2026-05-01,548669.41,14367.94,29,1-29 Days,3,Active,Y
LN-20495,2026-06-01,537328.29,14367.94,28,1-29 Days,3,Active,N
LN-20495,2026-07-01,525924.61,14367.94,4,1-29 Days,3,Active,N
LN-20496,2024-08-01,241223.4,4519.2,0,Current,1,Active,N
LN-20496,2024-09-01,238197.77,4519.2,0,Current,1,Active,N
LN-20496,2024-10-01,235153.42,4519.2,0,Current,1,Active,N
LN-20496,2024-11-01,232090.21,4519.2,0,Current,1,Active,N
LN-20496,2024-12-01,229008.04,4519.2,0,Current,1,Active,N
LN-20496,2025-01-01,225906.78,4519.2,0,Current,1,Active,N
LN-20496,2025-02-01,222786.32,4519.2,0,Current,1,Active,N
LN-20496,2025-03-01,219646.54,4519.2,0,Current,1,Active,N
LN-20496,2025-04-01,216487.33,4519.2,0,Current,1,Active,N
LN-20496,2025-05-01,213308.54,4519.2,0,Current,1,Active,N
LN-20496,2025-06-01,210110.08,4519.2,0,Current,1,Active,N
LN-20496,2025-07-01,206891.82,4519.2,0,Current,1,Active,N
LN-20496,2025-08-01,203653.62,4519.2,0,Current,1,Active,N
LN-20496,2025-09-01,200395.38,4519.2,0,Current,1,Active,N
LN-20496,2025-10-01,197116.97,4519.2,0,Current,1,Active,N
LN-20496,2025-11-01,193818.25,4519.2,0,Current,1,Active,N
LN-20496,2025-12-01,190499.11,4519.2,0,Current,1,Active,N
LN-20496,2026-01-01,187159.42,4519.2,0,Current,1,Active,N
LN-20496,2026-02-01,183799.05,4519.2,0,Current,1,Active,N
LN-20496,2026-03-01,180417.88,4519.2,0,Current,1,Active,N
LN-20496,2026-04-01,177015.76,4519.2,0,Current,1,Active,N
LN-20496,2026-05-01,173592.59,4519.2,0,Current,1,Active,N
LN-20496,2026-06-01,170148.22,4519.2,0,Current,1,Active,N
LN-20496,2026-07-01,166682.52,4519.2,0,Current,1,Active,N
LN-20497,2026-03-01,877700.0,13701.89,0,Current,1,Active,N
LN-20497,2026-04-01,869886.01,13701.89,0,Current,1,Active,N
LN-20497,2026-05-01,862019.6,13701.89,0,Current,1,Active,N
LN-20497,2026-06-01,854100.42,13701.89,0,Current,1,Active,N
LN-20497,2026-07-01,846128.12,13701.89,0,Current,1,Active,N
LN-20498,2024-11-01,146628.79,976.3,0,Current,2,Active,N
LN-20498,2024-12-01,165109.65,1099.36,0,Current,2,Active,N
LN-20498,2025-01-01,181440.25,1208.09,0,Current,2,Active,N
LN-20498,2025-02-01,175078.3,1165.73,0,Current,2,Active,N
LN-20498,2025-03-01,240470.97,1601.14,0,Current,2,Active,N
LN-20498,2025-04-01,295578.28,1968.06,0,Current,2,Active,N
LN-20498,2025-05-01,301960.87,2010.56,0,Current,2,Active,N
LN-20498,2025-06-01,337223.12,2245.34,0,Current,2,Active,N
LN-20498,2025-07-01,154180.29,1026.58,0,Current,2,Active,N
LN-20498,2025-08-01,166200.67,1106.62,0,Current,2,Active,N
LN-20498,2025-09-01,236147.89,1572.35,0,Current,2,Active,N
LN-20498,2025-10-01,115148.39,766.7,0,Current,2,Active,N
LN-20498,2025-11-01,52320.0,348.36,0,Current,2,Active,N
LN-20498,2025-12-01,117013.3,779.11,0,Current,2,Active,N
LN-20498,2026-01-01,166892.62,1111.23,0,Current,2,Active,N
LN-20498,2026-02-01,167322.98,1114.09,0,Current,2,Active,N
LN-20498,2026-03-01,230131.85,1532.29,0,Current,2,Active,N
LN-20498,2026-04-01,245920.68,1637.42,0,Current,2,Active,N
LN-20498,2026-05-01,267624.86,1781.94,0,Current,2,Active,N
LN-20498,2026-06-01,234012.93,1558.14,0,Current,2,Active,N
LN-20498,2026-07-01,216082.18,1438.75,0,Current,2,Active,N
LN-20499,2024-08-01,139225.09,995.46,0,Current,1,Active,N
LN-20499,2024-09-01,106471.68,761.27,0,Current,1,Active,N
LN-20499,2024-10-01,73509.73,525.59,0,Current,1,Active,N
LN-20499,2024-11-01,91396.19,653.48,0,Current,1,Active,N
LN-20499,2024-12-01,59151.91,422.94,0,Current,1,Active,N
LN-20499,2025-01-01,163181.77,1166.75,0,Current,1,Active,N
LN-20499,2025-02-01,165546.59,1183.66,0,Current,1,Active,N
LN-20499,2025-03-01,211704.93,1513.69,0,Current,1,Active,N
LN-20499,2025-04-01,150160.63,1073.65,0,Current,1,Active,N
LN-20499,2025-05-01,180580.0,1291.15,0,Current,1,Active,N
LN-20499,2025-06-01,199640.63,1427.43,0,Current,1,Active,N
LN-20499,2025-07-01,151586.61,1083.84,0,Current,1,Active,N
LN-20499,2025-08-01,133796.04,956.64,0,Current,1,Active,N
LN-20499,2025-09-01,130948.53,936.28,0,Current,1,Active,N
LN-20499,2025-10-01,112634.42,805.34,0,Current,1,Active,N
LN-20499,2025-11-01,133193.28,952.33,0,Current,1,Active,N
LN-20499,2025-12-01,52927.97,378.43,0,Current,1,Active,N
LN-20499,2026-01-01,104507.96,747.23,0,Current,1,Active,N
LN-20499,2026-02-01,130894.49,935.9,0,Current,1,Active,N
LN-20499,2026-03-01,204387.44,1461.37,0,Current,1,Active,N
LN-20499,2026-04-01,188933.08,1350.87,0,Current,1,Active,N
LN-20499,2026-05-01,147502.55,1054.64,0,Current,1,Active,N
LN-20499,2026-06-01,155425.57,1111.29,0,Current,1,Active,N
LN-20499,2026-07-01,96005.48,686.44,0,Current,1,Active,N
LN-20500,2024-08-01,637208.2,8445.66,0,Current,1,Active,N
LN-20500,2024-09-01,631953.89,8445.66,0,Current,1,Active,N
LN-20500,2024-10-01,626673.27,8445.66,0,Current,1,Active,N
LN-20500,2024-11-01,621366.2,8445.66,0,Current,1,Active,N
LN-20500,2024-12-01,616032.55,8445.66,0,Current,1,Active,N
LN-20500,2025-01-01,610672.18,8445.66,0,Current,1,Active,N
LN-20500,2025-02-01,605284.97,8445.66,0,Current,1,Active,N
LN-20500,2025-03-01,599870.78,8445.66,0,Current,1,Active,N
LN-20500,2025-04-01,594429.47,8445.66,0,Current,1,Active,N
LN-20500,2025-05-01,588960.91,8445.66,0,Current,1,Active,N
LN-20500,2025-06-01,583464.96,8445.66,0,Current,1,Active,N
LN-20500,2025-07-01,577941.49,8445.66,0,Current,1,Active,N
LN-20500,2025-08-01,572390.35,8445.66,0,Current,1,Active,N
LN-20500,2025-09-01,566811.41,8445.66,0,Current,1,Active,N
LN-20500,2025-10-01,561204.53,8445.66,0,Current,1,Active,N
LN-20500,2025-11-01,555569.57,8445.66,0,Current,1,Active,N
LN-20500,2025-12-01,549906.39,8445.66,0,Current,1,Active,N
LN-20500,2026-01-01,544214.84,8445.66,13,1-29 Days,1,Active,Y
LN-20500,2026-02-01,538494.79,8445.66,10,1-29 Days,1,Active,N
LN-20500,2026-03-01,532746.09,8445.66,7,1-29 Days,1,Active,N
LN-20500,2026-04-01,526968.6,8445.66,22,1-29 Days,1,Active,N
LN-20500,2026-05-01,521162.18,8445.66,5,1-29 Days,1,Active,N
LN-20500,2026-06-01,515326.67,8445.66,18,1-29 Days,1,Active,N
LN-20500,2026-07-01,509461.94,8445.66,0,Current,1,Active,N
LN-20501,2024-08-01,51880.32,313.44,0,Current,1,Active,N
LN-20501,2024-09-01,38632.77,233.41,0,Current,1,Active,N
LN-20501,2024-10-01,31314.27,189.19,0,Current,1,Active,N
LN-20501,2024-11-01,40930.16,247.29,0,Current,1,Active,N
LN-20501,2024-12-01,69789.6,421.65,0,Current,1,Active,N
LN-20501,2025-01-01,68304.71,412.67,0,Current,1,Active,N
LN-20501,2025-02-01,58951.73,356.17,0,Current,1,Active,N
LN-20501,2025-03-01,114208.83,690.01,0,Current,1,Active,N
LN-20501,2025-04-01,97600.78,589.67,0,Current,1,Active,N
LN-20501,2025-05-01,93681.68,565.99,0,Current,1,Active,N
LN-20501,2025-06-01,132790.0,802.27,0,Current,1,Active,N
LN-20501,2025-07-01,61654.28,372.49,0,Current,1,Active,N
LN-20501,2025-08-01,64458.8,389.44,0,Current,1,Active,N
LN-20501,2025-09-01,79997.68,483.32,0,Current,1,Active,N
LN-20501,2025-10-01,60638.91,366.36,0,Current,1,Active,N
LN-20501,2025-11-01,46414.74,280.42,0,Current,1,Active,N
LN-20501,2025-12-01,53043.89,320.47,0,Current,1,Active,N
LN-20501,2026-01-01,75208.88,454.39,0,Current,1,Active,N
LN-20501,2026-02-01,101720.73,614.56,0,Current,1,Active,N
LN-20501,2026-03-01,104551.37,631.66,0,Current,1,Active,N
LN-20501,2026-04-01,78450.86,473.97,0,Current,1,Active,N
LN-20501,2026-05-01,118265.85,714.52,0,Current,1,Active,N
LN-20501,2026-06-01,73772.82,445.71,0,Current,1,Active,N
LN-20501,2026-07-01,77061.9,465.58,0,Current,1,Active,N
LN-20502,2026-04-01,39868.64,289.71,0,Current,2,Active,N
LN-20502,2026-05-01,39580.86,287.62,0,Current,2,Active,N
LN-20502,2026-06-01,40639.55,295.31,0,Current,2,Active,N
LN-20502,2026-07-01,21731.41,157.91,0,Current,2,Active,N
LN-20503,2025-04-01,1142600.0,17519.88,0,Current,2,Active,N
LN-20503,2025-05-01,1132211.85,17519.88,0,Current,2,Active,N
LN-20503,2025-06-01,1121758.87,17519.88,22,1-29 Days,2,Active,Y
LN-20503,2025-07-01,1111240.64,17519.88,0,Current,2,Active,N
LN-20503,2025-08-01,1100656.75,17519.88,0,Current,2,Active,N
LN-20503,2025-09-01,1090006.81,17519.88,0,Current,2,Active,N
LN-20503,2025-10-01,1079290.4,17519.88,0,Current,2,Active,N
LN-20503,2025-11-01,1068507.09,17519.88,0,Current,2,Active,N
LN-20503,2025-12-01,1057656.48,17519.88,0,Current,2,Active,N
LN-20503,2026-01-01,1046738.14,17519.88,0,Current,2,Active,N
LN-20503,2026-02-01,1035751.66,17519.88,0,Current,2,Active,N
LN-20503,2026-03-01,1024696.6,17519.88,0,Current,2,Active,N
LN-20503,2026-04-01,1013572.54,17519.88,0,Current,2,Active,N
LN-20503,2026-05-01,1002379.05,17519.88,0,Current,2,Active,N
LN-20503,2026-06-01,991115.69,17519.88,0,Current,2,Active,N
LN-20503,2026-07-01,979782.03,17519.88,0,Current,2,Active,N
LN-20504,2024-08-01,330412.18,6828.42,0,Current,2,Active,N
LN-20504,2024-09-01,325323.93,6828.42,0,Current,2,Active,N
LN-20504,2024-10-01,320208.88,6828.42,0,Current,2,Active,N
LN-20504,2024-11-01,315066.89,6828.42,0,Current,2,Active,N
LN-20504,2024-12-01,309897.82,6828.42,0,Current,2,Active,N
LN-20504,2025-01-01,304701.52,6828.42,0,Current,2,Active,N
LN-20504,2025-02-01,299477.86,6828.42,0,Current,2,Active,N
LN-20504,2025-03-01,294226.69,6828.42,0,Current,2,Active,N
LN-20504,2025-04-01,288947.86,6828.42,0,Current,2,Active,N
LN-20504,2025-05-01,283641.23,6828.42,0,Current,2,Active,N
LN-20504,2025-06-01,278306.65,6828.42,0,Current,2,Active,N
LN-20504,2025-07-01,272943.98,6828.42,0,Current,2,Active,N
LN-20504,2025-08-01,267553.06,6828.42,0,Current,2,Active,N
LN-20504,2025-09-01,262133.75,6828.42,0,Current,2,Active,N
LN-20504,2025-10-01,256685.9,6828.42,0,Current,2,Active,N
LN-20504,2025-11-01,251209.36,6828.42,0,Current,2,Active,N
LN-20504,2025-12-01,245703.97,6828.42,0,Current,2,Active,N
LN-20504,2026-01-01,240169.59,6828.42,0,Current,2,Active,N
LN-20504,2026-02-01,234606.06,6828.42,0,Current,2,Active,N
LN-20504,2026-03-01,229013.23,6828.42,0,Current,2,Active,N
LN-20504,2026-04-01,223390.94,6828.42,0,Current,2,Active,N
LN-20504,2026-05-01,217739.05,6828.42,0,Current,2,Active,N
LN-20504,2026-06-01,212057.38,6828.42,0,Current,2,Active,N
LN-20504,2026-07-01,206345.8,6828.42,0,Current,2,Active,N
LN-20505,2025-05-01,304400.0,6056.25,7,1-29 Days,3,Active,N
LN-20505,2025-06-01,300170.15,6056.25,17,1-29 Days,3,Active,N
LN-20505,2025-07-01,295914.92,6056.25,18,1-29 Days,3,Active,N
LN-20505,2025-08-01,291634.16,6056.25,9,1-29 Days,3,Active,N
LN-20505,2025-09-01,287327.72,6056.25,11,1-29 Days,3,Active,N
LN-20505,2025-10-01,282995.43,6056.25,15,1-29 Days,3,Active,N
LN-20505,2025-11-01,278637.16,6056.25,23,1-29 Days,3,Active,N
LN-20505,2025-12-01,274252.73,6056.25,19,1-29 Days,3,Active,N
LN-20505,2026-01-01,269842.0,6056.25,0,Current,3,Active,N
LN-20505,2026-02-01,265404.8,6056.25,0,Current,3,Active,N
LN-20505,2026-03-01,260940.98,6056.25,0,Current,3,Active,N
LN-20505,2026-04-01,256450.38,6056.25,0,Current,3,Active,N
LN-20505,2026-05-01,251932.83,6056.25,0,Current,3,Active,N
LN-20505,2026-06-01,247388.18,6056.25,0,Current,3,Active,N
LN-20505,2026-07-01,242816.26,6056.25,0,Current,3,Active,N
LN-20506,2024-08-01,1299913.35,11405.83,0,Current,3,Active,N
LN-20506,2024-09-01,1294790.44,11405.83,0,Current,3,Active,N
LN-20506,2024-10-01,1289642.76,11405.83,0,Current,3,Active,N
LN-20506,2024-11-01,1284470.2,11405.83,0,Current,3,Active,N
LN-20506,2024-12-01,1279272.64,11405.83,0,Current,3,Active,N
LN-20506,2025-01-01,1274049.95,11405.83,0,Current,3,Active,N
LN-20506,2025-02-01,1268802.03,11405.83,0,Current,3,Active,N
LN-20506,2025-03-01,1263528.74,11405.83,0,Current,3,Active,N
LN-20506,2025-04-01,1258229.96,11405.83,0,Current,3,Active,N
LN-20506,2025-05-01,1252905.57,11405.83,0,Current,3,Active,N
LN-20506,2025-06-01,1247555.45,11405.83,0,Current,3,Active,N
LN-20506,2025-07-01,1242179.47,11405.83,0,Current,3,Active,N
LN-20506,2025-08-01,1236777.5,11405.83,0,Current,3,Active,N
LN-20506,2025-09-01,1231349.43,11405.83,0,Current,3,Active,N
LN-20506,2025-10-01,1225895.12,11405.83,0,Current,3,Active,N
LN-20506,2025-11-01,1220414.44,11405.83,0,Current,3,Active,N
LN-20506,2025-12-01,1214907.28,11405.83,0,Current,3,Active,N
LN-20506,2026-01-01,1209373.5,11405.83,0,Current,3,Active,N
LN-20506,2026-02-01,1203812.97,11405.83,55,30-59 Days,3,Active,Y
LN-20506,2026-03-01,1198225.57,11405.83,0,Current,3,Active,N
LN-20506,2026-04-01,1192611.16,11405.83,0,Current,3,Active,N
LN-20506,2026-05-01,1186969.61,11405.83,0,Current,3,Active,N
LN-20506,2026-06-01,1181300.8,11405.83,0,Current,3,Active,N
LN-20506,2026-07-01,1175604.58,11405.83,0,Current,3,Active,N
LN-20507,2026-03-01,151837.14,1065.39,0,Current,3,Active,N
LN-20507,2026-04-01,118502.54,831.49,0,Current,3,Active,N
LN-20507,2026-05-01,191594.49,1344.35,0,Current,3,Active,N
LN-20507,2026-06-01,163259.08,1145.53,0,Current,3,Active,N
LN-20507,2026-07-01,97065.22,681.07,0,Current,3,Active,N
LN-20508,2024-08-01,402780.71,6473.47,0,Current,1,Active,N
LN-20508,2024-09-01,398710.49,6473.47,0,Current,1,Active,N
LN-20508,2024-10-01,394615.99,6473.47,0,Current,1,Active,N
LN-20508,2024-11-01,390497.06,6473.47,0,Current,1,Active,N
LN-20508,2024-12-01,386353.56,6473.47,0,Current,1,Active,N
LN-20508,2025-01-01,382185.33,6473.47,0,Current,1,Active,N
LN-20508,2025-02-01,377992.23,6473.47,0,Current,1,Active,N
LN-20508,2025-03-01,373774.11,6473.47,0,Current,1,Active,N
LN-20508,2025-04-01,369530.82,6473.47,0,Current,1,Active,N
LN-20508,2025-05-01,365262.22,6473.47,0,Current,1,Active,N
LN-20508,2025-06-01,360968.14,6473.47,0,Current,1,Active,N
LN-20508,2025-07-01,356648.45,6473.47,0,Current,1,Active,N
LN-20508,2025-08-01,352302.98,6473.47,0,Current,1,Active,N
LN-20508,2025-09-01,347931.58,6473.47,0,Current,1,Active,N
LN-20508,2025-10-01,343534.1,6473.47,0,Current,1,Active,N
LN-20508,2025-11-01,339110.38,6473.47,0,Current,1,Active,N
LN-20508,2025-12-01,334660.27,6473.47,0,Current,1,Active,N
LN-20508,2026-01-01,330183.6,6473.47,0,Current,1,Active,N
LN-20508,2026-02-01,325680.23,6473.47,0,Current,1,Active,N
LN-20508,2026-03-01,321149.98,6473.47,0,Current,1,Active,N
LN-20508,2026-04-01,316592.7,6473.47,0,Current,1,Active,N
LN-20508,2026-05-01,312008.23,6473.47,0,Current,1,Active,N
LN-20508,2026-06-01,307396.41,6473.47,0,Current,1,Active,N
LN-20508,2026-07-01,302757.07,6473.47,0,Current,1,Active,N
LN-20509,2025-10-01,596300.0,11959.97,0,Current,2,Active,N
LN-20509,2025-11-01,588086.79,11959.97,0,Current,2,Active,N
LN-20509,2025-12-01,579821.96,11959.97,0,Current,2,Active,N
LN-20509,2026-01-01,571505.21,11959.97,0,Current,2,Active,N
LN-20509,2026-02-01,563136.2,11959.97,0,Current,2,Active,N
LN-20509,2026-03-01,554714.61,11959.97,0,Current,2,Active,N
LN-20509,2026-04-01,546240.1,11959.97,0,Current,2,Active,N
LN-20509,2026-05-01,537712.34,11959.97,15,1-29 Days,2,Active,Y
LN-20509,2026-06-01,529131.0,11959.97,23,1-29 Days,2,Active,N
LN-20509,2026-07-01,520495.74,11959.97,0,Current,2,Active,N
LN-20510,2025-08-01,472600.0,9438.52,0,Current,2,Active,N
LN-20510,2025-09-01,466060.09,9438.52,0,Current,2,Active,N
LN-20510,2025-10-01,459480.07,9438.52,37,30-59 Days,2,Active,Y
LN-20510,2025-11-01,452859.68,9438.52,33,30-59 Days,2,Active,N
LN-20510,2025-12-01,446198.7,9438.52,59,30-59 Days,2,Active,N
LN-20510,2026-01-01,439496.86,9438.52,40,30-59 Days,2,Active,N
LN-20510,2026-02-01,432753.92,9438.52,30,30-59 Days,2,Active,N
LN-20510,2026-03-01,425969.61,9438.52,0,Current,2,Active,N
LN-20510,2026-04-01,419143.7,9438.52,0,Current,2,Active,N
LN-20510,2026-05-01,412275.93,9438.52,0,Current,2,Active,N
LN-20510,2026-06-01,405366.03,9438.52,0,Current,2,Active,N
LN-20510,2026-07-01,398413.75,9438.52,0,Current,2,Active,N
LN-20511,2024-08-01,668124.57,9105.34,23,1-29 Days,3,Active,N
LN-20511,2024-09-01,662666.07,9105.34,29,1-29 Days,3,Active,N
LN-20511,2024-10-01,657177.78,9105.34,26,1-29 Days,3,Active,N
LN-20511,2024-11-01,651659.54,9105.34,0,Current,3,Active,N
LN-20511,2024-12-01,646111.17,9105.34,0,Current,3,Active,N
LN-20511,2025-01-01,640532.52,9105.34,59,30-59 Days,3,Active,Y
LN-20511,2025-02-01,634923.42,9105.34,32,30-59 Days,3,Active,N
LN-20511,2025-03-01,629283.7,9105.34,50,30-59 Days,3,Active,N
LN-20511,2025-04-01,623613.2,9105.34,48,30-59 Days,3,Active,N
LN-20511,2025-05-01,617911.75,9105.34,0,Current,3,Active,N
LN-20511,2025-06-01,612179.17,9105.34,0,Current,3,Active,N
LN-20511,2025-07-01,606415.31,9105.34,0,Current,3,Active,N
LN-20511,2025-08-01,600619.98,9105.34,0,Current,3,Active,N
LN-20511,2025-09-01,594793.03,9105.34,0,Current,3,Active,N
LN-20511,2025-10-01,588934.26,9105.34,1,1-29 Days,3,Active,Y
LN-20511,2025-11-01,583043.52,9105.34,0,Current,3,Active,N
LN-20511,2025-12-01,577120.63,9105.34,0,Current,3,Active,N
LN-20511,2026-01-01,571165.4,9105.34,0,Current,3,Active,N
LN-20511,2026-02-01,565177.67,9105.34,0,Current,3,Active,N
LN-20511,2026-03-01,559157.26,9105.34,27,1-29 Days,3,Active,Y
LN-20511,2026-04-01,553103.98,9105.34,27,1-29 Days,3,Active,N
LN-20511,2026-05-01,547017.67,9105.34,27,1-29 Days,3,Active,N
LN-20511,2026-06-01,540898.13,9105.34,17,1-29 Days,3,Active,N
LN-20511,2026-07-01,534745.19,9105.34,63,60-89 Days,4,Active,Y
LN-20512,2024-08-01,120617.88,864.43,55,30-59 Days,4,Active,N
LN-20512,2024-09-01,110103.12,789.07,51,30-59 Days,4,Active,N
LN-20512,2024-10-01,75564.39,541.54,42,30-59 Days,4,Active,N
LN-20512,2024-11-01,128114.5,918.15,38,30-59 Days,4,Active,N
LN-20512,2024-12-01,112436.32,805.79,0,Current,4,Active,N
LN-20512,2025-01-01,127443.45,913.34,209,90+ Days,4,Active,Y
LN-20512,2025-02-01,124903.86,895.14,153,90+ Days,4,Active,N
LN-20512,2025-03-01,172729.12,1237.89,110,90+ Days,4,Active,N
LN-20512,2025-04-01,187384.99,1342.93,195,90+ Days,4,Active,N
LN-20512,2025-05-01,122004.49,874.37,212,90+ Days,4,Active,N
LN-20512,2025-06-01,163871.1,1174.41,200,90+ Days,4,Active,N
LN-20512,2025-07-01,151810.48,1087.98,34,30-59 Days,4,Active,N
LN-20512,2025-08-01,149609.45,1072.2,59,30-59 Days,4,Active,N
LN-20512,2025-09-01,158210.79,1133.84,53,30-59 Days,4,Active,N
LN-20512,2025-10-01,103049.62,738.52,17,1-29 Days,4,Active,N
LN-20512,2025-11-01,82731.18,592.91,7,1-29 Days,4,Active,N
LN-20512,2025-12-01,38615.67,276.75,19,1-29 Days,4,Active,N
LN-20512,2026-01-01,94277.31,675.65,0,Current,4,Active,N
LN-20512,2026-02-01,144448.96,1035.22,0,Current,4,Active,N
LN-20512,2026-03-01,165166.3,1183.69,0,Current,4,Active,N
LN-20512,2026-04-01,177191.73,1269.87,0,Current,4,Active,N
LN-20512,2026-05-01,204940.26,1468.74,0,Current,4,Active,N
LN-20512,2026-06-01,112174.2,803.92,0,Current,4,Active,N
LN-20512,2026-07-01,149486.09,1071.32,40,30-59 Days,4,Active,Y
LN-20513,2026-03-01,261366.9,1664.04,16,1-29 Days,2,Active,N
LN-20513,2026-04-01,256116.95,1630.61,0,Current,2,Active,N
LN-20513,2026-05-01,245256.41,1561.47,0,Current,2,Active,N
LN-20513,2026-06-01,260668.05,1659.59,0,Current,2,Active,N
LN-20513,2026-07-01,173872.79,1106.99,0,Current,2,Active,N
LN-20514,2024-12-01,316200.0,6223.91,0,Current,2,Active,N
LN-20514,2025-01-01,311754.71,6223.91,0,Current,2,Active,N
LN-20514,2025-02-01,307284.42,6223.91,0,Current,2,Active,N
LN-20514,2025-03-01,302788.99,6223.91,0,Current,2,Active,N
LN-20514,2025-04-01,298268.27,6223.91,0,Current,2,Active,N
LN-20514,2025-05-01,293722.12,6223.91,0,Current,2,Active,N
LN-20514,2025-06-01,289150.39,6223.91,0,Current,2,Active,N
LN-20514,2025-07-01,284552.95,6223.91,0,Current,2,Active,N
LN-20514,2025-08-01,279929.65,6223.91,0,Current,2,Active,N
LN-20514,2025-09-01,275280.35,6223.91,0,Current,2,Active,N
LN-20514,2025-10-01,270604.89,6223.91,0,Current,2,Active,N
LN-20514,2025-11-01,265903.13,6223.91,0,Current,2,Active,N
LN-20514,2025-12-01,261174.93,6223.91,0,Current,2,Active,N
LN-20514,2026-01-01,256420.12,6223.91,0,Current,2,Active,N
LN-20514,2026-02-01,251638.58,6223.91,0,Current,2,Active,N
LN-20514,2026-03-01,246830.13,6223.91,0,Current,2,Active,N
LN-20514,2026-04-01,241994.64,6223.91,5,1-29 Days,2,Active,Y
LN-20514,2026-05-01,237131.95,6223.91,10,1-29 Days,2,Active,N
LN-20514,2026-06-01,232241.91,6223.91,4,1-29 Days,2,Active,N
LN-20514,2026-07-01,227324.36,6223.91,29,1-29 Days,2,Active,N
LN-20515,2024-08-01,125949.9,10140.21,0,Current,2,Active,N
LN-20515,2024-09-01,116637.81,10140.21,0,Current,2,Active,N
LN-20515,2024-10-01,107264.5,10140.21,0,Current,2,Active,N
LN-20515,2024-11-01,97829.55,10140.21,0,Current,2,Active,N
LN-20515,2024-12-01,88332.57,10140.21,0,Current,2,Active,N
LN-20515,2025-01-01,78773.15,10140.21,0,Current,2,Active,N
LN-20515,2025-02-01,69150.88,10140.21,0,Current,2,Active,N
LN-20515,2025-03-01,59465.33,10140.21,0,Current,2,Active,N
LN-20515,2025-04-01,49716.11,10140.21,0,Current,2,Active,N
LN-20515,2025-05-01,39902.78,10140.21,0,Current,2,Active,N
LN-20515,2025-06-01,30024.94,10140.21,0,Current,2,Active,N
LN-20515,2025-07-01,20082.14,10140.21,0,Current,2,Active,N
LN-20515,2025-08-01,10073.97,10140.21,0,Current,2,Active,N
LN-20516,2024-09-01,1243900.0,15085.37,0,Current,1,Active,N
LN-20516,2024-10-01,1237096.93,15085.37,0,Current,1,Active,N
LN-20516,2024-11-01,1230248.57,15085.37,0,Current,1,Active,N
LN-20516,2024-12-01,1223354.61,15085.37,0,Current,1,Active,N
LN-20516,2025-01-01,1216414.74,15085.37,0,Current,1,Active,N
LN-20516,2025-02-01,1209428.67,15085.37,0,Current,1,Active,N
LN-20516,2025-03-01,1202396.08,15085.37,0,Current,1,Active,N
LN-20516,2025-04-01,1195316.67,15085.37,0,Current,1,Active,N
LN-20516,2025-05-01,1188190.12,15085.37,0,Current,1,Active,N
LN-20516,2025-06-01,1181016.12,15085.37,0,Current,1,Active,N
LN-20516,2025-07-01,1173794.35,15085.37,0,Current,1,Active,N
LN-20516,2025-08-01,1166524.49,15085.37,0,Current,1,Active,N
LN-20516,2025-09-01,1159206.24,15085.37,0,Current,1,Active,N
LN-20516,2025-10-01,1151839.25,15085.37,0,Current,1,Active,N
LN-20516,2025-11-01,1144423.21,15085.37,0,Current,1,Active,N
LN-20516,2025-12-01,1136957.8,15085.37,0,Current,1,Active,N
LN-20516,2026-01-01,1129442.67,15085.37,0,Current,1,Active,N
LN-20516,2026-02-01,1121877.51,15085.37,0,Current,1,Active,N
LN-20516,2026-03-01,1114261.98,15085.37,0,Current,1,Active,N
LN-20516,2026-04-01,1106595.74,15085.37,0,Current,1,Active,N
LN-20516,2026-05-01,1098878.45,15085.37,0,Current,1,Active,N
LN-20516,2026-06-01,1091109.78,15085.37,0,Current,1,Active,N
LN-20516,2026-07-01,1083289.39,15085.37,0,Current,1,Active,N
LN-20517,2026-04-01,272957.82,1867.49,0,Current,1,Active,N
LN-20517,2026-05-01,292959.44,2004.33,0,Current,1,Active,N
LN-20517,2026-06-01,288880.83,1976.43,0,Current,1,Active,N
LN-20517,2026-07-01,160670.52,1099.25,0,Current,1,Active,N
LN-20518,2024-10-01,540100.0,8035.88,0,Current,3,Active,N
LN-20518,2024-11-01,535016.67,8035.88,0,Current,3,Active,N
LN-20518,2024-12-01,529905.55,8035.88,0,Current,3,Active,N
LN-20518,2025-01-01,524766.49,8035.88,0,Current,3,Active,N
LN-20518,2025-02-01,519599.33,8035.88,0,Current,3,Active,N
LN-20518,2025-03-01,514403.93,8035.88,0,Current,3,Active,N
LN-20518,2025-04-01,509180.13,8035.88,73,60-89 Days,4,Active,Y
LN-20518,2025-05-01,503927.76,8035.88,76,60-89 Days,4,Active,N
LN-20518,2025-06-01,498646.69,8035.88,88,60-89 Days,4,Active,N
LN-20518,2025-07-01,493336.75,8035.88,62,60-89 Days,4,Active,N
LN-20518,2025-08-01,487997.78,8035.88,70,60-89 Days,4,Active,N
LN-20518,2025-09-01,482629.62,8035.88,0,Current,3,Active,N
LN-20518,2025-10-01,477232.12,8035.88,0,Current,3,Active,N
LN-20518,2025-11-01,471805.11,8035.88,0,Current,3,Active,N
LN-20518,2025-12-01,466348.43,8035.88,0,Current,3,Active,N
LN-20518,2026-01-01,460861.92,8035.88,0,Current,3,Active,N
LN-20518,2026-02-01,455345.42,8035.88,0,Current,3,Active,N
LN-20518,2026-03-01,449798.77,8035.88,0,Current,3,Active,N
LN-20518,2026-04-01,444221.79,8035.88,0,Current,3,Active,N
LN-20518,2026-05-01,438614.32,8035.88,0,Current,3,Active,N
LN-20518,2026-06-01,432976.2,8035.88,0,Current,3,Active,N
LN-20518,2026-07-01,427307.26,8035.88,0,Current,3,Active,N
LN-20519,2024-08-01,1185254.53,18424.24,0,Current,3,Active,N
LN-20519,2024-09-01,1174080.11,18424.24,0,Current,3,Active,N
LN-20519,2024-10-01,1162837.33,18424.24,0,Current,3,Active,N
LN-20519,2024-11-01,1151525.78,18424.24,0,Current,3,Active,N
LN-20519,2024-12-01,1140145.04,18424.24,0,Current,3,Active,N
LN-20519,2025-01-01,1128694.69,18424.24,0,Current,3,Active,N
LN-20519,2025-02-01,1117174.31,18424.24,0,Current,3,Active,N
LN-20519,2025-03-01,1105583.46,18424.24,82,60-89 Days,4,Active,Y
LN-20519,2025-04-01,1093921.71,18424.24,0,Current,3,Active,N
LN-20519,2025-05-01,1082188.62,18424.24,0,Current,3,Active,N
LN-20519,2025-06-01,1070383.78,18424.24,0,Current,3,Active,N
LN-20519,2025-07-01,1058506.72,18424.24,0,Current,3,Active,N
LN-20519,2025-08-01,1046557.02,18424.24,0,Current,3,Active,N
LN-20519,2025-09-01,1034534.22,18424.24,0,Current,3,Active,N
LN-20519,2025-10-01,1022437.89,18424.24,0,Current,3,Active,N
LN-20519,2025-11-01,1010267.56,18424.24,0,Current,3,Active,N
LN-20519,2025-12-01,998022.8,18424.24,5,1-29 Days,3,Active,Y
LN-20519,2026-01-01,985703.14,18424.24,19,1-29 Days,3,Active,N
LN-20519,2026-02-01,973308.12,18424.24,146,90+ Days,4,Active,Y
LN-20519,2026-03-01,960837.28,18424.24,153,90+ Days,4,Active,N
LN-20519,2026-04-01,948290.17,18424.24,90,90+ Days,4,Active,N
LN-20519,2026-05-01,935666.31,18424.24,146,90+ Days,4,Active,N
LN-20519,2026-06-01,922965.23,18424.24,114,90+ Days,4,Active,N
LN-20519,2026-07-01,910186.47,18424.24,216,90+ Days,4,Active,N
LN-20520,2024-08-01,1035225.98,8232.16,0,Current,1,Active,N
LN-20520,2024-09-01,1032998.13,8232.16,0,Current,1,Active,N
LN-20520,2024-10-01,1030757.37,8232.16,0,Current,1,Active,N
LN-20520,2024-11-01,1028503.61,8232.16,0,Current,1,Active,N
LN-20520,2024-12-01,1026236.77,8232.16,0,Current,1,Active,N
LN-20520,2025-01-01,1023956.79,8232.16,0,Current,1,Active,N
LN-20520,2025-02-01,1021663.58,8232.16,0,Current,1,Active,N
LN-20520,2025-03-01,1019357.08,8232.16,0,Current,1,Active,N
LN-20520,2025-04-01,1017037.19,8232.16,0,Current,1,Active,N
LN-20520,2025-05-01,1014703.85,8232.16,0,Current,1,Active,N
LN-20520,2025-06-01,1012356.98,8232.16,0,Current,1,Active,N
LN-20520,2025-07-01,1009996.5,8232.16,0,Current,1,Active,N
LN-20520,2025-08-01,1007622.32,8232.16,0,Current,1,Active,N
LN-20520,2025-09-01,1005234.37,8232.16,0,Current,1,Active,N
LN-20520,2025-10-01,1002832.58,8232.16,0,Current,1,Active,N
LN-20520,2025-11-01,1000416.85,8232.16,0,Current,1,Active,N
LN-20520,2025-12-01,997987.11,8232.16,0,Current,1,Active,N
LN-20520,2026-01-01,995543.28,8232.16,0,Current,1,Active,N
LN-20520,2026-02-01,993085.28,8232.16,0,Current,1,Active,N
LN-20520,2026-03-01,990613.02,8232.16,0,Current,1,Active,N
LN-20520,2026-04-01,988126.42,8232.16,0,Current,1,Active,N
LN-20520,2026-05-01,985625.4,8232.16,0,Current,1,Active,N
LN-20520,2026-06-01,983109.87,8232.16,0,Current,1,Active,N
LN-20520,2026-07-01,980579.75,8232.16,0,Current,1,Active,N
LN-20521,2024-08-01,165128.5,1157.28,5,1-29 Days,3,Active,N
LN-20521,2024-09-01,158667.87,1112.0,11,1-29 Days,3,Active,N
LN-20521,2024-10-01,129877.39,910.22,13,1-29 Days,3,Active,N
LN-20521,2024-11-01,105030.86,736.09,13,1-29 Days,3,Active,N
LN-20521,2024-12-01,131588.16,922.21,29,1-29 Days,3,Active,N
LN-20521,2025-01-01,134064.57,939.57,1,1-29 Days,3,Active,N
LN-20521,2025-02-01,139799.99,979.76,15,1-29 Days,3,Active,N
LN-20521,2025-03-01,261726.15,1834.26,7,1-29 Days,3,Active,N
LN-20521,2025-04-01,282583.87,1980.44,15,1-29 Days,3,Active,N
LN-20521,2025-05-01,188481.76,1320.94,5,1-29 Days,3,Active,N
LN-20521,2025-06-01,236163.05,1655.11,3,1-29 Days,3,Active,N
LN-20521,2025-07-01,204412.52,1432.59,0,Current,3,Active,N
LN-20521,2025-08-01,211462.76,1482.0,0,Current,3,Active,N
LN-20521,2025-09-01,127129.18,890.96,0,Current,3,Active,N
LN-20521,2025-10-01,136435.97,956.19,0,Current,3,Active,N
LN-20521,2025-11-01,139596.17,978.34,0,Current,3,Active,N
LN-20521,2025-12-01,122398.91,857.81,0,Current,3,Active,N
LN-20521,2026-01-01,157385.92,1103.01,0,Current,3,Active,N
LN-20521,2026-02-01,219084.89,1535.42,0,Current,3,Active,N
LN-20521,2026-03-01,220027.73,1542.03,0,Current,3,Active,N
LN-20521,2026-04-01,276807.19,1939.96,0,Current,3,Active,N
LN-20521,2026-05-01,256946.84,1800.77,0,Current,3,Active,N
LN-20521,2026-06-01,290730.04,2037.53,0,Current,3,Active,N
LN-20521,2026-07-01,177120.09,1241.32,0,Current,3,Active,N
LN-20522,2024-08-01,362608.53,5793.78,0,Current,1,Active,N
LN-20522,2024-09-01,359207.96,5793.78,0,Current,1,Active,N
LN-20522,2024-10-01,355784.95,5793.78,0,Current,1,Active,N
LN-20522,2024-11-01,352339.35,5793.78,0,Current,1,Active,N
LN-20522,2024-12-01,348871.01,5793.78,0,Current,1,Active,N
LN-20522,2025-01-01,345379.78,5793.78,0,Current,1,Active,N
LN-20522,2025-02-01,341865.5,5793.78,0,Current,1,Active,N
LN-20522,2025-03-01,338328.03,5793.78,0,Current,1,Active,N
LN-20522,2025-04-01,334767.22,5793.78,0,Current,1,Active,N
LN-20522,2025-05-01,331182.9,5793.78,0,Current,1,Active,N
LN-20522,2025-06-01,327574.92,5793.78,0,Current,1,Active,N
LN-20522,2025-07-01,323943.14,5793.78,0,Current,1,Active,N
LN-20522,2025-08-01,320287.38,5793.78,0,Current,1,Active,N
LN-20522,2025-09-01,316607.5,5793.78,0,Current,1,Active,N
LN-20522,2025-10-01,312903.32,5793.78,0,Current,1,Active,N
LN-20522,2025-11-01,309174.71,5793.78,0,Current,1,Active,N
LN-20522,2025-12-01,305421.48,5793.78,0,Current,1,Active,N
LN-20522,2026-01-01,301643.48,5793.78,0,Current,1,Active,N
LN-20522,2026-02-01,297840.54,5793.78,0,Current,1,Active,N
LN-20522,2026-03-01,294012.51,5793.78,0,Current,1,Active,N
LN-20522,2026-04-01,290159.21,5793.78,0,Current,1,Active,N
LN-20522,2026-05-01,286280.48,5793.78,0,Current,1,Active,N
LN-20522,2026-06-01,282376.15,5793.78,0,Current,1,Active,N
LN-20522,2026-07-01,278446.05,5793.78,0,Current,1,Active,N
LN-20523,2026-03-01,592700.0,9070.53,0,Current,2,Active,N
LN-20523,2026-04-01,587299.27,9070.53,5,1-29 Days,2,Active,Y
LN-20523,2026-05-01,581865.1,9070.53,7,1-29 Days,2,Active,N
LN-20523,2026-06-01,576397.28,9070.53,0,Current,2,Active,N
LN-20523,2026-07-01,570895.6,9070.53,0,Current,2,Active,N
LN-20524,2024-08-01,507840.12,3586.92,0,Current,2,Active,N
LN-20524,2024-09-01,506982.84,3586.92,0,Current,2,Active,N
LN-20524,2024-10-01,506120.95,3586.92,0,Current,2,Active,N
LN-20524,2024-11-01,505254.42,3586.92,0,Current,2,Active,N
LN-20524,2024-12-01,504383.24,3586.92,0,Current,2,Active,N
LN-20524,2025-01-01,503507.38,3586.92,0,Current,2,Active,N
LN-20524,2025-02-01,502626.8,3586.92,0,Current,2,Active,N
LN-20524,2025-03-01,501741.5,3586.92,0,Current,2,Active,N
LN-20524,2025-04-01,500851.44,3586.92,0,Current,2,Active,N
LN-20524,2025-05-01,499956.59,3586.92,0,Current,2,Active,N
LN-20524,2025-06-01,499056.93,3586.92,0,Current,2,Active,N
LN-20524,2025-07-01,498152.44,3586.92,0,Current,2,Active,N
LN-20524,2025-08-01,497243.08,3586.92,0,Current,2,Active,N
LN-20524,2025-09-01,496328.84,3586.92,0,Current,2,Active,N
LN-20524,2025-10-01,495409.69,3586.92,0,Current,2,Active,N
LN-20524,2025-11-01,494485.59,3586.92,0,Current,2,Active,N
LN-20524,2025-12-01,493556.52,3586.92,0,Current,2,Active,N
LN-20524,2026-01-01,492622.47,3586.92,0,Current,2,Active,N
LN-20524,2026-02-01,491683.39,3586.92,0,Current,2,Active,N
LN-20524,2026-03-01,490739.26,3586.92,0,Current,2,Active,N
LN-20524,2026-04-01,489790.06,3586.92,0,Current,2,Active,N
LN-20524,2026-05-01,488835.76,3586.92,0,Current,2,Active,N
LN-20524,2026-06-01,487876.33,3586.92,0,Current,2,Active,N
LN-20524,2026-07-01,486911.74,3586.92,0,Current,2,Active,N
LN-20525,2024-08-01,138271.21,1016.29,0,Current,1,Active,N
LN-20525,2024-09-01,124248.67,913.23,0,Current,1,Active,N
LN-20525,2024-10-01,73223.73,538.19,0,Current,1,Active,N
LN-20525,2024-11-01,80940.23,594.91,0,Current,1,Active,N
LN-20525,2024-12-01,73276.2,538.58,0,Current,1,Active,N
LN-20525,2025-01-01,107287.39,788.56,0,Current,1,Active,N
LN-20525,2025-02-01,85552.99,628.81,0,Current,1,Active,N
LN-20525,2025-03-01,136543.56,1003.6,0,Current,1,Active,N
LN-20525,2025-04-01,206415.47,1517.15,0,Current,1,Active,N
LN-20525,2025-05-01,172330.98,1266.63,0,Current,1,Active,N
LN-20525,2025-06-01,148579.63,1092.06,0,Current,1,Active,N
LN-20525,2025-07-01,101389.72,745.21,0,Current,1,Active,N
LN-20525,2025-08-01,84822.66,623.45,0,Current,1,Active,N
LN-20525,2025-09-01,115739.76,850.69,0,Current,1,Active,N
LN-20525,2025-10-01,78498.31,576.96,0,Current,1,Active,N
LN-20525,2025-11-01,89563.39,658.29,0,Current,1,Active,N
LN-20525,2025-12-01,80478.9,591.52,0,Current,1,Active,N
LN-20525,2026-01-01,74105.01,544.67,0,Current,1,Active,N
LN-20525,2026-02-01,132121.46,971.09,0,Current,1,Active,N
LN-20525,2026-03-01,209419.92,1539.24,0,Current,1,Active,N
LN-20525,2026-04-01,148609.72,1092.28,0,Current,1,Active,N
LN-20525,2026-05-01,181084.88,1330.97,0,Current,1,Active,N
LN-20525,2026-06-01,163575.65,1202.28,0,Current,1,Active,N
LN-20525,2026-07-01,125518.18,922.56,0,Current,1,Active,N
LN-20526,2026-02-01,155342.27,930.76,0,Current,2,Active,N
LN-20526,2026-03-01,181521.76,1087.62,0,Current,2,Active,N
LN-20526,2026-04-01,215177.76,1289.27,0,Current,2,Active,N
LN-20526,2026-05-01,214805.13,1287.04,0,Current,2,Active,N
LN-20526,2026-06-01,176618.96,1058.24,0,Current,2,Active,N
LN-20526,2026-07-01,160963.86,964.44,0,Current,2,Active,N
LN-20527,2024-08-01,173475.65,1236.01,0,Current,2,Active,N
LN-20527,2024-09-01,142967.71,1018.64,0,Current,2,Active,N
LN-20527,2024-10-01,134787.13,960.36,0,Current,2,Active,N
LN-20527,2024-11-01,100472.42,715.87,0,Current,2,Active,N
LN-20527,2024-12-01,89068.76,634.61,0,Current,2,Active,N
LN-20527,2025-01-01,136391.98,971.79,0,Current,2,Active,N
LN-20527,2025-02-01,153325.28,1092.44,0,Current,2,Active,N
LN-20527,2025-03-01,220680.61,1572.35,0,Current,2,Active,N
LN-20527,2025-04-01,225323.05,1605.43,0,Current,2,Active,N
LN-20527,2025-05-01,231614.45,1650.25,0,Current,2,Active,N
LN-20527,2025-06-01,208757.68,1487.4,0,Current,2,Active,N
LN-20527,2025-07-01,162342.3,1156.69,0,Current,2,Active,N
LN-20527,2025-08-01,113799.43,810.82,0,Current,2,Active,N
LN-20527,2025-09-01,136499.0,972.56,0,Current,2,Active,N
LN-20527,2025-10-01,132891.9,946.85,0,Current,2,Active,N
LN-20527,2025-11-01,147853.15,1053.45,0,Current,2,Active,N
LN-20527,2025-12-01,114931.97,818.89,0,Current,2,Active,N
LN-20527,2026-01-01,158434.09,1128.84,0,Current,2,Active,N
LN-20527,2026-02-01,204500.34,1457.06,0,Current,2,Active,N
LN-20527,2026-03-01,198786.54,1416.35,0,Current,2,Active,N
LN-20527,2026-04-01,247600.35,1764.15,0,Current,2,Active,N
LN-20527,2026-05-01,140342.67,999.94,0,Current,2,Active,N
LN-20527,2026-06-01,274045.12,1952.57,0,Current,2,Active,N
LN-20527,2026-07-01,214522.63,1528.47,0,Current,2,Active,N
LN-20528,2026-04-01,1771400.0,10920.3,0,Current,3,Active,N
LN-20528,2026-05-01,1768657.66,10920.3,0,Current,3,Active,N
LN-20528,2026-06-01,1765902.66,10920.3,0,Current,3,Active,N
LN-20528,2026-07-01,1763134.95,10920.3,0,Current,3,Active,N
LN-20529,2024-08-01,707655.26,15166.25,72,60-89 Days,4,Active,N
LN-20529,2024-09-01,696351.62,15166.25,0,Current,4,Active,N
LN-20529,2024-10-01,684986.29,15166.25,0,Current,4,Active,N
LN-20529,2024-11-01,673558.93,15166.25,0,Current,4,Active,N
LN-20529,2024-12-01,662069.19,15166.25,0,Current,4,Active,N
LN-20529,2025-01-01,650516.73,15166.25,15,1-29 Days,4,Active,Y
LN-20529,2025-02-01,638901.22,15166.25,15,1-29 Days,4,Active,N
LN-20529,2025-03-01,627222.3,15166.25,0,Current,4,Active,N
LN-20529,2025-04-01,615479.64,15166.25,36,30-59 Days,4,Active,Y
LN-20529,2025-05-01,603672.88,15166.25,37,30-59 Days,4,Active,N
LN-20529,2025-06-01,591801.68,15166.25,37,30-59 Days,4,Active,N
LN-20529,2025-07-01,579865.68,15166.25,0,Current,4,Active,N
LN-20529,2025-08-01,567864.53,15166.25,0,Current,4,Active,N
LN-20529,2025-09-01,555797.88,15166.25,0,Current,4,Active,N
LN-20529,2025-10-01,543665.36,15166.25,0,Current,4,Active,N
LN-20529,2025-11-01,531466.61,15166.25,0,Current,4,Active,N
LN-20529,2025-12-01,519201.28,15166.25,0,Current,4,Active,N
LN-20529,2026-01-01,506869.01,15166.25,0,Current,4,Active,N
LN-20529,2026-02-01,494469.42,15166.25,0,Current,4,Active,N
LN-20529,2026-03-01,482002.15,15166.25,0,Current,4,Active,N
LN-20529,2026-04-01,469466.82,15166.25,0,Current,4,Active,N
LN-20529,2026-05-01,456863.08,15166.25,0,Current,4,Active,N
LN-20529,2026-06-01,444190.54,15166.25,0,Current,4,Active,N
LN-20529,2026-07-01,431448.83,15166.25,0,Current,4,Active,N
LN-20530,2024-08-01,1651155.29,13123.89,0,Current,4,Active,N
LN-20530,2024-09-01,1646837.56,13123.89,0,Current,4,Active,N
LN-20530,2024-10-01,1642496.81,13123.89,25,1-29 Days,4,Active,Y
LN-20530,2024-11-01,1638132.9,13123.89,18,1-29 Days,4,Active,N
LN-20530,2024-12-01,1633745.72,13123.89,8,1-29 Days,4,Active,N
LN-20530,2025-01-01,1629335.14,13123.89,63,60-89 Days,4,Active,Y
LN-20530,2025-02-01,1624901.03,13123.89,75,60-89 Days,4,Active,N
LN-20530,2025-03-01,1620443.28,13123.89,0,Current,4,Active,N
LN-20530,2025-04-01,1615961.76,13123.89,0,Current,4,Active,N
LN-20530,2025-05-01,1611456.33,13123.89,8,1-29 Days,4,Active,Y
LN-20530,2025-06-01,1606926.87,13123.89,25,1-29 Days,4,Active,N
LN-20530,2025-07-01,1602373.26,13123.89,8,1-29 Days,4,Active,N
LN-20530,2025-08-01,1597795.36,13123.89,27,1-29 Days,4,Active,N
LN-20530,2025-09-01,1593193.04,13123.89,21,1-29 Days,4,Active,N
LN-20530,2025-10-01,1588566.18,13123.89,1,1-29 Days,4,Active,N
LN-20530,2025-11-01,1583914.65,13123.89,0,Current,4,Active,N
LN-20530,2025-12-01,1579238.3,13123.89,0,Current,4,Active,N
LN-20530,2026-01-01,1574537.01,13123.89,0,Current,4,Active,N
LN-20530,2026-02-01,1569810.66,13123.89,0,Current,4,Active,N
LN-20530,2026-03-01,1565059.09,13123.89,0,Current,4,Active,N
LN-20530,2026-04-01,1560282.18,13123.89,0,Current,4,Active,N
LN-20530,2026-05-01,1555479.79,13123.89,0,Current,4,Active,N
LN-20530,2026-06-01,1550651.8,13123.89,0,Current,4,Active,N
LN-20530,2026-07-01,1545798.05,13123.89,0,Current,4,Active,N
LN-20531,2025-12-01,460700.0,9409.83,0,Current,1,Active,N
LN-20531,2026-01-01,454480.51,9409.83,0,Current,1,Active,N
LN-20531,2026-02-01,448217.96,9409.83,0,Current,1,Active,N
LN-20531,2026-03-01,441912.03,9409.83,0,Current,1,Active,N
LN-20531,2026-04-01,435562.44,9409.83,0,Current,1,Active,N
LN-20531,2026-05-01,429168.87,9409.83,0,Current,1,Active,N
LN-20531,2026-06-01,422731.03,9409.83,0,Current,1,Active,N
LN-20531,2026-07-01,416248.61,9409.83,0,Current,1,Active,N
LN-20532,2025-07-01,1138900.0,13811.98,0,Current,2,Active,N
LN-20532,2025-08-01,1132671.19,13811.98,0,Current,2,Active,N
LN-20532,2025-09-01,1126400.91,13811.98,0,Current,2,Active,N
LN-20532,2025-10-01,1120088.88,13811.98,0,Current,2,Active,N
LN-20532,2025-11-01,1113734.83,13811.98,0,Current,2,Active,N
LN-20532,2025-12-01,1107338.46,13811.98,0,Current,2,Active,N
LN-20532,2026-01-01,1100899.51,13811.98,0,Current,2,Active,N
LN-20532,2026-02-01,1094417.68,13811.98,0,Current,2,Active,N
LN-20532,2026-03-01,1087892.7,13811.98,0,Current,2,Active,N
LN-20532,2026-04-01,1081324.27,13811.98,0,Current,2,Active,N
LN-20532,2026-05-01,1074712.1,13811.98,0,Current,2,Active,N
LN-20532,2026-06-01,1068055.91,13811.98,0,Current,2,Active,N
LN-20532,2026-07-01,1061355.4,13811.98,0,Current,2,Active,N
LN-20533,2025-11-01,446400.0,6908.86,0,Current,2,Active,N
LN-20533,2025-12-01,442385.3,6908.86,0,Current,2,Active,N
LN-20533,2026-01-01,438344.57,6908.86,0,Current,2,Active,N
LN-20533,2026-02-01,434277.65,6908.86,0,Current,2,Active,N
LN-20533,2026-03-01,430184.36,6908.86,0,Current,2,Active,N
LN-20533,2026-04-01,426064.53,6908.86,0,Current,2,Active,N
LN-20533,2026-05-01,421917.99,6908.86,0,Current,2,Active,N
LN-20533,2026-06-01,417744.56,6908.86,0,Current,2,Active,N
LN-20533,2026-07-01,413544.08,6908.86,0,Current,2,Active,N
LN-20534,2026-03-01,839600.0,9597.69,0,Current,2,Active,N
LN-20534,2026-04-01,834655.09,9597.69,0,Current,2,Active,N
LN-20534,2026-05-01,829682.78,9597.69,0,Current,2,Active,N
LN-20534,2026-06-01,824682.91,9597.69,0,Current,2,Active,N
LN-20534,2026-07-01,819655.34,9597.69,0,Current,2,Active,N
LN-20535,2024-08-01,1212480.49,10390.01,0,Current,1,Active,N
LN-20535,2024-09-01,1207688.1,10390.01,0,Current,1,Active,N
LN-20535,2024-10-01,1202873.58,10390.01,0,Current,1,Active,N
LN-20535,2024-11-01,1198036.84,10390.01,0,Current,1,Active,N
LN-20535,2024-12-01,1193177.77,10390.01,0,Current,1,Active,N
LN-20535,2025-01-01,1188296.26,10390.01,0,Current,1,Active,N
LN-20535,2025-02-01,1183392.22,10390.01,0,Current,1,Active,N
LN-20535,2025-03-01,1178465.54,10390.01,0,Current,1,Active,N
LN-20535,2025-04-01,1173516.11,10390.01,0,Current,1,Active,N
LN-20535,2025-05-01,1168543.83,10390.01,0,Current,1,Active,N
LN-20535,2025-06-01,1163548.6,10390.01,0,Current,1,Active,N
LN-20535,2025-07-01,1158530.3,10390.01,0,Current,1,Active,N
LN-20535,2025-08-01,1153488.84,10390.01,0,Current,1,Active,N
LN-20535,2025-09-01,1148424.1,10390.01,0,Current,1,Active,N
LN-20535,2025-10-01,1143335.99,10390.01,0,Current,1,Active,N
LN-20535,2025-11-01,1138224.38,10390.01,0,Current,1,Active,N
LN-20535,2025-12-01,1133089.17,10390.01,0,Current,1,Active,N
LN-20535,2026-01-01,1127930.25,10390.01,0,Current,1,Active,N
LN-20535,2026-02-01,1122747.52,10390.01,0,Current,1,Active,N
LN-20535,2026-03-01,1117540.86,10390.01,0,Current,1,Active,N
LN-20535,2026-04-01,1112310.17,10390.01,0,Current,1,Active,N
LN-20535,2026-05-01,1107055.32,10390.01,0,Current,1,Active,N
LN-20535,2026-06-01,1101776.22,10390.01,0,Current,1,Active,N
LN-20535,2026-07-01,1096472.74,10390.01,0,Current,1,Active,N
LN-20536,2024-08-01,459621.58,4134.65,0,Current,2,Active,N
LN-20536,2024-09-01,457892.29,4134.65,0,Current,2,Active,N
LN-20536,2024-10-01,456153.94,4134.65,0,Current,2,Active,N
LN-20536,2024-11-01,454406.49,4134.65,0,Current,2,Active,N
LN-20536,2024-12-01,452649.91,4134.65,0,Current,2,Active,N
LN-20536,2025-01-01,450884.12,4134.65,0,Current,2,Active,N
LN-20536,2025-02-01,449109.1,4134.65,0,Current,2,Active,N
LN-20536,2025-03-01,447324.79,4134.65,0,Current,2,Active,N
LN-20536,2025-04-01,445531.14,4134.65,0,Current,2,Active,N
LN-20536,2025-05-01,443728.1,4134.65,0,Current,2,Active,N
LN-20536,2025-06-01,441915.63,4134.65,0,Current,2,Active,N
LN-20536,2025-07-01,440093.67,4134.65,0,Current,2,Active,N
LN-20536,2025-08-01,438262.18,4134.65,0,Current,2,Active,N
LN-20536,2025-09-01,436421.1,4134.65,6,1-29 Days,2,Active,Y
LN-20536,2025-10-01,434570.39,4134.65,28,1-29 Days,2,Active,N
LN-20536,2025-11-01,432709.99,4134.65,25,1-29 Days,2,Active,N
LN-20536,2025-12-01,430839.85,4134.65,21,1-29 Days,2,Active,N
LN-20536,2026-01-01,428959.93,4134.65,14,1-29 Days,2,Active,N
LN-20536,2026-02-01,427070.17,4134.65,9,1-29 Days,2,Active,N
LN-20536,2026-03-01,425170.52,4134.65,25,1-29 Days,2,Active,N
LN-20536,2026-04-01,423260.93,4134.65,19,1-29 Days,2,Active,N
LN-20536,2026-05-01,421341.35,4134.65,17,1-29 Days,2,Active,N
LN-20536,2026-06-01,419411.72,4134.65,28,1-29 Days,2,Active,N
LN-20536,2026-07-01,417471.99,4134.65,0,Current,2,Active,N
LN-20537,2025-09-01,957000.0,15059.45,0,Current,2,Active,N
LN-20537,2025-10-01,948559.8,15059.45,0,Current,2,Active,N
LN-20537,2025-11-01,940061.23,15059.45,0,Current,2,Active,N
LN-20537,2025-12-01,931503.88,15059.45,0,Current,2,Active,N
LN-20537,2026-01-01,922887.33,15059.45,0,Current,2,Active,N
LN-20537,2026-02-01,914211.19,15059.45,0,Current,2,Active,N
LN-20537,2026-03-01,905475.04,15059.45,0,Current,2,Active,N
LN-20537,2026-04-01,896678.46,15059.45,25,1-29 Days,2,Active,Y
LN-20537,2026-05-01,887821.04,15059.45,26,1-29 Days,2,Active,N
LN-20537,2026-06-01,878902.36,15059.45,2,1-29 Days,2,Active,N
LN-20537,2026-07-01,869921.99,15059.45,0,Current,2,Active,N
LN-20538,2024-08-01,58600.41,354.04,24,1-29 Days,2,Active,N
LN-20538,2024-09-01,59171.12,357.49,14,1-29 Days,2,Active,N
LN-20538,2024-10-01,67177.74,405.87,14,1-29 Days,2,Active,N
LN-20538,2024-11-01,49123.04,296.79,5,1-29 Days,2,Active,N
LN-20538,2024-12-01,73844.48,446.14,0,Current,2,Active,N
LN-20538,2025-01-01,80084.05,483.84,0,Current,2,Active,N
LN-20538,2025-02-01,96663.99,584.01,0,Current,2,Active,N
LN-20538,2025-03-01,109737.16,663.0,0,Current,2,Active,N
LN-20538,2025-04-01,114816.07,693.68,0,Current,2,Active,N
LN-20538,2025-05-01,116535.84,704.07,0,Current,2,Active,N
LN-20538,2025-06-01,107060.35,646.82,0,Current,2,Active,N
LN-20538,2025-07-01,85548.29,516.85,0,Current,2,Active,N
LN-20538,2025-08-01,67533.07,408.01,0,Current,2,Active,N
LN-20538,2025-09-01,54112.63,326.93,0,Current,2,Active,N
LN-20538,2025-10-01,58599.91,354.04,0,Current,2,Active,N
LN-20538,2025-11-01,53050.55,320.51,0,Current,2,Active,N
LN-20538,2025-12-01,43668.44,263.83,0,Current,2,Active,N
LN-20538,2026-01-01,80640.82,487.2,0,Current,2,Active,N
LN-20538,2026-02-01,80699.37,487.56,0,Current,2,Active,N
LN-20538,2026-03-01,120237.99,726.44,0,Current,2,Active,N
LN-20538,2026-04-01,130483.13,788.34,0,Current,2,Active,N
LN-20538,2026-05-01,100169.84,605.19,0,Current,2,Active,N
LN-20538,2026-06-01,103122.96,623.03,0,Current,2,Active,N
LN-20538,2026-07-01,69336.9,418.91,0,Current,2,Active,N
LN-20539,2024-08-01,614640.71,14452.41,0,Current,4,Active,N
LN-20539,2024-09-01,604209.07,14452.41,0,Current,4,Active,N
LN-20539,2024-10-01,593709.2,14452.41,0,Current,4,Active,N
LN-20539,2024-11-01,583140.63,14452.41,0,Current,4,Active,N
LN-20539,2024-12-01,572502.94,14452.41,0,Current,4,Active,N
LN-20539,2025-01-01,561795.65,14452.41,0,Current,4,Active,N
LN-20539,2025-02-01,551018.32,14452.41,0,Current,4,Active,N
LN-20539,2025-03-01,540170.49,14452.41,0,Current,4,Active,N
LN-20539,2025-04-01,529251.69,14452.41,0,Current,4,Active,N
LN-20539,2025-05-01,518261.47,14452.41,226,90+ Days,4,Active,Y
LN-20539,2025-06-01,507199.36,14452.41,210,90+ Days,4,Active,N
LN-20539,2025-07-01,496064.88,14452.41,211,90+ Days,4,Active,N
LN-20539,2025-08-01,484857.56,14452.41,102,90+ Days,4,Active,N
LN-20539,2025-09-01,473576.93,14452.41,112,90+ Days,4,Active,N
LN-20539,2025-10-01,462222.5,14452.41,4,1-29 Days,4,Active,N
LN-20539,2025-11-01,450793.79,14452.41,2,1-29 Days,4,Active,N
LN-20539,2025-12-01,439290.33,14452.41,2,1-29 Days,4,Active,N
LN-20539,2026-01-01,427711.61,14452.41,72,60-89 Days,4,Active,Y
LN-20539,2026-02-01,416057.15,14452.41,0,Current,4,Active,N
LN-20539,2026-03-01,404326.44,14452.41,0,Current,4,Active,N
LN-20539,2026-04-01,392519.0,14452.41,0,Current,4,Active,N
LN-20539,2026-05-01,380634.32,14452.41,0,Current,4,Active,N
LN-20539,2026-06-01,368671.89,14452.41,0,Current,4,Active,N
LN-20539,2026-07-01,356631.21,14452.41,15,1-29 Days,4,Active,Y
